<author lang="en">
	<documents>
		<document><![CDATA[@richardosman is this #fakenews ??]]></document>
		<document><![CDATA[Another brilliant #AntiTrump protest banner https://t.co/mYeM37HB0n]]></document>
		<document><![CDATA[@jemma_tweets @JamieRoss7 proud to be Scottish ❤️]]></document>
		<document><![CDATA[Classic Scotttish sentiment at #AntiTrump protest in Edinburgh 👍😂👏🙌 https://t.co/yeGexz15h6]]></document>
		<document><![CDATA[Why oh why has @MulberryEngland sale stopped today, some of us don't get paid until tomorrow 😭😭 #salefail #wantedthatclifton]]></document>
		<document><![CDATA[@julesmclean19 can't type - yiibget the jist! Speaking of Dubai - my Dad arrives today for a week!]]></document>
		<document><![CDATA[@julesmclean19 make sure your I'm there 😀😀]]></document>
		<document><![CDATA[@julesmclean19 the time you put through a £100 bottle of champagne on company credit card on hogmany by accident 😂😂]]></document>
		<document><![CDATA[@julesmclean19 another Dubai classic - sack the photographer though! https://t.co/wz5KhvH0lA]]></document>
		<document><![CDATA[@Lunchquest unnecessary snowwear hehe. Salopettes and goggles?]]></document>
		<document><![CDATA[@Podcastard @gregjames the cheese &amp; wine evening failed to materialise so maybe a Cheeseball Tournament should be considered...]]></document>
		<document><![CDATA[@HelloTerriLowe the metro also seems to work in the same way... 😀]]></document>
		<document><![CDATA[I #ScrumTogether with @DoveMen to win #SCOvIRE RBS 6 Nations tickets. Pick your match by 8pm &amp; you could too https://t.co/jqPgJUxrOA]]></document>
		<document><![CDATA[Happy Australia Day Oz peeps https://t.co/RXfsi9Nz8N]]></document>
		<document><![CDATA[@Yahoo why are there issues loading Yahoo mail pretty much every week 🙄 I'd move to gmail if I could be bothered with the hassle.]]></document>
		<document><![CDATA[@EliGP @Motorsport weirdly read that headline as Bernie is replaced by Mariah Carey 😮😮]]></document>
		<document><![CDATA[@Jolloy23 give it another go! Go on...]]></document>
		<document><![CDATA[@julesmclean19 this came up in my FB feed! 9 years ago... https://t.co/EbBbxWlx6W]]></document>
		<document><![CDATA[Seeing all these amazing marches on the news &amp; twitter makes me really wish I'd been involved! #WomensMarch #proud]]></document>
		<document><![CDATA[Do you think this will fit in our living room? #bigchair #designmuseum #copenhagen https://t.co/zOt1nXk38J]]></document>
		<document><![CDATA[Any #Copenhagen recommendations welcome... #shopping #bars #restaurants #secrethotspots]]></document>
		<document><![CDATA[It's 4.22 and it's still bright outside #springiscoming #optimistic]]></document>
		<document><![CDATA[@EdinburghRR expecting a link to actual interview 😕]]></document>
		<document><![CDATA[@julesmclean19 trying to think of suitable # for upcoming Copenhagen trip. So far... #copaloadof40 s'not catchy 😐]]></document>
		<document><![CDATA[Watched first episode of #TheOA - feel most discombobulated 😕😶]]></document>
		<document><![CDATA[My Mum's quote of tonight's telephone chat. We were second off the plane after Michael Flatley...]]></document>
		<document><![CDATA[@vinmc1 @acowan70 scorching]]></document>
		<document><![CDATA[Anyone else finding weather chat in the office tedious. Literally cannot listen to any more... #weatherchat… https://t.co/NRbfjxJ4rV]]></document>
		<document><![CDATA[@brianjaffa @edfests would be nice if they went for better quality and less  tacky.]]></document>
		<document><![CDATA[Pretty spot on! https://t.co/NsTtNov0QR]]></document>
		<document><![CDATA[One week today until Copenhagen 😀 Only one week left in my 30s 🙈😕]]></document>
		<document><![CDATA[@Michelle_1501 @acowan70 @camylyall @JonGrosse @vinmc1 @tcastle101 remind you of anyone? https://t.co/LzNyc2yS6K]]></document>
		<document><![CDATA[@julesmclean19 @benbagguley had a near miss last night as one half got wedged in the toaster 😧]]></document>
		<document><![CDATA[@studiomister blytheswood Sq if you're feeling flush... got a nice spa too (so I hear)]]></document>
		<document><![CDATA[Do we consider this too early to buy hot cross buns? #askingforafriend 😏]]></document>
		<document><![CDATA[@NotRollergirl running so bad for your joints... (does that help?)]]></document>
		<document><![CDATA[@richardosman @childsi did I miss a World Cup of Chocolate???]]></document>
		<document><![CDATA[Feeling 😔 as this guy has gone home https://t.co/EvhgT50RKQ]]></document>
		<document><![CDATA[@SoopClick let's recreate this tomorrow 😀😂 https://t.co/625PPCxblw]]></document>
		<document><![CDATA[@thelikelylady exactly my thoughts.... have I made a mistake??]]></document>
		<document><![CDATA[True story! https://t.co/MToybtOLAX]]></document>
		<document><![CDATA[I feel like Paulo is playing this gig in my living room it's so loud..... hmm wish he was 😏 #edhogmanay #paulonutini #Edinburgh]]></document>
		<document><![CDATA[@julesmclean19 @salthorsebar @GandVHotel @Tonic34a not made it to the Dome yet? Hehe]]></document>
		<document><![CDATA[@julesmclean19 @benbagguley the doggy https://t.co/VSkwaj8XvC]]></document>
		<document><![CDATA[@ThatEricAlper Smash Hits lyric pullout 😀]]></document>
		<document><![CDATA[@vinmc1 carry on films https://t.co/mm9AmRNwP6]]></document>
		<document><![CDATA[George Michael! Are you joking? Enough 2016, enough.]]></document>
		<document><![CDATA[@julesmclean19 Here's a terrible Christmas cracker joke for you... https://t.co/9zLduDGocq]]></document>
		<document><![CDATA[@Iniki92x @JonGrosse 🎄🎅🏻 ... there is no donkey emoji so... https://t.co/huB8us0CL2]]></document>
		<document><![CDATA[@JonGrosse @Iniki92x remember this https://t.co/xxyi5ebEso hehe]]></document>
		<document><![CDATA[WTF? Elf v Home Alone.... https://t.co/0nC2fvnwDW]]></document>
		<document><![CDATA[Interesting - hadn't read anything about the Polish lorry driver avoiding more casualties https://t.co/1Iccf3I84t]]></document>
		<document><![CDATA[Last day of work until 3rd January https://t.co/HfkKnQQdHU]]></document>
		<document><![CDATA[@SmithandGert is that @danweatherly order??]]></document>
		<document><![CDATA[@julesmclean19 @MasterChefUK looking very festive down there 🎄🎄]]></document>
		<document><![CDATA[@vinmc1 @JonGrosse @Iniki92x Vinnie 2017 has got to be the year you GET OUT!]]></document>
		<document><![CDATA[@Bespokebbq @salthorsebar @kernelbrewery can I see a photo of said food ;-)]]></document>
		<document><![CDATA[@HelloTerriLowe go to settings and switch conversation view off. Sort one of your problems out 👍]]></document>
		<document><![CDATA[Ooft I like the sound of that. Not seen such excitement since the crisp World Cup! #wcocf https://t.co/JDaN2nWfe8]]></document>
		<document><![CDATA[@danweatherly @nightcapbar they really are the best ever!!!]]></document>
		<document><![CDATA[Some familiar people on this list :-) Off to @nightcapbar tomorrow for more of those wings #yum https://t.co/wCf2C8zbjl]]></document>
		<document><![CDATA[@julesmclean19 sounds up your street! https://t.co/wfrrw07C6a]]></document>
		<document><![CDATA[Feel about 60% chocolate right now ... might be peaking too early! #oneweektochristmas]]></document>
		<document><![CDATA[@nowmrsflynn ohhh wait to you see him do the Samba again 💃💃]]></document>
		<document><![CDATA[@AngelM16 I got one for household staff... live in nanny, cleaners, housekeeper in London?!? Must think I'm rich!]]></document>
		<document><![CDATA[Shut the front door #StrictlyFinal]]></document>
		<document><![CDATA[Good point, well made... 😝 https://t.co/XERbTh9kqC]]></document>
		<document><![CDATA[That Samba 🙌👏 ok Danny now my fav #strictlyfinal #fickle]]></document>
		<document><![CDATA[Love Louise's tango 💃- overall though I think I've enjoyed Ore's dances the most! #StrictlyFinal #afirst]]></document>
		<document><![CDATA[Me trying to eat sushi https://t.co/WcrU2qnXc0]]></document>
		<document><![CDATA[@salthorsebar not sure @Bespokebbq really would enjoy that 😏]]></document>
		<document><![CDATA[@julesmclean19 can't wait to see you guys - we need to make a plan 😀👯🙋🎄🎅🏻]]></document>
		<document><![CDATA[😢 there are no words https://t.co/84JQC9cjYk]]></document>
		<document><![CDATA[@Lunchquest @3birdsedinburgh delivery from Silver Bowl was shocking last time I ordered 😕]]></document>
		<document><![CDATA[This is no time to be awake on a Saturday morning 🙄😴🙄]]></document>
		<document><![CDATA[@studiomister looks ace!]]></document>
		<document><![CDATA[@Bespokebbq quick work 🎅🏻🎁🎅🏻]]></document>
		<document><![CDATA[@misswestendgirl watching it right now 🎅🏻🎄🎅🏻 #iknowhim]]></document>
		<document><![CDATA[Really think Claudia should have got to final 😕 #Strictly]]></document>
		<document><![CDATA[@ASOS_HeretoHelp what's going on in your app - tried to buy a couple of things says size available then try to add to bag and sold out 😫]]></document>
		<document><![CDATA[Thinking of applying.... #F1 https://t.co/SdMQaQWUvW]]></document>
		<document><![CDATA[@GreenFlagUK 14 degrees - not chilly so much!]]></document>
		<document><![CDATA[Scotland not doing winter so well... it's like a balmy summers eve! Bring back the frost I say! https://t.co/cFALwqrZC3]]></document>
		<document><![CDATA[@lesleyrossROCKS @Starbucks try an go independent coffee place doll! @twelvetriangles on Brunswick St does a good coffee says @Bespokebbq]]></document>
		<document><![CDATA[@BootsHelp hi I sent a DM this afternoon]]></document>
		<document><![CDATA[Had the most amazing food @eatninjabuns last night! I urge you to go... you also get to do this 😀 https://t.co/cOTdNgVR0M]]></document>
		<document><![CDATA[The inside of The Dome in Edinburgh- Christmastastic! #christmasdecor #edinburgh… https://t.co/VJpuP7ZNAK]]></document>
		<document><![CDATA[@BootsHelp I placed an order online on Sunday &amp; it said on website bonus 1000 points on orders over £50 but not mentioned in confirmation]]></document>
		<document><![CDATA[This is delightful.... 😀 #NowPlaying Belfast by Pete Tong ♫ https://t.co/377LgxfLmT]]></document>
		<document><![CDATA[@nowmrsflynn who who?]]></document>
		<document><![CDATA[Run baby calf run  #planetearth2 https://t.co/CgkGcjuDnT]]></document>
		<document><![CDATA[When you remember #planetearth2 is on tonight https://t.co/2FOk0UH15s]]></document>
		<document><![CDATA[@sunshinekatt @Kimkjaerside thought you two Porty lovers would like you his! Looks fun in ye olden times! https://t.co/SNNHFmoz3l]]></document>
		<document><![CDATA[@julesmclean19 looking forward to mine 😝😝]]></document>
		<document><![CDATA[What the flock? Who saw that coming? 2016 - the year of weird! https://t.co/6VYdcc1In9]]></document>
		<document><![CDATA[@acowan70 @camylyall @Michelle_1501 is there photo evidence of this?]]></document>
		<document><![CDATA[@camylyall @acowan70 @Michelle_1501 which pub?]]></document>
		<document><![CDATA[@HannaStanbridge 😂🙈😂 did you bite his head right off?]]></document>
		<document><![CDATA[@vinmc1 @acowan70 @camylyall s'what happens when you're a cheeky git!]]></document>
		<document><![CDATA[@vinmc1 @acowan70 @camylyall who?]]></document>
	</documents>
</author>