<author lang="en">
	<documents>
		<document><![CDATA[The judges scorecards are not at all complimentary Jess 😃@JessRowe @Studio10au]]></document>
		<document><![CDATA[Such a sad sight. For many, the ABC is a major point of contact with the rest of Australia. Lack of consultation… https://t.co/tu2MBxhfZO]]></document>
		<document><![CDATA[Commonsense advice for managing mental health issues in the workplace https://t.co/HCBuNe2cIQ @beyondblue]]></document>
		<document><![CDATA[Congratulations Chief Justice Susan Kiefel AC, just sworn in as Australia's first female Chief Justice of the High Court. Amazing life story]]></document>
		<document><![CDATA[This is a horrific mental illness,for sufferers &amp; their families.Research is vital for everyone affected &amp; those tr… https://t.co/8H6zV4DbSj]]></document>
		<document><![CDATA[All Critical to our society. We must ensure their health - mental &amp; physical @nswpolice @NSWAmbulance @FRNSW… https://t.co/eqPpyDZ7Jb]]></document>
		<document><![CDATA[The realism of mental illness,those who suffer and those doing their best to care  https://t.co/7gJk7xfAOY #Mentalhealth #suicideprevention]]></document>
		<document><![CDATA[Puts it all into perspective @manwiththemo @JNampijinpa   @damienjryan @783Alicesprings @AliceSpringsTC https://t.co/QoJ4bzYQaS]]></document>
		<document><![CDATA[She wont need luck @JimWilsonTV. Far too professional,far too experinced ☺ @ChrisBathTV https://t.co/G2hAd2q0mG]]></document>
		<document><![CDATA[Behind the rough diamond looks is a heart of gold. Onya mate. #menshealth #livedexperience #suicideprevention… https://t.co/ZcfLJKBvFA]]></document>
		<document><![CDATA[And what a voice it is. So many important messages to tell @SarahHarris]]></document>
		<document><![CDATA[@NSWAmbulance endeavouring to assist those who are unwell mentally https://t.co/9RPWW7IawK @MHCNSW #Mentalhealth #proactivity #newwaystohelp]]></document>
		<document><![CDATA[#photooftheday 😃 @Qantas @damienjryan @claireeryan thanks for the tweet @OutbackEco https://t.co/lZkZ8fjuY0]]></document>
		<document><![CDATA[Multiple roles we can do as #AussieAmbassadors @australiaday @OzDay @MHCNSW @beyondblue  https://t.co/Ad8LI2JUmd #Mentalhealth #LiveStronger]]></document>
		<document><![CDATA[Just visited Alice Springs &amp; listened to community.I agree.Need to reverse decision https://t.co/63XJ6YAIOs @783Alicesprings @damienjryan]]></document>
		<document><![CDATA[Thank you very much Rachel @hardingr0870]]></document>
		<document><![CDATA[Sharing is caring mate. One slice will suffice ☺ @hughriminton @channeltennews]]></document>
		<document><![CDATA[The flight was brilliant and so is the centre of Australia ☺ https://t.co/d8UzkoxRKr]]></document>
		<document><![CDATA[Thank you very much mate. It has been a great @australiaday for many reasons 😃 https://t.co/RybmsafO1E]]></document>
		<document><![CDATA[Honoured Sir! And thank you and your team for all the great things you do @SuptKimberley]]></document>
		<document><![CDATA[Captured some memories flying home from Alice Springs. Thank you @Qantas @australiaday @damienjryan for making thes… https://t.co/rFRvmECYPU]]></document>
		<document><![CDATA[Thank you very much. I am looking forward to the new challenges ahead and following on from the groundwork that has… https://t.co/qQvWaby8QT]]></document>
		<document><![CDATA[Met this lady yesterday. Proud,passionate determined to help her people @JNampijinpa @damienjryan @AliceSpringsTC Oz https://t.co/BdfPO3BuqD]]></document>
		<document><![CDATA[Absolutely brilliant to meet you Jacinta. Stay proud of the work you are doing @JNampijinpa @AliceSpringsTC… https://t.co/uLdBhVFJ0H]]></document>
		<document><![CDATA[Thank you very much. The medal represents all who are caring for sufferers, all who are suffering and all who have… https://t.co/DdSMIUtcwo]]></document>
		<document><![CDATA[Thank you very much.I am equally proud to be 1 of your Ambassadors with @JessRowe @JimWilsonTV @ChrisBathTV… https://t.co/x17XaXqeh7]]></document>
		<document><![CDATA[Wonderful news and deserved recognition. #FirstResponders #critical2society https://t.co/dsTU5StV5s]]></document>
		<document><![CDATA[This is brilliant. Congrats @pamkooka Awesome &amp; deserved recognition for you and @KookaburraKids https://t.co/7i7MgXFnE6]]></document>
		<document><![CDATA[Thank you very much Geoff. I hope to and intend to. https://t.co/6KVUIYNDdB]]></document>
		<document><![CDATA[Thank you very much for your kind words @SuicidePrevAU]]></document>
		<document><![CDATA[How cool is this! @damienjryan @claireryan91 @australiaday @OzDay @nma https://t.co/1IpdhNOIMk]]></document>
		<document><![CDATA[#AustraliaDay pav with the amazing Carmel Ryan.Alice Springs resident for 70 yrsDoes not get better! @australiaday… https://t.co/kBHta3joP2]]></document>
		<document><![CDATA[Thank you so much. I am incredibly proud to be a @SoldierOnAust Ambassador  @beyondblue @melijrussell]]></document>
		<document><![CDATA[Thank you very much. I hope you are well @BianchiRenee @MHCNSW]]></document>
		<document><![CDATA[Thank you David. Hope you are well @DavidDNSW]]></document>
		<document><![CDATA[welcoming 90 new Australian citizens from 24 countries at @AliceSpringsTC @australiaday @OzDay @damienjryan… https://t.co/hRWD2RBvsH]]></document>
		<document><![CDATA[Your message means so much mate. Fingers crossed I can get over your way soon @LAPDPaulScire @LAPDMEU @jmurch777]]></document>
		<document><![CDATA[Could not have been in a better place @damienjryan @AliceSpringsTC @claireryan91@manwiththemo @australiaday #AussieAmbassador #AustraliaDay]]></document>
		<document><![CDATA[Thank you so much. Hope you are having a brilliant day as an #AussieAmbassador  @NadineBlayney @australiaday #AustraliaDay]]></document>
		<document><![CDATA[Thrilled for the opportunity to meet GM of Alice Springs Mental Health Team,Mr Peter Thornton and tour the MH facil… https://t.co/lXHHxLtyns]]></document>
		<document><![CDATA[Thank you so much for giving Deb and I the opportunity to have such an extraordinary experience @australiaday #AustraliaDay]]></document>
		<document><![CDATA[Thank you to all the team. Cannot wait to be with you all very soon @MHCNSW]]></document>
		<document><![CDATA[Thank you so much Mel. So proud to work with and represent you all @melijrussell @SoldierOnAust @beyondblue]]></document>
		<document><![CDATA[Thrilled to meet you Jacinta. Loved your singing and the chance to chat. Look forward to seeing you again… https://t.co/NUM7b5tUxL]]></document>
		<document><![CDATA[Thank you so much Peter @shmigel @783Alicesprings @australiaday @OzDay @LifelineAust]]></document>
		<document><![CDATA[Absolutely https://t.co/M2EHERvMRT day ever ☺ @damienjryan @AliceSpringsTC @australiaday #AustraliaDay #AussieAmbassador]]></document>
		<document><![CDATA[Thank you very much. Proud to be associated with you and all who support you @RosesInTheOcean]]></document>
		<document><![CDATA[Thank you so much Vincent. I hope you are having a great day @VincentGDeLuca]]></document>
		<document><![CDATA[Thanks very much mate. So honoured.  @BombsAwayLane @ThomlinsonD @MHCNSW @beyondblue @SoldierOnAust @KookaburraKids @australiaday]]></document>
		<document><![CDATA[Thank you.Equally honoured to be here in Alice Springs mate. Looking forward to a great day @damienjryan @AliceSpringsTC @783Alicesprings]]></document>
		<document><![CDATA[Starting my #AustraliaDay off with a difference.I'view @ ABC Alice Springs  @783Alicesprings @australiaday @OzDay… https://t.co/nN5lMJiXhQ]]></document>
		<document><![CDATA[Thank you @nataliejpeters for caring about our 1st responders @MHCNSW @PoliceAssocNSW @NSWAmbulance @FRNSW  https://t.co/aGCGf3KTz0 #PTSD]]></document>
		<document><![CDATA[Outstanding and deserved recognition @nswpolice]]></document>
		<document><![CDATA[Met an exceptional man today. A committed Australian giving much of his life to help his fellow Centralians. Thank… https://t.co/I8Xtt8DldR]]></document>
		<document><![CDATA[Thank you so mych mate @DavidZootKelly @Qantas @australiaday @OzDay @damienjryan @AusOutbackNT @783Alicesprings]]></document>
		<document><![CDATA[Thank you very much Deb @csideborah #Mentalhealth #LiveStronger #BeenthereBeatthat]]></document>
		<document><![CDATA[Just arrived and what an amazing place @csideborah @damienjryan @TourismNT]]></document>
		<document><![CDATA[Thank you @Qantas for the opportunity to see some spectacular sights on the way to Alice Springs for #AustraliaDay… https://t.co/DxrijhfWJo]]></document>
		<document><![CDATA[On my way with @Qantas to Alice Springs to deliver the @australiaday address. Absolutely honoured. #AustraliaDay… https://t.co/L1T7HTvakh]]></document>
		<document><![CDATA[Thank you so much @SageAustralia @sagefoundation for supporting @KookaburraKids A wonderful organisation helping our kids]]></document>
		<document><![CDATA[New research understanding the pathway to PTSD, an insidious mental illness https://t.co/EBBwTuKIhI #PTSD #Mentalhealth @MHCNSW]]></document>
		<document><![CDATA[The terrible irony of First peoples good health prior to european settlement and the horrible stats of today https://t.co/Xr8fQrh0pm]]></document>
		<document><![CDATA[Congratulations on another exceptional achievement Premier. And there have been many, personally and professionally. @GladysB]]></document>
		<document><![CDATA[Been banging on about this for ages. Excellent story by @sarzberry https://t.co/0RtskLctgI @MHCNSW #Mentalhealth #suicideprevention #purpose]]></document>
		<document><![CDATA[The goal posts have moved. No longer a case of being 'Man enough' Woman enough the new bench mark. Power to the people  #WomensMarch]]></document>
		<document><![CDATA[The old adage comes to the fore...'sharing is caring' Great blog @JeremyScrivens]]></document>
		<document><![CDATA[The agony would be indescribable and for many, everlasting. 5 lives lost, hundreds more destroyed  @VictoriaPolice]]></document>
		<document><![CDATA[Thanks mate @MendotaMarkH]]></document>
		<document><![CDATA[The smile says it all. Great #AustraliaDay lunch today with fellow #AussieAmbassador @NadineBlayney @OzDay… https://t.co/6p4N922DvO]]></document>
		<document><![CDATA[Great part of being an #AussieAmbassador,meeting exceptional people like @SarahHarris, our brilliant MC today… https://t.co/7vDdywZDUx]]></document>
		<document><![CDATA[Thanks Ben.Great event to be a part of @wattsnextBen @OzDay @australiaday @MHCNSW @beyondblue @SoldierOnAust @KookaburraKids @CrossofValour]]></document>
		<document><![CDATA[Great looking #aussieambassadors we have at the lunch today.Jeff Sayle OAM @GallopingGreens legend and… https://t.co/eImCT8izjh]]></document>
		<document><![CDATA[@SarahHarris doing an exceptional job as MC at the #AustraliaDay lunch today. Knocking it clean out of the park… https://t.co/2bd2Z5UJyN]]></document>
		<document><![CDATA[Getting reading for the #AustraliaDay Ambassador's Lunch. Proud to be an #AussieAmbassador and Proud to be an Aussi… https://t.co/VHdSMMluNU]]></document>
		<document><![CDATA[Unbelievable mate. Thank goodness he is ok. Sherbert sends his best. Love our pets  @RussFletch3 https://t.co/MS6daD7rC6]]></document>
		<document><![CDATA[The reality of mental illness. Think you are immune? Think again. https://t.co/7EklYR3Vrq @MHCNSW @beyondblue #Mentalhealth #depression]]></document>
		<document><![CDATA[Congratulations on your appointment and thank you for your recognition of the issues relating to mental health.   @GregHuntMP @MHCNSW]]></document>
		<document><![CDATA[This big smile made my day. My good friend on the big screen this morning. Sage advice for employees /employers.… https://t.co/xmVbZBm3Qj]]></document>
		<document><![CDATA[An 11.76% ratio Jackie. Is this reprentative of the % of males who have a lived experience of mental illness? @jackiecrowe24 @NMHC]]></document>
		<document><![CDATA[And the male representation? @NMHC @jackiecrowe24]]></document>
		<document><![CDATA[Challenging the way you may be living your life, challenging yourself to do the things u may really want to be doing @Sel_Watts @LinkedIn]]></document>
		<document><![CDATA[A key element in a proACTIVE approach to mental wellness.Dont let the biggest challenge be from the bed to the fron… https://t.co/24kvUCuTpM]]></document>
		<document><![CDATA[Well done James. Leading by great example. @jmslwlr @MHCNSW @beyondblue @PANSWMSC]]></document>
		<document><![CDATA[A massive radio tower overlooking much of central western NSW. Where my love of ABC radio began as a young boy… https://t.co/tpdPH31lWQ]]></document>
		<document><![CDATA[Overlooking my homelands this morning. Where my family lived in harmony with the #Wiradjuri people over 140 years a… https://t.co/DQj3Qrmxys]]></document>
		<document><![CDATA[Good mental health requires many things,including a fit &amp; healthy body. A positive attitude requires energy to fuel… https://t.co/2brTU3HeAl]]></document>
		<document><![CDATA[The reality of Police work, not the unreality of TV Cop shows. Special people do this job https://t.co/152gUPi2OJ @PANSWMSC @nswpolice]]></document>
		<document><![CDATA[Congrats on your graduation and appointment James.Make sure you take great care of yourself so you can keep caring for others @jmslwlr]]></document>
		<document><![CDATA[You are on holidays @kumitaguchi]]></document>
		<document><![CDATA[Great to have you back big fella @JimWilsonTV @Channel7]]></document>
		<document><![CDATA[I'm going to be in Alice Springs this @australiaday come and join me. See what's on at https://t.co/6MUZn4QdPy #AussieAmbassador @OzDay]]></document>
		<document><![CDATA[Tickets for flights arrived today. Alice Springs and the gr8 NT here we come 😎 @OzDay @damienjryan  @AliceSpringsTC @TourismNT #AustraliaDay]]></document>
		<document><![CDATA[The importance of sleep for good mental health.Area often overlooked for recovery https://t.co/8fAqwHFyZs @MHCNSW @beyondblue #Mentalhealth]]></document>
		<document><![CDATA[Much respect for your dignity Julie. No one needs that kind of situation plastered all over social media @JulieSnook @9NewsSyd]]></document>
		<document><![CDATA[At least we will be able to 'Tradie' stories when I get to Alice Springs ☺ https://t.co/ZmpX0wSPdR @damienjryan @smh @audicanberra]]></document>
		<document><![CDATA[And looking forward to joining you all  @damienjryan @AliceSpringsTC @OzDay]]></document>
		<document><![CDATA[Is this what our men and women fought for? Died for? https://t.co/BZWcxzJPhN @SoldierOnAust @MarkBinskin_CDF @Mates4Mates #anzacday]]></document>
		<document><![CDATA[Anzac Day marches cancelled in the Blue Mountains. Can this really be true? https://t.co/BZWcxzJPhN  @TurnbullMalcolm @mikebairdMP #anzacday]]></document>
		<document><![CDATA[1 of the most memorable moments of my life.So isolated yet so connected https://t.co/iJZvu1RMYA @HanseYachts @TeamWindcraft #sailing #yachts]]></document>
		<document><![CDATA[Thank you Sel x @Sel_Watts]]></document>
	</documents>
</author>