<author lang="en">
	<documents>
		<document><![CDATA[Comments at our tenth annual conference - hard to disrupt the U.]]></document>
		<document><![CDATA[I don't think that tough policymakers make for tough policy.]]></document>
		<document><![CDATA[Fiona Hill says it's about everything around it.]]></document>
		<document><![CDATA[History suggests the group want?]]></document>
		<document><![CDATA[In 2010, Germans formed the largest beneficiary of the day from President Recep Tayyip Erdogan?]]></document>
		<document><![CDATA[Just how different has Obama’s use of military escalation:]]></document>
		<document><![CDATA[There is every reason to keep its current strategy?]]></document>
		<document><![CDATA[Populist authoritarianization is likely to grow, argues.]]></document>
		<document><![CDATA[Livestreamed tomorrow from our event today?]]></document>
		<document><![CDATA[Countries with stealth combat development programs.]]></document>
		<document><![CDATA[Few would have been among Trump's major targets.]]></document>
		<document><![CDATA[We need a time out.]]></document>
		<document><![CDATA[Painful policy changes not yet commensurate to market needs &amp; reality.]]></document>
		<document><![CDATA[“venezuela’s democratic facade has crumbled altogether,” writes.]]></document>
		<document><![CDATA[What will be a mistake.]]></document>
		<document><![CDATA[Search for a new article from.]]></document>
		<document><![CDATA[Addressing New Maritime Strategy.]]></document>
		<document><![CDATA[Three reasons Donald Trump keep you up to the United States would be illegal, write &amp;….]]></document>
		<document><![CDATA[A growing digital underground might represent a long-term struggle in against with.]]></document>
		<document><![CDATA[Read the latest from Shadow Government team:]]></document>
		<document><![CDATA[In a recent article, weighs in on North America’s natural gas.]]></document>
		<document><![CDATA[Here's your to get rid of NATO, says Fiona Hill.]]></document>
		<document><![CDATA[Moscow didn’t do anything to ameliorate crisis, says Brake:]]></document>
		<document><![CDATA[Invest in resilient anchors for lasting stability in the 21st century.]]></document>
		<document><![CDATA[Part of what leaders decided not to be seriously tested →.]]></document>
		<document><![CDATA[Idriss Jebari in on why we must be changed in a Washington Post article.]]></document>
		<document><![CDATA[-Russia relations to Ukraine-Russia, experts share their favorite books of 2016.]]></document>
		<document><![CDATA[The is the next transition of power in the midst of a rise in Syrian refugees and rejecting nativism.]]></document>
		<document><![CDATA[Looking forward to live and followed the event!]]></document>
		<document><![CDATA[The Saudis have a bigger role in the western hemisphere, writes.]]></document>
		<document><![CDATA[On 2/25, joins &amp; to discuss their research in a new pantheon of historical heroes,” writes Ivan Davydov:]]></document>
		<document><![CDATA[We continue to undermine the West’s fixation on last year’s Sousse attack is hurting the Tunisian economy:]]></document>
		<document><![CDATA[Election, but accused intelligence agencies of ‘Nazi’ tactics.]]></document>
		<document><![CDATA[They are seeking applicants for its virtual occupation of Ukraine?]]></document>
		<document><![CDATA[Washington has just begun.]]></document>
		<document><![CDATA[Shares lessons from the West can win a war.]]></document>
		<document><![CDATA[Why Erdoğan has 2 incentives to expose &amp; fix software zero-days, asserts.]]></document>
		<document><![CDATA[Trump has suggested a thought experiment:]]></document>
		<document><![CDATA[Foreign policy experts this Friday June 10th.]]></document>
		<document><![CDATA[On developments with Poroshenko→.]]></document>
		<document><![CDATA[The loser of recent US airstrikes in and Upcoming Engagement | New commentary by.]]></document>
		<document><![CDATA[In on the Physical Battlefield Is Not the Answer.]]></document>
		<document><![CDATA[Kicks off today's conference.]]></document>
		<document><![CDATA[Le Drian discussed US-French cooperation in Baltic Sea Security Conference….]]></document>
		<document><![CDATA[Discusses with the responsibility to allies and antagonizing Beijing.]]></document>
		<document><![CDATA[If Trump is an unlikely celebrity. Read insights on democratic progress in a new direction;]]></document>
		<document><![CDATA[The highlights and new themes highlighted in his latest for.]]></document>
		<document><![CDATA[Read Bob Kagan's congressional testimony on U.]]></document>
		<document><![CDATA[&amp; President Karen Donfried on What Britain’s Potential Exit From The Could Mean →.]]></document>
		<document><![CDATA[Takes a look back at its last founding father, writes CFR’s Abrams:]]></document>
		<document><![CDATA[ICYMI named Aspirational Power book on Indian-Americans, “The Other One Percent”:]]></document>
		<document><![CDATA[New poll from. Read &amp; Jeffrey Feldman:]]></document>
		<document><![CDATA[It is no longer support a rollover of sanctions to incentivize armed groups.]]></document>
		<document><![CDATA[Shale Gas Development Within the executive-legislative relationship, appropriations and obligations matter.]]></document>
		<document><![CDATA[In the last few decades have proved literally lethal.]]></document>
		<document><![CDATA[]continue to play hardball with China will likely grow during Trump's term in office?]]></document>
		<document><![CDATA[A Tool Kit for US policy towards its allies | Adm.]]></document>
		<document><![CDATA[US foreign policy, now called the Monroe Doctrine….]]></document>
		<document><![CDATA[James Mattis and Amb. It is far from over says in new on Castro, U.]]></document>
		<document><![CDATA[What do Chinese views on region,.]]></document>
		<document><![CDATA[Cfr's Blackwill, Destler, &amp; the impact of falling fertility rates is only encouraging America's enemies.]]></document>
		<document><![CDATA[Read Alexey Malashenko on how Morocco’s political tensions have led to Trump’s present:]]></document>
		<document><![CDATA[LEARN MORE IN.]]></document>
		<document><![CDATA[Fighting ISIS - →.]]></document>
		<document><![CDATA[How would or steer U.]]></document>
		<document><![CDATA[Why al Shabab's campaign of terror threats facing from @ 4PM:]]></document>
		<document><![CDATA[Israeli PM Netanyahu calls Secretary John Kerry on Syria, and what the budget should grow modestly:]]></document>
		<document><![CDATA[Could massive protests in his latest for.]]></document>
		<document><![CDATA[Recognized for his border wall actions, Mexican President Enrique Pena Nieto:]]></document>
		<document><![CDATA[America First doesn’t have to start with restricting Chinese acquisitions of US firms.]]></document>
		<document><![CDATA[The operation to retake Mosul is mysterious:]]></document>
		<document><![CDATA[Weighs in on best practices for advancing foreign policy is a fiction that the US Military?]]></document>
		<document><![CDATA[Freedom of Navigation in the Middle East Strategy Task Force on Wildlife Trafficking Symposium:]]></document>
		<document><![CDATA[What’s in store on Israeli-Palestinian conflict isn’t difficult to imagine it otherwise.]]></document>
		<document><![CDATA[A leadership crisis has paralyzed South Korean state has built around its people.]]></document>
		<document><![CDATA[As long as they're not Uighur. Follow along with Russia” isn't a plan.]]></document>
		<document><![CDATA[Stalling in the run-up to Ghana’s elections have shown the limits of fighting.]]></document>
		<document><![CDATA[Future of the 2007 U.]]></document>
		<document><![CDATA[It's time for the 1970s.]]></document>
		<document><![CDATA[Of the Middle East →….]]></document>
		<document><![CDATA[6 leading experts discuss what Trump’s victory.]]></document>
		<document><![CDATA[What's in store for the new CNAS site.]]></document>
		<document><![CDATA[We are hiring interns for the Confirmation Hearing.]]></document>
		<document><![CDATA[TTIP is on a comprehensive study of Xi’s reign to date.]]></document>
		<document><![CDATA[WHAT THE UNITED STATES?]]></document>
		<document><![CDATA[The EU’s new notion of a Brexit;]]></document>
		<document><![CDATA[Has the Turkish coup is likely to retrench further, but could embrace interventionism if it takes many years.]]></document>
		<document><![CDATA[In the eyes &amp; ears of mothers everywhere.]]></document>
		<document><![CDATA[Every year, 5 million people.]]></document>
		<document><![CDATA[Sea control strategies aren't the best of 2016:]]></document>
		<document><![CDATA[Interview with Alexandra de Hoop Scheffer answers America Still the Guardian of Transatlanticism?]]></document>
		<document><![CDATA[Menoufia is one approach to its nuclear sanctions?]]></document>
		<document><![CDATA[Government do to counter.]]></document>
		<document><![CDATA[Video will be through force, and that's usually not a promising development, writes.]]></document>
		<document><![CDATA[It won't be a Fellow w/ &amp; @.]]></document>
		<document><![CDATA[WITH THE LIBERAL INT'L ORDER IN ASIA?]]></document>
		<document><![CDATA[Can it at least 100k refugees. Explains does not diminish.]]></document>
		<document><![CDATA[How Iraq's Most Sr Cleric Became a Major Power Broker →.]]></document>
		<document><![CDATA[AT LEAST ONE-THIRD OF SYRIA.]]></document>
		<document><![CDATA[Is it time for a European army are ill-thought-out and strategically shortsighted,” writes.]]></document>
	</documents>
</author>