<author lang="en">
	<documents>
		<document><![CDATA[@Braxifen Or pick a random time zone. "MOUNTAIN Time? What the fuck is MOUNTAIN Time? DENIED!" *stamps*]]></document>
		<document><![CDATA[@Braxifen Fuck Delaware.]]></document>
		<document><![CDATA[@mikecomix @Braxifen Still not as ludicrous as some of the holes I walked around in Santa Clarita. ;)]]></document>
		<document><![CDATA[@Braxifen @mikecomix Who run Jobstown? https://t.co/gs4Yr31Lrx]]></document>
		<document><![CDATA[@mikecomix @Braxifen Southside and affordable? https://t.co/Vu6hy4LMGk]]></document>
		<document><![CDATA[@MyPurseIsDirty @robdelaney Chunce and Malarkey look so majestic in this pic. You have potent jeans. #dadhole #resispence]]></document>
		<document><![CDATA[@annesoaudio I bet! I hope to see you before you go.]]></document>
		<document><![CDATA[@annesoaudio @EidosMontreal Congrats, Anne-So! And Montréal is one of my favourite cities. Bonne chance! :)]]></document>
		<document><![CDATA[@Parec116 Christ. I got lost. Decided to see just what my current limit is. It would appear it's around 19.6km.]]></document>
		<document><![CDATA[@Parec116 I did 19.6km yesterday and almost died. Congrats.]]></document>
		<document><![CDATA[@david4482 @rte RTÉ website is regularly stuffed full of typos and grammatical errors. Sub-editors obviously not a big deal over there.]]></document>
		<document><![CDATA[@_AdamBeck_ You'll be after our land next. ;)]]></document>
		<document><![CDATA[@LeeCarus I thought GDC Europe was no more?]]></document>
		<document><![CDATA[@elonmusk "Not the best way". Such strong language of condemnation. You were a hero of mine not so long ago.]]></document>
		<document><![CDATA[@_AlexCalvin Our Taoiseach will be over in March for Paddy's Day, bowl of rancid shamrock in hand. Looking forward to this one.]]></document>
		<document><![CDATA[@BenParfitt Oh goody. This just got Liverpool-at-home worse.]]></document>
		<document><![CDATA[@Harkaway I assume we're classifying the Winter War as a prequel here.]]></document>
		<document><![CDATA[@colossalblue Or ...]]></document>
		<document><![CDATA[@AranSuddi He fuckin' better *growls*]]></document>
		<document><![CDATA[@AranSuddi Currently growing my Old Man Logan beard. One month in. Got the grey and everything. Patiently awaiting adamantium.]]></document>
		<document><![CDATA[@Harkaway You should write a novel about this. Might be good. ;)]]></document>
		<document><![CDATA[@BenParfitt In fairness, strong hair game on The Donald there. #staypositive]]></document>
		<document><![CDATA[@Omac_brother Also, plural of Nazi is Nazis. ;)]]></document>
		<document><![CDATA[@Omac_brother Oh that Pepe fucker. Yeah, he gets Nazi assholes hit.]]></document>
		<document><![CDATA[@Omac_brother What does that even mean? (I'm old)]]></document>
		<document><![CDATA[@Parec116 Living the dream.]]></document>
		<document><![CDATA[@Parec116 Sounds like you're not ready for life.]]></document>
		<document><![CDATA[@Parec116 I heard that's short, and unscary. What are you doing?]]></document>
		<document><![CDATA[@Parec116 Pant-wetting. Good luck!]]></document>
		<document><![CDATA[@Parec116 Dom wouldn't be scared. Then again, Dom has no feelings. #becausehebetrayedhisfamily]]></document>
		<document><![CDATA[@stanmarshdarsh Admit it, you saw it thanks to me. ;)]]></document>
		<document><![CDATA[@stanmarshdarsh I was JUST about to suggest checking my last RT! :o)]]></document>
		<document><![CDATA[SCIENCE! ALCHEMY! METALLIC HYDROGEN!  https://t.co/mlzvezLK1q]]></document>
		<document><![CDATA[Maybe PlayStation haven't announced Feb's PS+ games yet because in this age of alt-facts they reckon no one will believe Knack is included.]]></document>
		<document><![CDATA[@nadiamdrake @ultrahax And if reality follows ABC hit show Designated Survivor, Ben Carson will be the 46th President of the United States.]]></document>
		<document><![CDATA[@ultrahax Or your fly is down.]]></document>
		<document><![CDATA[Anonymous are like "It's not fun if there is zero challenge, man." https://t.co/DrpMy7ORSa]]></document>
		<document><![CDATA[@oanamaria @nealstephenson The first sentence of the book has the moon exploding so it's not really much of a spoiler. ;)]]></document>
		<document><![CDATA[@Omac_brother It's no Fast and the Furious ...]]></document>
		<document><![CDATA[@Omac_brother Free? Permitted.]]></document>
		<document><![CDATA[@Omac_brother It is absolutely not.]]></document>
		<document><![CDATA[@TheFatC0ns0ler Tried for 15 after Christmas cakeathon. Ended up on my back hyperventilating in some bint's garden 2km from home. #noregrets]]></document>
		<document><![CDATA[@PlayStationEU Will its average battery charge last longer than a good fart?]]></document>
		<document><![CDATA[@Omac_brother You have no idea how much time this will save me. Searching through dictionaries for rogue kanji is such a time sink. Thanks!]]></document>
		<document><![CDATA[@Omac_brother HOLY SHITBALLS! https://t.co/YdCVuAxlKm]]></document>
		<document><![CDATA[@colossalblue @Mr_Roynaldo @onlytonyc The upkeep cost is also insane. $100s of millions per year.]]></document>
		<document><![CDATA[@nicr9_ Maybe I'm blind but I don't see Deposify there.]]></document>
		<document><![CDATA[@nicr9_ Missing a few, too. ;)]]></document>
		<document><![CDATA[@elonmusk Don't give up. We need you now more than ever.]]></document>
		<document><![CDATA[Yeah, Bing, not exactly what I was looking for. https://t.co/ua0RSanugH]]></document>
		<document><![CDATA[@TheSilentG @BenParfitt He'll be bored in six months. Probably walk away.]]></document>
		<document><![CDATA[@BenParfitt No shirts, no collars.]]></document>
		<document><![CDATA[@BenParfitt Did you just break the first and second rule of animal fight club?]]></document>
		<document><![CDATA[@bubblegumnex Picking it up on Friday from Glen. Gonna get my Watch on.]]></document>
		<document><![CDATA[@bubblegumnex They scrub up well. https://t.co/hdikmfi6wO]]></document>
		<document><![CDATA["Scratch that and I'll set Mel Gibson on you!" https://t.co/p1PLO5OAz9]]></document>
		<document><![CDATA[Hope they don't read @nealstephenson 's Seveneves ;) https://t.co/VxmGuVJIfb]]></document>
		<document><![CDATA[@itsjustaidan You should check out Medium as well. (If you haven't already) https://t.co/cOcZPh2mlo]]></document>
		<document><![CDATA[@GasheadAu Rather than aggressive hard sell you create content so people get to know your brand and then want to buy from you.]]></document>
		<document><![CDATA[@Parec116 Dom betrayed his family.]]></document>
		<document><![CDATA[@ultrahax We still kowtow to the church and deny children access to school.]]></document>
		<document><![CDATA[@egor045 Awesome. Thanks. Hope you're doing well. Puke Fountain and The Great Ralpher say hi.]]></document>
		<document><![CDATA[@egor045 In the market for a special bottle of whiskey as a thank you gift. Any recommendations?]]></document>
		<document><![CDATA[@jemalexander Sith/Jedi, sure they’re all the same ;)]]></document>
		<document><![CDATA[@jemalexander I kinda liked how they kept the Jedi name for the third part in the trilogies. Oh well. :)]]></document>
		<document><![CDATA[@developonline I NEED THE BENZ!!!!]]></document>
		<document><![CDATA[@JenuinePanic They want and need to hear your feedback. They asked for an opinion. Requests like that don't expire.]]></document>
		<document><![CDATA[@GasheadAu I used to eat Toffee Pops by the packet. 10 in one go. Every go. Like a machine. A biscuit, chocolate, &amp; caramel infused machine.]]></document>
		<document><![CDATA[@_Nexus I actually do that.]]></document>
		<document><![CDATA[@_Nexus Why would you stop at 9.93km? Argh! :)]]></document>
		<document><![CDATA[@GasheadAu Inverse Godwin's Law. Everything starts as a Nazi and then moves toward normalcy.]]></document>
		<document><![CDATA[@wrossmck Deep pockets. Lots of space for illicit cheese. Smart.]]></document>
		<document><![CDATA[Watched Aladdin with Nate. "If you had three wishes, what would you wish for?" "Chicken fajitas. Three of them." Good call, son.]]></document>
		<document><![CDATA[@Harkaway He's only gone and murdered Big Bird. https://t.co/kzEcUicfng]]></document>
		<document><![CDATA[@GasheadAu Perfect opportunity for someone like Netflix/Amazon to step in and fund these programs and then give them away for free.]]></document>
		<document><![CDATA[@MyAngryCommute No problem for me. I listen to about three podcasts.]]></document>
		<document><![CDATA[@MyAngryCommute Cheers. I might give it a spin.]]></document>
		<document><![CDATA[@LeeCarus We should buy Andy Carroll. Lad is banging them in.]]></document>
		<document><![CDATA[@MyAngryCommute How is the functionality? I find the official app overwrought and confusing.]]></document>
		<document><![CDATA[@Parec116 @Debekay Didn't feel like it. 0°. Fuck it. Went out and just ran until I could feel my toes. No tape. No fuel. Just ran.]]></document>
		<document><![CDATA[@Debekay @Parec116 Maybe because it was fucking baltic but I ran a pretty fast 10km (for me). Legs feel great. Hmm. https://t.co/tsFqO0xd6k]]></document>
		<document><![CDATA[@LeeCarus Klopp needs to come out and say the defence and keeper are not good enough. And then wield the axe.]]></document>
		<document><![CDATA[@LeeCarus Mignolet hasn't made one save. 3 shots on target. 3 goals. Shambles.]]></document>
		<document><![CDATA[@Parec116 I know. I have the same. :D]]></document>
		<document><![CDATA[@Parec116 Doable. Nice watch by the way. ;)]]></document>
		<document><![CDATA[@colossalblue @Mr_Roynaldo @c_r_5 Adding in the Indy punch sound makes it especially delicious. https://t.co/aQbQDQ7Sce]]></document>
		<document><![CDATA[@itsjustaidan @wrossmck Did the Milky Way vote Trump?]]></document>
		<document><![CDATA[@LeeCarus Easy there, Donald. ;)]]></document>
		<document><![CDATA[@Combat_Cow The sequel will be out when I have time again. :)]]></document>
		<document><![CDATA[@Harkaway You’ll be back. You love me really. *hic*]]></document>
		<document><![CDATA[@Combat_Cow I played The Last of Us on PS3 when it first came out. Since bought it again on PS4 but never (re)played it. :’(]]></document>
		<document><![CDATA[@Combat_Cow I played about 2 hours of Uncharted 4 yesterday. I’m back, baby! (Might play again in 2018).]]></document>
		<document><![CDATA[@Harkaway Ireland here. Accepting hugs.]]></document>
		<document><![CDATA[@LeeCarus *Sings Circle of Life* https://t.co/o0xuRNwHz5]]></document>
		<document><![CDATA[@TheonlyPOD It’s actually Katie Holmes.]]></document>
		<document><![CDATA[Strange how I’m happy to go out of my way for people but I have a real problem asking others to do favours for me. I just feel awkward.]]></document>
		<document><![CDATA[@tomwillfixit @wrossmck @Shipitcon @sheilapollard The first rule of ShipItCon is ... do not feed the whale, the whale is not a toy.]]></document>
		<document><![CDATA[@tomwillfixit @Shipitcon @sheilapollard That's *exactly* what someone with a whale fetish would say. #whalehumper]]></document>
		<document><![CDATA[@tomwillfixit @Shipitcon Added. Your blurb currently has a joke about you being half-whale. @sheilapollard ;)]]></document>
		<document><![CDATA[@tomwillfixit @Shipitcon Send me on a mugshot so she can get the illustrious founder page up. After all, it's the most important part ;)]]></document>
	</documents>
</author>