<author lang="en">
	<documents>
		<document><![CDATA[.@LAHinds @edinhelp to which you then choose to ignore me... cc @agcolehamilton]]></document>
		<document><![CDATA[@onechord_js something to do in Minecraft... https://t.co/Dyl9BbrAUD]]></document>
		<document><![CDATA[@TJB59 😂 roll on March!! 🚗]]></document>
		<document><![CDATA[@TJB59 Mine is probably still being built by Pedro in Spain haha!]]></document>
		<document><![CDATA[@UbuntuBhoy Squad was small to begin with plus injuries.]]></document>
		<document><![CDATA[@UbuntuBhoy Mostly loans and free signings until the end of the season. We’ve no debt and running at a profit.]]></document>
		<document><![CDATA[@UbuntuBhoy Nah just looking at the vast difference in finances.]]></document>
		<document><![CDATA[@hippyadam @p1anetmatt When you Google it can you tell me what it is?]]></document>
		<document><![CDATA[Possibly my greatest goal on FIFA... https://t.co/50PR7Shn3Y via @XboxDVR]]></document>
		<document><![CDATA[@colbangers o/]]></document>
		<document><![CDATA[@Radionx Well you’re offline now so I can’t check 😂]]></document>
		<document><![CDATA[@Radionx Sound but no video at my end…]]></document>
		<document><![CDATA[Yes please. - Drinking a Beer Geek Cocoa Shake by @MikkellerBeer - https://t.co/7bPFgfDWXt #photo]]></document>
		<document><![CDATA[Just watched some woman on Instagram Live all the way in Sweden, going out for a walk in the snow to have a fag.

What a time to be alive.]]></document>
		<document><![CDATA[@TheProperJayC @rickinyorkshire Don’t use but agree. I do seem to be seeing it more often.]]></document>
		<document><![CDATA[@ForthBridges It was only a few days go they mentioned May?]]></document>
		<document><![CDATA[The Dell #edinburgh #silkywater #igersedinburgh #ig_scotland #ig_edinburgh #thisisedinburg… https://t.co/ezAdNK2sHU https://t.co/z8Uq6Uqh5v]]></document>
		<document><![CDATA[Craiglockhart Hill looking towards Edinburgh Castle and Arthur's Seat #edinburgh #igersedi… https://t.co/mq6V2PWA4x https://t.co/bkVdxifuuO]]></document>
		<document><![CDATA[Craiglockhart Hill #edinburgh #igersedinburgh #ig_scotland #ig_edinburgh #thisisedinburgh … https://t.co/v6Pu4GaFYU https://t.co/aU3ZcAznbF]]></document>
		<document><![CDATA[Check out my wander on Strava: https://t.co/TEHpCLQPkl https://t.co/5VMxug7WuT]]></document>
		<document><![CDATA[Seriously Jack Hamilton cannot kick a fucking ball to help himself.]]></document>
		<document><![CDATA[That badge is anything but… https://t.co/53KOUTmyGS]]></document>
		<document><![CDATA[I just earned the 'Land of the Free  (Level 40)' badge on @untappd! https://t.co/jd6WBzWdKg]]></document>
		<document><![CDATA[Drinking a No Hero by @EvilTwinBrewing - https://t.co/DmlYRrtDEk #photo]]></document>
		<document><![CDATA[@iKinch Can barely remember any of that. Will need to watch again.]]></document>
		<document><![CDATA[@Tibbsy010 More than happy to facilitate. Disclaimer: Beers may go missing 😂]]></document>
		<document><![CDATA[@Tibbsy010 Can't see why they won't deliver to you 😜]]></document>
		<document><![CDATA[@Tibbsy010 It's also where I got the Focal Banger from.]]></document>
		<document><![CDATA[@Tibbsy010 Mikkeller Webshop. Got a few other beauties too 🍻]]></document>
		<document><![CDATA[Oh, hello - Drinking an IPA by @AleSmithBrewing - https://t.co/CNKtECNqbr #photo]]></document>
		<document><![CDATA[@wildlime Never said it was, I just know what you mean!]]></document>
		<document><![CDATA[ALL the new players @JamTarts]]></document>
		<document><![CDATA[The Rubberbandits, Dads Best Friend https://t.co/Ndlu95rFBF via @YouTube]]></document>
		<document><![CDATA[@Amy_Nichol I think you might need the cuddles!]]></document>
		<document><![CDATA[@Tibbsy010 @_Gray_1 @DazPazz @TheProperJayC I’m terrified of needles 😂]]></document>
		<document><![CDATA[@Tibbsy010 I think people don’t realise how kids are exposed to, probably even more so these day!]]></document>
		<document><![CDATA[@Tibbsy010 @_Gray_1 I'm pretty sure I had the Choose Life poster up at 14 😂]]></document>
		<document><![CDATA[@_Gray_1 Tough one. 14-15 I reckon. Nothing in it that they wouldn’t probably already know about.]]></document>
		<document><![CDATA[Classy... https://t.co/t6f93QmxrQ]]></document>
		<document><![CDATA[@Brizo0505 Haha! Always mates even after you pump us tomorrow! 😂]]></document>
		<document><![CDATA[Yeah, cheers Airdrieonians... https://t.co/pZknh8KdDM]]></document>
		<document><![CDATA[@hippyadam Tell me about it!]]></document>
		<document><![CDATA[If Morton beat Ayr in the late kick-off, Airdrieonians just cost me £2588.96.

Dicks.]]></document>
		<document><![CDATA[@TJB59 Pics or it didn’t happen 😉]]></document>
		<document><![CDATA[Wolves 👏]]></document>
		<document><![CDATA[@Scullion1996 I dunno like… That same coupon on Paddy Power is £200 less!]]></document>
		<document><![CDATA[First kebab stolen from @Brizo0505 Second just a little bit mental 😂 @onechord_js https://t.co/NAq3ZrsuPJ]]></document>
		<document><![CDATA[@Brizo0505 @onechord_js Fuck it, I'm stealing that one 😂]]></document>
		<document><![CDATA[@Brizo0505 @onechord_js Just about to assess my options 😂]]></document>
		<document><![CDATA[@Scullion1996 Nice. Probably a good way away!]]></document>
		<document><![CDATA[One bonus to that walk home… Fresh bedding .]]></document>
		<document><![CDATA[It appears I'm scary enough for people to walk on the road rather than pass me on the pavement. 

Fucking raaaaaar.]]></document>
		<document><![CDATA[Because beer obviously!]]></document>
		<document><![CDATA[Being in a Brewdog bar is probably the only place I feel comfortable in.]]></document>
		<document><![CDATA[Hmmm - Drinking a Live 5am Saint by @BrewDog at @brewdog  — https://t.co/Ud44yfZHJE]]></document>
		<document><![CDATA[I just earned the 'Paint the Town Red (Level 11)' badge on @untappd! https://t.co/3fSBq2am6v]]></document>
		<document><![CDATA[300! - Drinking a Five AM Saint by @BrewDog - https://t.co/2vrMfqkl8h]]></document>
		<document><![CDATA[@TheBeer_Hive and also one of these too please.]]></document>
		<document><![CDATA[@TheBeer_Hive One of these please Pete.]]></document>
		<document><![CDATA[@LAHinds @edinhelp There's next no road markings, drains damaged and the central reservation at the Bypass has been damaged for 2 years?]]></document>
		<document><![CDATA[Drinking a Tropic Thunder by @BrewDog - https://t.co/7FoYkyL2mG #photo]]></document>
		<document><![CDATA[299 - Drinking a Five AM Saint by @BrewDog - https://t.co/oxiUeouF3P]]></document>
		<document><![CDATA[@LAHinds @edinhelp Which I don't disagree with but surely the condition of the junction should be the priority?]]></document>
		<document><![CDATA[@edinhelp So an advertising structure is more important than the current condition of the road? @LAHinds]]></document>
		<document><![CDATA[It’s like it has subconsciously figured something out that I’m oblivious to.]]></document>
		<document><![CDATA[Ever had a gut feeling about something, that only your brain seems to know what this something is?]]></document>
		<document><![CDATA[I'm at Tynecastle Stadium - @jamtarts in Edinburgh, City Of Edinburgh https://t.co/8BK2krfxTG]]></document>
		<document><![CDATA[@_Gray_1 phone left pocket, wallet rear right.]]></document>
		<document><![CDATA[@edinhelp Thank you]]></document>
		<document><![CDATA[@iKinch Ahh not fun!]]></document>
		<document><![CDATA[@iKinch Move the pin about?]]></document>
		<document><![CDATA[@BrewDogBarCalv Ah, congratulations sir 👏]]></document>
		<document><![CDATA[@BrewDogBarCalv Weren’t you there before?]]></document>
		<document><![CDATA[@BrewDogBarCalv Christ, where are you off to now? Sao Paulo?]]></document>
		<document><![CDATA[.@edinhelp 3rd time of asking...]]></document>
		<document><![CDATA[Another 3+M at #katla today #ticktock #monthevolcanoes #iceland #mýrdalsjökull https://t.co/xisMH6GY1F]]></document>
		<document><![CDATA[@spences10 Works on Pixel fine!]]></document>
		<document><![CDATA[@spences10 Honor? No.]]></document>
		<document><![CDATA[@mightyshakerjnr You're more than welcome 👍]]></document>
		<document><![CDATA[@mightyshakerjnr Hopefully but we probably won't get that choice until autumn 2018.]]></document>
		<document><![CDATA[@mightyshakerjnr but we're apparently the most powerful devolved Parliament in the world... 👀]]></document>
		<document><![CDATA[@pvtbanner @philicibine Not out yet.]]></document>
		<document><![CDATA[@TheLazyGrappler Mines doesn’t check until around 00:30. I’ll be out like a light by then.]]></document>
		<document><![CDATA[@L_Aitken I need to make room in my life to watch all of Rick and Morty.]]></document>
		<document><![CDATA[@StaceStewart Must remind you of yourself. https://t.co/aKZ8CKS6xI]]></document>
		<document><![CDATA[@TheLazyGrappler To be fair you seem to be the only one in my friends list doing the surveys 😂]]></document>
		<document><![CDATA[@TheLazyGrappler Got it already? Pfffft.]]></document>
		<document><![CDATA[@mightyshakerjnr I was serious 😂]]></document>
		<document><![CDATA[Changed my avi using Prisma then @KFurie goes and adds a AT-AT to it. I know very little about Star Wars but I like it.]]></document>
		<document><![CDATA[@gears My EPG will be slightly different from yours but I get STV SD on 103 with the HD on 178 as well. It is stupid!]]></document>
		<document><![CDATA[@gears Only so many races but Sky have them all. F1 goes behind a paywall from 2019 👎]]></document>
		<document><![CDATA[A few pints with Carl Sagan would’ve been good.]]></document>
		<document><![CDATA[@gears I find going from any HD to SD channel makes it look worse.]]></document>
		<document><![CDATA[@L_Aitken because it’s mega easy?]]></document>
		<document><![CDATA[298 - Drinking a Five AM Saint by @BrewDog - https://t.co/hFlkUjy0hH]]></document>
		<document><![CDATA[@Radionx I’ve got more points than you so I’ll get it first* 😛

*Probably won’t]]></document>
		<document><![CDATA[@catt231 @KFurie You know what to do… 😂 https://t.co/lzL3yFw5Js]]></document>
		<document><![CDATA[@MartineVotvik Yep! Usually a lot quieter! Bárðarbunga doesn't seem to want to quieten down either!]]></document>
		<document><![CDATA[Ordering amazing beer via the Mikkeller Webshop is awesome but taking nearly a week just to ship is not so! 👎]]></document>
		<document><![CDATA[.@edinhelp Do they respond weekly?]]></document>
	</documents>
</author>