<author lang="en">
	<documents>
		<document><![CDATA[All true ... but  @CPnewsboy big shoes to fill https://t.co/4rKzcMYvJN]]></document>
		<document><![CDATA[You're on the tour for ever now .. https://t.co/ydGTb1tPW1]]></document>
		<document><![CDATA[Remembering The White Cliffs of Dover .. https://t.co/hg9zfvfXOx]]></document>
		<document><![CDATA[If you missed @CPnewsboy , me and @ACarterglobal talking media, Q Park inside stuff, catch it online here. https://t.co/oCbtwPLZoC]]></document>
		<document><![CDATA[@FergDevins Say hi to Husky the Muskie for me!]]></document>
		<document><![CDATA[@FergDevins Nice to hear from you, Ferg. Just getting used to not having to get up and chase the news. How's Kenora]]></document>
		<document><![CDATA[Remember it well . Still makes me laugh https://t.co/Vjl3CoGPZR]]></document>
		<document><![CDATA[Watch @FocusOntario Sunday, 11.30 a.m. I'll be on with @ACarterglobal and @CPnewsboy talking about our time at Q.Park. Thanks, Al.]]></document>
		<document><![CDATA[Wow. She just noticed? https://t.co/1ZNT994iB3]]></document>
		<document><![CDATA[@paulblizzard @blissblogs And the channel changer went in the fish tank because the fish didn't want to watch Coronation Street ...]]></document>
		<document><![CDATA[@blissblogs Hey, Paul - my son put a sandwich in VCR as a toddler, What will kids mess with in all digital age?]]></document>
		<document><![CDATA[Enjoying the lazy life! https://t.co/kAkMRvfahl]]></document>
		<document><![CDATA[Catch me on my last TV gig ... https://t.co/X7Ka6EKKTu]]></document>
		<document><![CDATA[@robedits All the best. Stay in touch, Rob]]></document>
		<document><![CDATA[@QPCamera Hey, Jamie - thanks. Miss you all. see you at the mugging]]></document>
		<document><![CDATA[Best defence is always  to create a straw man https://t.co/rd1UkBpybt]]></document>
		<document><![CDATA[Hah! Always here to help! https://t.co/zEmjSmm4hR]]></document>
		<document><![CDATA[@Doretta_Wilson @masterpiecepbs Must have been one Masterpiece I missed!]]></document>
		<document><![CDATA[Heading off to talk to @jerryagar1010 on @NEWSTALK1010 at 10 a.m.
Thanks @MooreintheAM for kind words. #1010AT10]]></document>
		<document><![CDATA[Tacitus: They made a desert and called it peace https://t.co/QaOEOcCsRL]]></document>
		<document><![CDATA[Waterloo and Westminster bridges closed due to WWII bomb | Daily Mail Online https://t.co/LRHFDGQ9TY]]></document>
		<document><![CDATA[@rberthelsen Hi, Richard - Can you follo me so I can send you a direct message?]]></document>
		<document><![CDATA[@AdrianMorrow Congratulations! Wonderful opportunity - and well deserved. From QP to Washington in one easy step.]]></document>
		<document><![CDATA[From cold type t Twitter. My, how times change.
Edit Post ‹ Christina Blizzard — https://t.co/eg9Cu9C5hW https://t.co/Sdr4kmdCyD]]></document>
		<document><![CDATA[@KevMcGurganFCO Great city. Great history. Not afraid to say that's where my parents were from.]]></document>
		<document><![CDATA[Snowmageddon, UK style.  UK weather warnings about 'snow storm' in London are mocked on Twitter | Daily Mail Online https://t.co/f3EOiohZPm]]></document>
		<document><![CDATA[Now here's a headline you don't see every day https://t.co/8P8GyNhgin]]></document>
		<document><![CDATA[Trump &amp; hymn-sing? Donald Trump to star in Songs of Praise show on his Scottish roots | Daily Mail Online https://t.co/HS2aqjG4jy]]></document>
		<document><![CDATA[West jet 3rd in N.A, Air Canada 10th 2016 On-Time Performance Service Awards Data – FlightStats, Inc. https://t.co/eo6vmf9dBV]]></document>
		<document><![CDATA[All bets are on for a Royal Wedding in 2017. Perhaps they could wed at TO City Hall. https://t.co/JmQosyglq9]]></document>
		<document><![CDATA[Who could hurt a beautiful pup like that? https://t.co/IVt6j6BoFg]]></document>
		<document><![CDATA[Wow Unbelievable game. Came down to last shot in shoot-out.  U.S. goalie was awesome.]]></document>
		<document><![CDATA[@rberthelsen Traditional gallery farewell. Will keep you posted]]></document>
		<document><![CDATA[@rberthelsen Thanks, Richard. Will make sure you're invited to the "mugging!"]]></document>
		<document><![CDATA[UK’s most popular baby names? Edward &amp; Florence. Edward reigns king of baby names announced in The Telegraph https://t.co/YdNz5RJaj2]]></document>
		<document><![CDATA[Hmm. Does Ork-exit loom? Orkney to explore independence from Scotland and UK following Brexit https://t.co/IyRxEgRJFa]]></document>
		<document><![CDATA[@kinsellawarren Loblaw's at Musgrave and Vic Park had some on Monday]]></document>
		<document><![CDATA[@BissonGilles Hey, Gilles. Sorry I missed you on my last day. Was a crazy day.]]></document>
		<document><![CDATA[@OntariosDoctors thank you. Ontario doctors are awesome!]]></document>
		<document><![CDATA[Welcome to retirement. It's  now traditional for a cabinet minster to   resign on day any gallery member announces… https://t.co/DsmXE62Ef2]]></document>
		<document><![CDATA[Took in @tso Messiah at R. Thomson Hall with son last night. Wonderful. Beautiful start to festive season. Take the family. #hallelujah]]></document>
		<document><![CDATA[@miketherien call for the resignation of Environment minister ...]]></document>
		<document><![CDATA[@michellepennell thanks Michelle. appreciate the kind words]]></document>
		<document><![CDATA[@grahamctv Thanks, Graham. Sad yes, but time to let the younger folk take over as well.]]></document>
		<document><![CDATA[@TonyclementCPC Thanks for this, Tony. Will be sure you're invited to the "mugging". Gonna miss all of you. Cheers]]></document>
		<document><![CDATA[It must  be Recovering Journalist night @tso Messiah. Hallelujah! https://t.co/KaL2tq5qVD]]></document>
		<document><![CDATA[Thanks, Martin - No more QPark mom and pop arguing about the kids in the gallery. Always appreciate your comments. https://t.co/Uf8XQSEYf2]]></document>
		<document><![CDATA[1st day of retirement: Sleep late. Buy Christmas crackers. Visit LCBO. Go to Messiah @tso with my son. Stay up late. All good.]]></document>
		<document><![CDATA[Special thanks to Sun desk and to my good friends in the Legislative Press Gallery. You guys are amazing and made my last day the best.]]></document>
		<document><![CDATA[Thanks, everyone. Friday was a tough day but made so much lighter with all the good wishes from friends and colleagues. 1/2]]></document>
		<document><![CDATA[Is is tough t sell a house with ghosts? or is it just more spirited? https://t.co/E7u15sUtXQ]]></document>
		<document><![CDATA[Thanks Deb. See you at the mugging! https://t.co/YrKm0sIsLx]]></document>
		<document><![CDATA[Thanks, Rob - So sad to leave all my Gallery friends. Star bureau is awesome. https://t.co/I8dAbRKBbw]]></document>
		<document><![CDATA[Most difficult decision to make ... Thanks for all your hard work and kindness, JK https://t.co/gtnXE0WosD]]></document>
		<document><![CDATA[Yep, we're still looking for that reporter! cheers, Jerry. Will invite you to my "mugging." https://t.co/vh1SMISfVG]]></document>
		<document><![CDATA[@FergDevins thanks, Ferg. Appreciate it. .Give my best to Huskie the Muskie]]></document>
		<document><![CDATA[Thanks, Toby, you are a true gentleman. See you at my mugging! https://t.co/aFLHFVR9nn]]></document>
		<document><![CDATA[Thanks. will do my best. https://t.co/WSQJqFZ7p7]]></document>
		<document><![CDATA[@QPCamera Hey, Jamie - Missing  the Gallery already. Great journos .. Good friends. Time to move on.  A bridge game is waiting ...]]></document>
		<document><![CDATA[Tough day yesterday. My sons helped me through https://t.co/FEmt67KkVS]]></document>
		<document><![CDATA[Patrick Brown must keep PC caucus focused to win next election | BLIZZARD | Onta https://t.co/DkbaJfGjH2]]></document>
		<document><![CDATA[@MHaarbosch thanks]]></document>
		<document><![CDATA[@timhudak Alastair Sim in Christmas Carol. Of course. But only on Christmas Eve]]></document>
		<document><![CDATA[Thanks. Always a pleasure working with you. The future involves a lot of duplicate bridge and no alarm clocks. Will… https://t.co/8Rr2OYavbh]]></document>
		<document><![CDATA[Thanks, Lisa - I pass the den mom torch to you. Always great talking to you. Best to Tori. Please come to the muggi… https://t.co/DTqrRS4YAD]]></document>
		<document><![CDATA[Thanks, it's been a great ride https://t.co/tZbdFDsYNg]]></document>
		<document><![CDATA[Thanks Robert - and cheers. It's been a blast https://t.co/EBUU4U6oxe]]></document>
		<document><![CDATA[Thanks, John - will invite you to the mugging https://t.co/WVlbKET6mX]]></document>
		<document><![CDATA[@Frank_Klees Thanks, Frank. Will invite you to the  mugging!]]></document>
		<document><![CDATA[@moe_jobidon @TheTorontoSun thanks!]]></document>
		<document><![CDATA[@Michael_KaneBNN Thanks !]]></document>
		<document><![CDATA[@Hebsyman thanks, Mark - appreciate it.]]></document>
		<document><![CDATA[@RChilderhose thank you]]></document>
		<document><![CDATA[@cjlewis511 @TheTorontoSun very kind. Thank you]]></document>
		<document><![CDATA[@COUPresident Thanks, David.]]></document>
		<document><![CDATA[@mfisheroverseas Thanks.. Your father was a legend in our business. Wonderful man taught us "kids" so much about politics and writing.]]></document>
		<document><![CDATA[@SteveClarkMedia thank you. appreciate that]]></document>
		<document><![CDATA[Thank you, means a lot https://t.co/7mKgflQQxp]]></document>
		<document><![CDATA[@JIMrichards1010 thanks, Jim. Tough decision  to make.]]></document>
		<document><![CDATA[@M86T009 @sunlorrie thank you so much!]]></document>
		<document><![CDATA[@LisaThompsonMPP thanks!]]></document>
		<document><![CDATA[@genevievetomney @ChristineBujold thanks!]]></document>
		<document><![CDATA[This from my dear friend and colleague @suntooz . Going to miss you all.
https://t.co/Im42IY4FpO]]></document>
		<document><![CDATA[@BarbDGtoronto thanks, Barb. Always listen to your show and love it.]]></document>
		<document><![CDATA[Thanks, Rob - you are a great editor and it was always a pleasure working with you. https://t.co/U3BL1tfW6u]]></document>
		<document><![CDATA[Hey, I'm quitting and trending at the same time! https://t.co/Xbk881fMlL]]></document>
		<document><![CDATA[Cheers Andrew. Thanks. https://t.co/MmMJMUnv7Z]]></document>
		<document><![CDATA[Thanks, Vic. Always such a classy guy. Always took my questions graciously https://t.co/EmzsosUAbg]]></document>
		<document><![CDATA[Thanks, Allison - Going to miss the gallery more than I can say https://t.co/BFD82uzZHk]]></document>
		<document><![CDATA[Thanks, Jim, It's truly been an honour to be there https://t.co/BlNI07ZNC9]]></document>
		<document><![CDATA[Thanks, Mike. Sun photogs always made my work better https://t.co/xhEMcTYXMK]]></document>
		<document><![CDATA[thanks, Adrienne. It's been a blast https://t.co/actbp5kY6t]]></document>
		<document><![CDATA[Thanks, Mike - The gallery's in great hands with reporters like you. Very tough decision to make. https://t.co/kutkSvC5CB]]></document>
		<document><![CDATA[Yes, but the gallery is in great hands with young reporters like you. Thanks, Adrian https://t.co/CCu4ZfqaAI]]></document>
		<document><![CDATA[@murraykcampbell It's time]]></document>
		<document><![CDATA[Thanks, Shawn. Leaving QP in your very capable hands! https://t.co/XglFHAofPo]]></document>
		<document><![CDATA[Thanks for the kind words, Cynthia . Best to you too https://t.co/9YkHPVmqGK]]></document>
		<document><![CDATA[Not with you around, Jerry. Thanks https://t.co/Q4ijZRAwl4]]></document>
		<document><![CDATA[Dear friend, I am going to miss you every day. https://t.co/1Ji2s5PN3n]]></document>
		<document><![CDATA[Thans, Ryan - always listen to your show. Thanks for having me on the Roundtable https://t.co/I6Fcz8xOG5]]></document>
	</documents>
</author>