<author lang="en">
	<documents>
		<document><![CDATA[@niclmatt Is it wrong that I enjoyed reading all that? Top effort!]]></document>
		<document><![CDATA[Make sure you keep him in the airlock for a few days. Just to make sure he is vetted properly. https://t.co/SpMeVxejR9]]></document>
		<document><![CDATA[@rhysam The only answer possible is "Yes".]]></document>
		<document><![CDATA[What could possibly go wrong. https://t.co/RnIai2C7y5]]></document>
		<document><![CDATA[Malcolm Turnbull used to believe tackling climate change was important. Now he hires top mining lobbyist as advisor. https://t.co/VhzHIKGSjo]]></document>
		<document><![CDATA[@ReaganDem4Trump I hope that its only feelings that he hurts. @WestWingReport]]></document>
		<document><![CDATA[@ReaganDem4Trump Trump is responsible for how he interacts with others. His approach to US allies needs to change, cupcake. @WestWingReport]]></document>
		<document><![CDATA[@ReaganDem4Trump No need for allies huh? Good luck with that. @WestWingReport]]></document>
		<document><![CDATA[This thread is worth a read. https://t.co/hE2ki6tPiO]]></document>
		<document><![CDATA[Extraordinary behaviour. Aren't we allies?
'The worst call by far': Trump badgers &amp; brags in call with Turnbull. https://t.co/EAh6vg77mB]]></document>
		<document><![CDATA[Health threats from climate change get little Australian research funding. Unlike windfarm syndrome.
https://t.co/36iita0fPZ via @watoday]]></document>
		<document><![CDATA[More consultation with insurance industry needed to aid effective disaster mitigation. https://t.co/nGErKJtaab]]></document>
		<document><![CDATA[Climate change exacerbates risks: water, food shortages, limited economic growth, societal cohesion &amp; security risks
https://t.co/ofXw2Z5pTz]]></document>
		<document><![CDATA[@JezNews Congrats and good luck in the new gig Jeremy!]]></document>
		<document><![CDATA[Shameful police treatment of #missing/ murdered gay men in Sydney from the 1980s discussed on @RNBreakfast. Hope new focus brings resolution]]></document>
		<document><![CDATA[Onya Suzie Ratcliffe for highlighting #missing children in the Australian @WomensWeeklyMag, hope it helps bring Joa… https://t.co/jO86MpEj1w]]></document>
		<document><![CDATA[Does anyone actually believe this? https://t.co/m6TLxEIFKU]]></document>
		<document><![CDATA[@Colvinius Fingers crossed for a good outcome.]]></document>
		<document><![CDATA[@gaby_moreno @RadioNational Thanks, enjoyed hearing the conversation and you perform, wish there had been time for more!]]></document>
		<document><![CDATA[@grhutchens @steph_gardiner I suspect you are correct. But this particular tweet is from a fake account.]]></document>
		<document><![CDATA[Sisters Britney(14) and Shaneque Hunter (11) are #missing from Parramatta, could be in Mount Druitt area. Call 1800… https://t.co/FFKq3LLTCT]]></document>
		<document><![CDATA[Condolences to Bernard Gore's family and friends. Such an awful way for a #missing person to be found. https://t.co/a7eRMnvUFc]]></document>
		<document><![CDATA[21 yrs since Sarah Spiers (18) went #missing from Claremont WA. Thoughts to Sarah's family &amp; friends. Hope this is… https://t.co/uvW76XFgSA]]></document>
		<document><![CDATA[@Steph_Philbrick Their loss. Not cool though.]]></document>
		<document><![CDATA[Remembering the 3 Beaumont children, Jane, Arnna &amp; Grant, #missing from Glenelg Beach SA since Australia Day, 1966.… https://t.co/62okJEfFtg]]></document>
		<document><![CDATA[Why would anyone want Australia to adopt a US-style health system? https://t.co/5791qAM7er]]></document>
		<document><![CDATA[I was in Kurri Kurri today.  Amazing that the fire there didn't do more damage. Thanks to all involved fighting it. https://t.co/b8l9U0OjY7]]></document>
		<document><![CDATA[Keeping my old school mate Rowan Cook's family in my thoughts. WA inquest fails to find how #missing camper died. https://t.co/MhB4OD2Ch5]]></document>
		<document><![CDATA[Rest well Gene Cernan, the last man on the moon. Vale. https://t.co/bLk1aaTljc]]></document>
		<document><![CDATA[@simonvandore Wait till it asks for a "password". Then you'll really be stuck.]]></document>
		<document><![CDATA[This day in 2016 Australian surgeon Dr Ken Elliott was kidnapped from his home in Burkina Faso. He's still #missing.
https://t.co/NX6MOT5FR6]]></document>
		<document><![CDATA[@sarahdaviscc You are most welcome, good lady.]]></document>
		<document><![CDATA[@sarahdaviscc Some trivia for you. https://t.co/bKJSaYmjfx]]></document>
		<document><![CDATA[@synapse101 Its actually getting warmer again here - up 3 degrees since 7:30pm.  Forecast to rise until 1:45am - 33C. That's just not right!]]></document>
		<document><![CDATA[Interesting article on reducing uncertainty in Brisbane River flood estimates. https://t.co/etGbhLPwrO via @brisbanetimes]]></document>
		<document><![CDATA[@Moloch2689 @marcfennell They aren't exactly being subtle, are they. Yep, hope he gets it sorted out.]]></document>
		<document><![CDATA[@marcfennell Think you've been hacked Marc.]]></document>
		<document><![CDATA[Clare Hollingworth, reporter who broke news about start of World War II, dies aged 105. Quite a life. https://t.co/4G2zeYyV7a via @watoday]]></document>
		<document><![CDATA[@wlsq @Tara_Moss The first woman murdered in 2016 was on 7 Jan, so a very bad year. The first murder for 2017 was 1 Jan. Another bad year.]]></document>
		<document><![CDATA[Makayla Wright is only 12 years old, is #missing from Cranbourne, Vic. If you can help find Makayla call 1800333000… https://t.co/djsMSqW1of]]></document>
		<document><![CDATA[If you know anything about my aunt Lyn Dawson's disappearance and presumed murder please call 1800333000. 35 years… https://t.co/DCpaw9BSYP]]></document>
		<document><![CDATA[Michael Chamberlain, a victim of a crowd baying for blood. Rest well. https://t.co/XwuqHlmCXc]]></document>
		<document><![CDATA[Lunchtime 35 yrs ago: Lyn Dawson misses lunch date with her mum. Takes another 6 weeks of pushing for Chris Dawson… https://t.co/uns0znP8mx]]></document>
		<document><![CDATA[@kmac Thanks so much for this Kate, I appreciate your support. One day we will say farewell to Lyn properly.]]></document>
		<document><![CDATA[@mpan_au Thanks Emma and to all the crew at MPAN for what you do. It is very much appreciated.]]></document>
		<document><![CDATA[@_ClaireConnelly Sorry for the loss of your friend Claire.
Looking SMH's article on FB, there are so many positive comments. I hope he knew.]]></document>
		<document><![CDATA[@_ClaireConnelly Not sure if you knew about this Claire, I remember you kindly helping Brian a few years back. https://t.co/4yPMSfgXvl]]></document>
		<document><![CDATA[Rest well, Shoeshine Brian Rudd. 
https://t.co/6eAlZSlJaR]]></document>
		<document><![CDATA[@sarahdaviscc Thanks Sarah. One day we'll have her home, to farewell her with the dignity she deserves.]]></document>
		<document><![CDATA[35 yrs ago tonight Chris Dawson poured my aunt Lyn Dawson a "lovely drink". By the next day Lyn was #missing.
Alway… https://t.co/RkI4i3lRNQ]]></document>
		<document><![CDATA[Two Qld women who simply disappeared.  #missing  https://t.co/bmYngV4XZO]]></document>
		<document><![CDATA[Emily (14yo) #missing since 2pm Wed 4 Jan from Ambarvale NSW, but she may be in the Bradbury area.
If you see Emily… https://t.co/SWjxTKXDiW]]></document>
		<document><![CDATA[@GeorgeTakei His ego won't allow it according to this worrying theory. Worth a quick look.  https://t.co/hTcS3UWyh8]]></document>
		<document><![CDATA[@eloiseeschenko Yeah, that's understandable.]]></document>
		<document><![CDATA[@eloiseeschenko He wanted to be President, and soon will be. I wish he'd start taking it seriously. As you say, its not a joke.]]></document>
		<document><![CDATA[@janecat60 @TonyHWindsor @mpan_au  Thanks Jane, thanks Tony. I'm just aware that some people don't like unsolicited tweets coming at them!]]></document>
		<document><![CDATA[@janecat60 @TonyHWindsor Also, @mpan_au is worth following for info on both recent &amp; long term #missing people.
(I'll stop bugging you now!)]]></document>
		<document><![CDATA[@janecat60 @TonyHWindsor Thanks for sharing this info. Sadly other kids are #missing too, my history has some of them if you'd like to RT.]]></document>
		<document><![CDATA[@davidheth @HuffPostAU He has no shame.]]></document>
		<document><![CDATA[Ignore climate change? Companies and investors won't get away with it https://t.co/WJf2RgpUpC via @theage]]></document>
		<document><![CDATA[NBN speed hacks? My NBN is so slow it wont download a thing for years to come. Still waiting for the roll out...

https://t.co/Il2h9tCnjx]]></document>
		<document><![CDATA[Accurate: NZ MP labels 'village idiot' One Nation senator Malcolm Roberts' comments 'absolutely nuts' https://t.co/XBOctEi9bw via @theage]]></document>
		<document><![CDATA[One person is reported #missing every 15 minutes in Australia. 1600 remain long term missing people. Thx @con_agius
https://t.co/onwELjRoMq]]></document>
		<document><![CDATA[@ShabbosShekels Such wit! Why cant you behave like a decent human being? (@VictoriaPolice )]]></document>
		<document><![CDATA[@raejohnston Thanks for doing what you do.]]></document>
		<document><![CDATA[@raejohnston Don't believe those comments, but please do believe this one. You seem a good person Rae. I value what I hear &amp; read from you.]]></document>
		<document><![CDATA[This day in 1983, 10 yr old Louise Bell was abducted from her home in Hackham West SA. She remains #missing. Time h… https://t.co/GWHf2oRXuH]]></document>
		<document><![CDATA[@synapse101 Clearly you are not, Emma!  Good on you.]]></document>
		<document><![CDATA[Drowning doesn’t look like drowning. So what should you look for?

https://t.co/KCfBvH5n9N via @slate]]></document>
		<document><![CDATA[This minute seems longer than usual...]]></document>
		<document><![CDATA[Hoodoo Gurus to see out the rest of the year sounds like a good plan. They've still got it!]]></document>
		<document><![CDATA[Enjoyed the early fireworks to see out 2016. And so did the local fire crew from their special vantage point!  Hope… https://t.co/pTjFlPAQxV]]></document>
		<document><![CDATA[@sarahdaviscc Ha! Don't like your chances getting any changes here.]]></document>
		<document><![CDATA[@GeorgeTakei A very thin but nevertheless satisfying silver lining for climate change.]]></document>
		<document><![CDATA[@con_agius @Colvinius @AFPmedia Thanks so much Connie for profiling a person who is #missing, I hope your story helps bring Karl home.]]></document>
		<document><![CDATA[Irukandji jellyfish moving south with warming oceans expert says; four people stung off Fraser Island.
https://t.co/eeXZQwCKUV via @abcnews]]></document>
		<document><![CDATA[Rodrigo Duterte is a thug. https://t.co/BJaok9Mp0Q]]></document>
		<document><![CDATA[Surely no one could actually think this? https://t.co/ix2tCVJChL]]></document>
		<document><![CDATA[Oh, how sad. This poor family. https://t.co/1YuDFJlBFN]]></document>
		<document><![CDATA[Smelling the stencil to see how new it was. https://t.co/Tcc8SF2Z5h]]></document>
		<document><![CDATA[Cutting off the internet when making a phone call. https://t.co/Tcc8SF2Z5h]]></document>
		<document><![CDATA[Police &amp; lifesavers search for Tui Gallaher (14yo), #missing off Sydney's Maroubra beach. Thoughts with his family.
https://t.co/baW8saIen5]]></document>
		<document><![CDATA[Farewell Carrie Fisher.  https://t.co/SP4bYaTwny]]></document>
		<document><![CDATA[This degree of narcissism cannot be healthy. https://t.co/2ZFZ8DB90Y]]></document>
		<document><![CDATA[@gailtranoy Sadly no. The Federal Police still have him on there list of missing people.]]></document>
		<document><![CDATA[@synapse101 Funniest claim I saw was for peacock damage to a shiny Rolls Royce door. The bird attacked it's own reflection. Claim was paid.]]></document>
		<document><![CDATA[@latikambourke Not at all. He was an important part of your life.]]></document>
		<document><![CDATA[@EJGriffiths @abcnews Such an amazing effort, @Clintonswalk!]]></document>
		<document><![CDATA[@sharanjit Wouldn't surprise me at all. The "negotiation" process was appalling, negatively affected morale. Plus LNP denigrates pub sector.]]></document>
		<document><![CDATA[@sharanjit I suspect your boy would be a better human in many respects. Merry Christmas to you and yours Sharanjit.]]></document>
		<document><![CDATA[@eloiseeschenko I hope you find your family one day Eloise. Have a very Merry Christmas!]]></document>
		<document><![CDATA[@MichaelWestBiz Thanks Michael, hope you and yours have a great Christmas too!]]></document>
		<document><![CDATA[The Australian govt is wilfully ignoring a no-brainer economic investment in disaster mitigation. Hardly a sign of… https://t.co/wMnb2L1FOh]]></document>
		<document><![CDATA[I hope the arrest in Claremont brings 18yo Sarah Spiers back to her family soon. She's been #missing far too long.
😢 https://t.co/J7XSEzBD0W]]></document>
		<document><![CDATA[This is just madness. This isn't strength, it's mutually assured destruction. Pure madness. https://t.co/B7ycTU1kee]]></document>
		<document><![CDATA[Danielle Stislicki (28) is #missing from Farmington Hills Michigan, contact police on 248-871-2610 with info.… https://t.co/AnEdKJfAi4]]></document>
		<document><![CDATA[Thoughts go to Chad Robinson's family/friends. Body of #missing former NRL player found at Kenthurst. https://t.co/t7RoFSUjdc via @watoday]]></document>
		<document><![CDATA[Hopefully a breakthrough: @ABCNews says man arrested over Claremont serial killings. Sarah Spiers remains #missing. https://t.co/Fj5EU6zHOr]]></document>
		<document><![CDATA[Australia's greenhouse gas emissions are rising. Pre-Xmas releases the Aust govt is embarrassed. They should be.
https://t.co/GiBBeV6pOa]]></document>
		<document><![CDATA[Mixed feelings. Having a family member #missing is heartbreaking. Most missing people get nothing like MH370 focus. https://t.co/qmLecSD6hU]]></document>
	</documents>
</author>