<author lang="en">
	<documents>
		<document><![CDATA[Tories in Downing St.
Tories in Kirribilli House.
Fascist neocon neo-Nazis in the White House.

...is there a reaso… https://t.co/FG5bxpUfHD]]></document>
		<document><![CDATA[This is either god-tier trolling or god-tier fail cake on the part of @Polygon and I don't know which https://t.co/333IGQAe4W]]></document>
		<document><![CDATA[@alexandraerin WAIT WHAT WHEN]]></document>
		<document><![CDATA[@m_m_myers this is dessert not breakfast what are you doing]]></document>
		<document><![CDATA["I'm worried there will be fewer job opportunities around here because I don't understand the relationship between… https://t.co/ZLPQ9RTNtw]]></document>
		<document><![CDATA[@sophieinc That also sucks. Balance is hard, ain't it?]]></document>
		<document><![CDATA[@Quinnae_Moon @UnburntWitch @ms45 DON'T GIVE THEM IDEAS]]></document>
		<document><![CDATA[#auspol HEY @PeterDutton_MP https://t.co/ScDNrcoDu0]]></document>
		<document><![CDATA[White American bigots are scared of a five year old refugee but they call US snowflakes?]]></document>
		<document><![CDATA[@sophieinc It can take that long to organise rent assistance and NewStart though. Shortening would need a "stay of eviction" system?]]></document>
		<document><![CDATA[Read closely. They EXPECT Democrats to play nice and dismiss the angry as "paid protesters." 
BE LOUDER https://t.co/BxBB4HqHZY]]></document>
		<document><![CDATA[The political left have finally realised the right shit on the rulebook long ago and that it's play for keepsies time. Good.]]></document>
		<document><![CDATA[Customs &amp; Border Protection has been instructed not to speak to Congress.
I hope your separation of powers was nice… https://t.co/VonZnto6Gc]]></document>
		<document><![CDATA[Because "obey the Leader either question or leave" in the wake of a State Department purge isn't terrifyingly autho… https://t.co/qPArB7cqPS]]></document>
		<document><![CDATA[This is going to be both terrifying and hilarious https://t.co/dT2MyC2Ivh]]></document>
		<document><![CDATA[@m_m_myers "The ram is also cursed"]]></document>
		<document><![CDATA[That a government enacting the will of its people can be labelled "populist" and therefore wrong shows the disdain of the political class.]]></document>
		<document><![CDATA[So is it just me or are Breitbart and Fox playing the roles of Pravda and Russia Today?]]></document>
		<document><![CDATA[@Andrew_Zammit A hypothetical: an uneasy Chi-NATO alliance of necessity squaring off against a Russo-American handshake deal fascist bloc.]]></document>
		<document><![CDATA[Read this. Please. If you read nothing else today. https://t.co/tXwc2IOwyJ]]></document>
		<document><![CDATA[They are literally the same person except one has a beard I don't even aaaaahhhh https://t.co/iqKX2LFW6Z]]></document>
		<document><![CDATA[This is a level of cunning coming from his advisors. Holy shit. https://t.co/0ff4DifEaT]]></document>
		<document><![CDATA[@TheKeyThief Can I share it on Facebook? Is there a way to tag you there to credit the source?]]></document>
		<document><![CDATA[@vanbadham Honest to God why don't we have a war room yet
The right have had the knives and blackjacks out for years and we play nice]]></document>
		<document><![CDATA[@TheKeyThief This is your drawing? 😭]]></document>
		<document><![CDATA[I'm not crying you're crying okay I'm crying https://t.co/0yTL9UmyLB]]></document>
		<document><![CDATA[This is quite a statistic. :-) https://t.co/eMAklIgs9N]]></document>
		<document><![CDATA[So with US Customs deciding they report directly to the Executive &amp;  ignore a court order we see how fragile US law &amp; order was. Six days.]]></document>
		<document><![CDATA[...and hopefully this means that the opposition, our resistance, realise the law &amp; the rules offer no protection and it's time to get dirty.]]></document>
		<document><![CDATA[US Immigration ignoring a court order may have tipped their hand early. They don't care about the law. At all. The gloves are off...]]></document>
		<document><![CDATA[Courts only have the power to enforce order on the willing or by force. So when those who would wield the force are… https://t.co/xYgRYsb4gG]]></document>
		<document><![CDATA[So I'm curious what the @ACLU 's plan is when the US just deports people anyway like they seem to be doing]]></document>
		<document><![CDATA[Yup. Immigration is ignoring the court stay order. https://t.co/5GggEskFPr]]></document>
		<document><![CDATA[@BabushkaThe @Asher_Wolf @PatsKarvelas They would and that is the single thin silver lining.]]></document>
		<document><![CDATA[@BabushkaThe @Asher_Wolf @PatsKarvelas But Trump isn't, and he commands half the planet's military spending and the biggest nuclear arsenal.]]></document>
		<document><![CDATA[@BabushkaThe @Asher_Wolf @PatsKarvelas That a strategic, if not nuclear war with Australia as an allied participant is on the table.]]></document>
		<document><![CDATA[@BabushkaThe @Asher_Wolf @PatsKarvelas We have Pine Gap and 2,500 US Marines in Darwin among other tasty strategic targets.]]></document>
		<document><![CDATA[@BabushkaThe @Asher_Wolf @PatsKarvelas Which means economic crash and literal war with China. And remember Trump questioned "no first use"]]></document>
		<document><![CDATA[So @Asher_Wolf is reporting that Twitter is currently rate limiting and can't tweet. First time in forever. Twitter must be overloading.]]></document>
		<document><![CDATA[@BabushkaThe @Asher_Wolf @PatsKarvelas ...when China goes to the int'l media (alarming of itself) and says war is probably inevitable?]]></document>
		<document><![CDATA[@BabushkaThe @Asher_Wolf @PatsKarvelas Our latest economic partner is China. We have a military alliance with the USA. Boned either way.]]></document>
		<document><![CDATA[@Andrew_Zammit You're very welcome. Heaven knows we need more level heads in this. Also, check out the latest Hardcore History.]]></document>
		<document><![CDATA[Did you know that China is theargest contributor to UN armed forces? Because I didn't.]]></document>
		<document><![CDATA[My old friend Andrew Zammit on the very topic of war with China. https://t.co/dgJ9Qt63Y2]]></document>
		<document><![CDATA[Remember that when China says war with the US is becoming a "practical reality" THAT MEANS AUSTRALIA AS WELL. THIS. AFFECTS. US.
#auspol]]></document>
		<document><![CDATA[@leahmcelrath waits for Immigration to ignore the judges and obey Trump]]></document>
		<document><![CDATA[Tramslation: Australia's role as a US military satellite state is useful in exerting military pressure on China https://t.co/H46QiQp7th]]></document>
		<document><![CDATA[Who wants to take odds that this is how Trump wants to pay for that wall? By robbing Mexican green card holders? https://t.co/5ewfeLKUrH]]></document>
		<document><![CDATA[@ashleylynch See my pinned tweet. XD]]></document>
		<document><![CDATA[Truly in the spirit of unity and unilateral cooperation upon which the UN was founded https://t.co/FINeXCdfuz]]></document>
		<document><![CDATA[@Modiphius I got a confirmation that I'm on your mailing list but that's it. 🙁]]></document>
		<document><![CDATA[@sophieinc From the shit holes I've lived in, damn skippy it does. 😕]]></document>
		<document><![CDATA[@FakeDanTosello I worry at the number of anti gambling ads I've seen lately. Twitter's ad algorithm has a very odd picture of me overall.]]></document>
		<document><![CDATA[YES. WHY IS THIS NOT ALREADY A THING. https://t.co/tnnLMrdSrZ]]></document>
		<document><![CDATA[This is the year the press either rediscovers its soul or loses it forever.]]></document>
		<document><![CDATA[@iyad_elbaghdadi Please don't, we REALLY need you right now.]]></document>
		<document><![CDATA[At @Cirque #Kooza and got covered in confetti. Taylin almost DIED at the high wire act. https://t.co/HwC6hqhEg8]]></document>
		<document><![CDATA[@ashleylynch @Spacekatgal Thank you for finding words for what I've been trying to express for a while]]></document>
		<document><![CDATA[@HardcoreHistory Like the chapters, I'd like them to be more frequent! Also, can you code them in so the podcast player can jump to them?]]></document>
		<document><![CDATA[Oh good God. If you have never listened to @HardcoreHistory please please PLEASE go listen to the latest episode I am actually begging you.]]></document>
		<document><![CDATA[@m_m_myers @Wordy_Librarian It's also full of hilarious trolls 😄]]></document>
		<document><![CDATA[Post-truth politics will then proceed to ignore the fact checking and go back to bollocksing everything up https://t.co/o3PboVWwAz]]></document>
		<document><![CDATA[If government will not listen to scientists then scientists must become the government.
@CSIROStaff]]></document>
		<document><![CDATA[2020 @CSIROStaff I'M LOOKING FOR YOU ON MY BALLOT https://t.co/CxLLxR2RPQ]]></document>
		<document><![CDATA[I CANNOT EXPRESS HOW MUCH FUCK YES https://t.co/CxLLxR2RPQ]]></document>
		<document><![CDATA[I thought this was the world's most avant-garde netball team for a brief, horrifying moment https://t.co/Ft4AcNF7T6]]></document>
		<document><![CDATA[@ChrisWarcraft On a related note I'm baking a sour cherry clafoutis]]></document>
		<document><![CDATA[We have reached the "reward my friends and punish my enemies" step of fascism. Day 5. https://t.co/Lc8ouSAjyV]]></document>
		<document><![CDATA[@UnburntWitch are you a WWII experiment in infra-red spoofing warship paint because I really wanna put a torpedo in you

I am so sorry]]></document>
		<document><![CDATA[@SkulldelaCreme I remember feeling a discomfort while watching Rogue One and had the Muslim visual coding pointed out later. :-(]]></document>
		<document><![CDATA[@TheRealStanLee Stan my man, when did you write this!? Also please accept my most sincere high fives.]]></document>
		<document><![CDATA[Source unknown 
Women's March, Albany USA https://t.co/NpZhb3CK0z]]></document>
		<document><![CDATA[So @HarriedWizard I imagine Chicago's gonna have a LOT of snow if Trump sends in the Feds...?]]></document>
		<document><![CDATA[Trump referring to the Mar-a-Lago resort as his "winter White House" is just...so perfect(ly vomitworthy)]]></document>
		<document><![CDATA[My gender and I will be in the next few days ago save job map of the scene of the scene of the scene of the scene o… https://t.co/SprS2wlnJJ]]></document>
		<document><![CDATA[@FakeDanTosello at the time they were terribly butthurt that an internet rando (moi) was demonstrating they were full of shit but that too!]]></document>
		<document><![CDATA[@FakeDanTosello Haha, me too! I also got blocked by the gov't of Nauru account. *pride*]]></document>
		<document><![CDATA[@FakeDanTosello And blocked me, so sadly I miss her best bits.]]></document>
		<document><![CDATA[@FakeDanTosello She's apparently in furious denial which is uncharacteristically smart for Rita]]></document>
		<document><![CDATA[Asking a climate scientist about gender dysphoria is like asking a motor mechanic why your apple tree is dying. Dis… https://t.co/CFGSK7UzA3]]></document>
		<document><![CDATA[@Modiphius Signed up for the playtest to give my massive Trekkie parents-in-law a run through, how long until the playtest arrives?]]></document>
		<document><![CDATA[Well that was a roller-coaster from start to finish https://t.co/xEvNIn2282]]></document>
		<document><![CDATA[This paragraph is a thing of beauty. Oh lordy. 😅
https://t.co/cUphZAx6hJ https://t.co/q4d8VVBvGO]]></document>
		<document><![CDATA[Well this is...timely https://t.co/rrAJKzPwNV]]></document>
		<document><![CDATA[@sophieinc thoughts? https://t.co/K6seYV8JyJ]]></document>
		<document><![CDATA[@m_m_myers wait, does this mean they admit we won?]]></document>
		<document><![CDATA[Religious conservative for "I want my prejudices to have legal protection." Fight them for every inch. https://t.co/QZQywdH5Ur]]></document>
		<document><![CDATA[@alexandraerin This is also a hallmark of someone who finds themselves in a position of power they realise they are under equipped to handle]]></document>
		<document><![CDATA[Supreme Court: The government cannot act unilaterally and must have parliamentary approval.
Iain Duncan Smith: UNDE… https://t.co/Bel3Dk42tW]]></document>
		<document><![CDATA[@sophieinc ...im not gonna lie, I don't think I want to play FFXV.]]></document>
		<document><![CDATA[@ibbers @Andrew_Zammit That's basically who I'm hoping to find. XD]]></document>
		<document><![CDATA[Looking right at you @PaulineHansonOz. #auspol
https://t.co/25jJoolM76]]></document>
		<document><![CDATA[@Andrew_Zammit
"Agent Orange"
"Voodoo deities"
"How much sweatshop workers paid"
"Police bribery India"
"Marital rape 1920"
and so forth.]]></document>
		<document><![CDATA[@Andrew_Zammit
"most venomous insect"
"how to rob a bank"
"what dissolves teeth"
"can I buy a tank in Russia"
"age of consent in Budapest"]]></document>
		<document><![CDATA[@Andrew_Zammit That said every RPG game master is on a watch list somewhere. Our Google search histories must give the NSA seizures.]]></document>
		<document><![CDATA[@AngelaKorras @Andrew_Zammit @dcnsgroup I'm not exactly at a point that I can afford fancy paid consultation. XD Thanks for the tip though!]]></document>
		<document><![CDATA[@Andrew_Zammit Thanks, because this isn't going to get me put on any government watch lists or anything. XD]]></document>
		<document><![CDATA[The best take https://t.co/VVN3CGDci0]]></document>
		<document><![CDATA[@Andrew_Zammit Hey, completely random question: do you know someone who knows much about submarine combat, specifically against other subs?]]></document>
		<document><![CDATA[@BabushkaThe No, that China knew the play was coming and is preparing to face down Russia and the US (who are now best buds) at once.]]></document>
	</documents>
</author>