<author lang="en">
	<documents>
		<document><![CDATA[Great leadership &amp; great work @suebakerTTC 🙌🏻 I'll be tuning in. Thank you for passionately driving this forward… https://t.co/MvsFKCUSsO]]></document>
		<document><![CDATA[Thanks for this pic @AddactionUK I really like it! It can be very difficult to reach out when you're down.… https://t.co/RqRyJJ63pJ]]></document>
		<document><![CDATA[✅Hi, how are you feeling? ✅Are you free for a chat later? ✅ How have you been since we last met? ✅Any plans for the… https://t.co/lndf5PBzau]]></document>
		<document><![CDATA[2/12/16 to 1/02/17 from severe depression &amp; inpatient @NHS_ELFT to #recovery &amp; discussing #mentalhealth at the BBC.… https://t.co/i4j11XztOG]]></document>
		<document><![CDATA[Thank u @fatattacknow I am so glad to have my smile back; I really missed it. #depression took it away &amp; @NHS_ELFT… https://t.co/NGuHEy0opp]]></document>
		<document><![CDATA[Talking of which, @selwonKR have u tried #Mindfulness I have been practising for 8 weeks now &amp; love it. Really helps us enjoy the here &amp; now]]></document>
		<document><![CDATA[Glad to hear it @selwonKR I agree getting out &amp; about is great for #mentalhealth especially if we look around and e… https://t.co/UGxTXEi64X]]></document>
		<document><![CDATA[Knowing that #depression is a temporary state &amp;is a treatable clinical illness. Even at my lowest point I knew Id f… https://t.co/2WHyYEoLG1]]></document>
		<document><![CDATA[Really excited 2be at BBC house this eve; I was being interviewed about my recent experience as a #mentalhealth inp… https://t.co/dUdvaOEI8K]]></document>
		<document><![CDATA[Allowing myself to cry 😢😢😢 When we're happy, we laugh. When we're sad we cry... why is that not ok? #SickNotWeak… https://t.co/LzRPkkarLe]]></document>
		<document><![CDATA[It's easy to initiate conversations about #mentalhealth great advice from the Medical Director at @SWLSTG #TTTD17… https://t.co/Eik6zDs36A]]></document>
		<document><![CDATA[Good luck with it Richard and let us know how you get on... eye contact and smiles are always a great start!… https://t.co/AtM14S82FA]]></document>
		<document><![CDATA[Do some Mindfulness meditation, get relaxed &amp; be at ease. Then keep ur phone in ur pocket &amp; go out for a walk. Smil… https://t.co/npKiUSPrmc]]></document>
		<document><![CDATA[Great project @CNWLNHS how can we spread this learning? Congratulations to the team on winning the award… https://t.co/xUCBWk2DxK]]></document>
		<document><![CDATA[Congratulations @TaviAndPort great to hear this ✅✅✅✅ well done to everyone at the Trust https://t.co/4Zv0BJaadV]]></document>
		<document><![CDATA[Starting conversations really is this easy: beginners guide to chatting 💬💬💬 #happytochat #timetotalk #tttd17… https://t.co/VVzz318wLg]]></document>
		<document><![CDATA[Inspired by #happytochat &amp; #TimetoTalk Ive been leaving my phone in my bag whilst travelling &amp; starting convos on the bus. It's good to talk]]></document>
		<document><![CDATA[Great work @BrianwDolan I love your #last1000days work. Lots of other inspirational initiatives here too. I❤NHS. Pl… https://t.co/N0AeQcPcsc]]></document>
		<document><![CDATA[Great initiative #happytochat and a great legacy for Jo Cox @JoCoxLoneliness ... people can feel lonely in a crowde… https://t.co/Ofw8qZNKd0]]></document>
		<document><![CDATA[#depression the silent killer; reach out to family, friends &amp; colleagues. How are you feeling? Fancy a chat? Time f… https://t.co/03tyj47XKx]]></document>
		<document><![CDATA[Ahhhhh @NurseEiri thank you kindly ☺️ hurry back so we can have a cuppa and a good chat https://t.co/QrhblAXKcE]]></document>
		<document><![CDATA[New @MindCharity support line for GPs who have been experiencing #mentalhealth problems, addiction or burnout… https://t.co/Pe7Eorm8qk]]></document>
		<document><![CDATA[Reaching out to people really is this easy! &amp; if you're feeling low don't say "yes I'm fine thanks" when you're not… https://t.co/ufhna9dJbm]]></document>
		<document><![CDATA[Thanks @langleyn I'm doing well... I'm just finding that silver lining and relishing in it https://t.co/3CUwUXDbfF]]></document>
		<document><![CDATA[Oh... &amp; read this book! @DrEm_79 its beautiful ❤ it talks about the impact you have on people that you never get to… https://t.co/HYKqIUTb1n]]></document>
		<document><![CDATA[So true @DrEm_79 why don't you reach out to 3 people on #TTTD17 &amp; tell them the positive impact they had on you… https://t.co/vnEWDZZw4v]]></document>
		<document><![CDATA[This is a great 'starter kit' for opening up conversations about #mentalhealth &amp; ongoing support... worth sharing https://t.co/2sCww7qunj]]></document>
		<document><![CDATA[Thanks @KarenR_NHS glad you found my post inspiring... I'm just being open &amp; honest about #mentalhealth and my 👌🏻 e… https://t.co/w7QIgO7reQ]]></document>
		<document><![CDATA[*Advanced warning* Interesting viewing regarding #mentalhealth services in the U.K. BBC1 Mon 6th Feb 20:30  https://t.co/FjWsddQRCs]]></document>
		<document><![CDATA[I really love this @actionhappiness Im always setting goals, mayb 2 many at once? I'll reconsider &amp;get my 3 top pri… https://t.co/cZOprolZ1l]]></document>
		<document><![CDATA[Really helpful update with key dates for your 2017 #MentalHealth Calendar ... get involved and get talking #stigma https://t.co/9B9qg8ykGs]]></document>
		<document><![CDATA[Thought of the day #MentalHealthMatters we take our health (physical or mental) for granted. I have learnt so much… https://t.co/ZqIdGyAW72]]></document>
		<document><![CDATA[Thanks @Katcopley gratefully received 😊 Im so pleased that sharing my experience has helped others open conversatio… https://t.co/C513OFOivz]]></document>
		<document><![CDATA[Great opportunity to be part of the #qualityimprovement team at an 'outstanding' Trust @NHS_ELFT  Band 8a ⭐️⭐️⭐️⭐️⭐️ https://t.co/nT215n9sau]]></document>
		<document><![CDATA[#Guildford peeps... https://t.co/u9qxDJSRyZ]]></document>
		<document><![CDATA[Thanks @PookyH its been the darkest time for me; now I'm enjoying every minute of #recovery &amp; enjoying all the litt… https://t.co/AddjQqpA2T]]></document>
		<document><![CDATA[Thanks for this @PookyH I will download &amp; listen later. Opening up conversations with friends about #mentalhealth i… https://t.co/OMH0P6LRfX]]></document>
		<document><![CDATA[I love the visual imagery here; you look the same on the outside but inside you're screaming &amp; desperate for help 😰… https://t.co/WZtBEFxkZG]]></document>
		<document><![CDATA[Thanks for your kind &amp; encouraging words @manydownstimeto #mentalhealth #endstigma https://t.co/QG6o079b3K]]></document>
		<document><![CDATA[We're creatures with a range of social physical #mentalhealth spiritual financial professional &amp; cultural needs. It… https://t.co/AskqK04uph]]></document>
		<document><![CDATA[3/3 the #QI violence collaborative helped open difficult convos with other inpatients in a constructive way @JenTaylorWatt @ELFT_QI Thanks]]></document>
		<document><![CDATA[2/3 he attended every Community meeting &amp; would calmly help us raise &amp; discuss issues. He was objective &amp; supportive @JenTaylorWatt @ELFT_QI]]></document>
		<document><![CDATA[1/3 It was great having Steve as a regular familiar friendly service user on Gardner ward. He's gentle&amp; approachabl… https://t.co/ZN8Tu2Oss3]]></document>
		<document><![CDATA[@HealthwatchE sadly often many negative stories about #mentalhealth please see my excellent experience at @NHS_ELFT https://t.co/d70Zt3v50u]]></document>
		<document><![CDATA[@HackneyAbbott u should be so proud of comprehensive #mentalhealth services in #hackney read my recent 👍🏻 experienc… https://t.co/EoYHg3Z37A]]></document>
		<document><![CDATA[Thanks @ChipmunkaBooks Im glad 2b through those dark days&amp; relishing my #recovery now. An interesting experience; p… https://t.co/0aSqBlAA1S]]></document>
		<document><![CDATA[Thanks @MPSHackney Im enjoying recovery now. Fab services from @NHS_ELFT @hackneycouncil &amp; @MindCharity working wel… https://t.co/sRm2UE6HtM]]></document>
		<document><![CDATA[Glad u enjoyed my post @ViralKMH now I've seen crisis care from 3 perspectives: Crisis nurse in '94 then Director i… https://t.co/cZfeiCjt1p]]></document>
		<document><![CDATA[I love the concept of the #friendshipbench ❤ I have heard and read about it many times. Keep up the great work… https://t.co/XymtnaNS0W]]></document>
		<document><![CDATA[Great to see the planning has started @NAkufoAddo @FreshNews_Ghana however I don't see any women in ur planning com… https://t.co/VBYuhPHRlP]]></document>
		<document><![CDATA[No one is immune from #mentalillness it doesn't discriminate. However a healthy, peaceful, satisfying &amp; well balanc… https://t.co/fad0UDRL7K]]></document>
		<document><![CDATA[Thanks @bobjbrown its great to be in #recovery I'm focusing on wellbeing, #mindfulness &amp; great community services i… https://t.co/ApJCugZyp9]]></document>
		<document><![CDATA[Thanks @sweetutopia #recovery is feeling good and I'm really enjoying enjoying things again. Does that even make se… https://t.co/c4CI6aKapO]]></document>
		<document><![CDATA[The #MHGap program from @WHO is brilliantly simple &amp; empowers LMIC. I did the training last year &amp; was part of a Df… https://t.co/f2EuUVOhKD]]></document>
		<document><![CDATA[Thanks for your kind message @roseydoolub I'm glad my story is being used to tackle stigma &amp; open up conversations… https://t.co/SH316kApgF]]></document>
		<document><![CDATA[Ive just enjoyed a lovely Thai massage as part of my #selfcompassion &amp; #recovery plan; we need to look after oursel… https://t.co/g0rYr1GjeW]]></document>
		<document><![CDATA[Thank you for your kind words of encouragement @MaameSerwaah8 my Ghanaian sister 🇬🇭❤ https://t.co/ukstTbpWWK]]></document>
		<document><![CDATA[@heads_together thanks 4 sharing my post. Im delighted to say Im recovering well now 😊 You are doing a great deal 2… https://t.co/rt2A5wycBE]]></document>
		<document><![CDATA[Thanks @CityHealthLDN and thanks also for the link to your page... amazing array of #mentalhealth services! Great w… https://t.co/b5ey2VF23q]]></document>
		<document><![CDATA[@GuardianTT please pass my thanks to Ms Ravello, I really love the way shes written this article about my experience https://t.co/lQ1vxRtMDC]]></document>
		<document><![CDATA[@Agile_Morpheus 👀 I saw this &amp; thought of you. I hope you're well... see you in 🇬🇭 soon I hope https://t.co/NzgKCWHIVg]]></document>
		<document><![CDATA[@neilgchurchill my original post on LinkedIn highlighting 'outstanding' care and patient experience @NHS_ELFT https://t.co/d70Zt3v50u]]></document>
		<document><![CDATA[@neilgchurchill I want2 highlight my excellent patient experience in #mentalhealth service by NHS Director @NHS_ELFT https://t.co/VMXzOWvOgQ]]></document>
		<document><![CDATA[Are they not @HannahtheOT ? as a manager I've found HR, Occy health &amp; staffside supportive of MH issues. Maybe now… https://t.co/Us5OX3FVd6]]></document>
		<document><![CDATA[I love the strength behind this quote https://t.co/zOPUcIx4ZK]]></document>
		<document><![CDATA[#mindfulness is key to my #recovery journey. I'm attending a 10 week evening course with @MindCharity on 'Mindfulne… https://t.co/J1eOQ3G7zh]]></document>
		<document><![CDATA[Thanks very much @jsbamrah that's a really interesting article, much appreciated. I'm recovering well &amp; glad to be… https://t.co/iPnY9Jgz86]]></document>
		<document><![CDATA[Thanks @peer_talk it has helped me and helped others start conversations about #mentalhealth #BellLetsTalk… https://t.co/OthIIzlfWH]]></document>
		<document><![CDATA[Well done @NHSBenMorris sounds like u had an interesting experience and so glad to hear the @_Haelo @BEHMHTNHS #QI… https://t.co/igfAJzl1zR]]></document>
		<document><![CDATA[#BellLetsTalk be honest with ur closest family &amp; friends, even about difficult conversations. People can't read you… https://t.co/fwMJesMfDD]]></document>
		<document><![CDATA[Congratulations to the whole team @OFFICIALWMAS for a ⭐️⭐️⭐️⭐️⭐️ 'outstanding' rating from the #CQC great leadershi… https://t.co/iE8IqmJ4eI]]></document>
		<document><![CDATA[Had my first session of 1:1 #ArtTherapy this morning using a #sandtray a very helpful, interesting &amp; thought provok… https://t.co/QZdqslvvqO]]></document>
		<document><![CDATA[Opening up conversations about #mentalhealth helps create an environment for healthy and compassionate discussion #BellLetsTalk]]></document>
		<document><![CDATA[Try reaching out to your family and friends when you're feeling down; you may be surprised at the positive response u get #BellLetsTalk]]></document>
		<document><![CDATA[@NurChat thanks for retweeting. My experience highlights that even those with years of experience&amp; knowledge can st… https://t.co/TM6vi71nmp]]></document>
		<document><![CDATA[Thanks @LowEbbs I've followed you. Happy to talk about great care from @NHS_ELFT its made such a positive impact on… https://t.co/2t3AkCMeYE]]></document>
		<document><![CDATA[@CheekyRugger thank you 😊👍🏻]]></document>
		<document><![CDATA[Considering your focus on #mentalhealth @bbc5live I thought you might be interested in my recent experience https://t.co/d70Zt3v50u]]></document>
		<document><![CDATA[Thanks Rob, a bit more detail here in BBC interview https://t.co/Z70duNGkVs my next steps are to focus on my… https://t.co/5nxbz5XSpH]]></document>
		<document><![CDATA[Thank you very much for your kind words &amp; support. I'm glad to be opening up conversations about #mentalhealth and… https://t.co/uf8DEASQP7]]></document>
		<document><![CDATA[Thanks so much for ur kind words &amp; support @jen_hyatt hope @BigWhiteWall1 going well. I'm taking 3 months off for… https://t.co/gTQKBHRitr]]></document>
		<document><![CDATA[Thank you @WOWtweetUK this sounds like a great festival &amp; love to be part of it. I've sent you a DM https://t.co/eHgNLi7OpB]]></document>
		<document><![CDATA[Thanks @ThinkActSurrey best wishes received with thanks. #recovery feeling good &amp; im glad to be opening up conversa… https://t.co/oeVxiKwvHm]]></document>
		<document><![CDATA[Thanks very much @MartinEHeadofC the #NHS @NHS_ELFT has been amazing. My #recovery is going well... and I'm being k… https://t.co/oK8euwpODQ]]></document>
		<document><![CDATA[My pleasure Megha, I like the way youve written the article, thanks. Im glad 2be challenging stigma &amp; opening convo… https://t.co/0gqYxb0HR5]]></document>
		<document><![CDATA[@NavinaEvans you should be so proud of ur amazing team on Gardner Ward: Kevin, Laura, Dr C and every1 ❤❤❤ @NHS_ELFT… https://t.co/Qtt37c1GxX]]></document>
		<document><![CDATA[Sorry @nickyruneckles 😘😘😘 I love your brace &amp; open post too 😉thanks @AlysColeKing]]></document>
		<document><![CDATA[Thank you @simbakay1 ... well wishes gratefully received. My #recovery going well too thank you]]></document>
		<document><![CDATA[Follow up interview with 'BBC trending' on #mental health with a strong focus on the great care I received… https://t.co/m2uMRSZ9tV]]></document>
		<document><![CDATA[Thanks for retweeting @CareQualityComm my personal experience shows that @NHS_ELFT really is ⭐️outstanding ⭐️… https://t.co/rNOn8ZCrpe]]></document>
		<document><![CDATA[Well wishes gratefully received @HealthwatchBB thanks. Happy to be challenging #Stigma &amp; opening positive conversat… https://t.co/h8JsVDNIBc]]></document>
		<document><![CDATA[Thanks @ethicsconsult I'm a life long advocate 4 #mentalhealth so how could I hide my illness like a dirty secret;… https://t.co/W4PwqUucbt]]></document>
		<document><![CDATA[Good wishes gratefully received @johnwalsh88 I'm pleased to be challenging #Stigma and helping to open conversation… https://t.co/qezWOfOpFI]]></document>
		<document><![CDATA[Thanks @nickyruneckles I'm feeling so much better; #recovery is going well. I'm being kind &amp; compassionate to mysel… https://t.co/Rw7mZkSmvo]]></document>
		<document><![CDATA[I hope ur ok now... keep focused on self compassion, #Mindfulness and #recovery ❤ Prevention is better than cure https://t.co/sSLNg1rJwU]]></document>
		<document><![CDATA[Excellent response 2 #mentalhealth crisis @ViralKMH other Trusts can learn from awesome Acute Care Pathway @NHS_ELFT https://t.co/d70Zt3v50u]]></document>
		<document><![CDATA[@RMayNurseDir Excellent nursing care received by ex Director of Nursing in a crisis @NHS_ELFT are CQC 'outstanding' https://t.co/d70Zt3v50u]]></document>
		<document><![CDATA[@RuthDaviesMH the Crisis Cafes are such a great initiative for people needing support out of hours; the model needs… https://t.co/Zhrd5tybMM]]></document>
		<document><![CDATA[@RuthDaviesMH I just saw ur profile &amp; wanted to let you know of excellent example of Acute care pathway in @NHS_ELFT https://t.co/d70Zt3v50u]]></document>
		<document><![CDATA[None of us know tomorrow @chris3554 &amp; thank you. I am now focusing on #recovery and #wellbeing ... it feels good 😊 https://t.co/1TJCPygRh0]]></document>
	</documents>
</author>