<author lang="en">
	<documents>
		<document><![CDATA[NOT HERE FOR THIS https://t.co/xzb5NUXkir]]></document>
		<document><![CDATA[@quinncy Consider for all Rogue accounts.]]></document>
		<document><![CDATA[@vplus This is Defcon 1 level of NPD. WOW.]]></document>
		<document><![CDATA[@ghaney22 I'mma need #jumpsuitlife this weekend.  SUCH a great idea.]]></document>
		<document><![CDATA[@jwscoop You should talk about that more!]]></document>
		<document><![CDATA[@amberpfau It's the right decision for Barron. But a good dad wouldn't have run if it meant putting his son at risk.]]></document>
		<document><![CDATA[@jwscoop What does the @MBF_Foundation do? What's their mission and impact?]]></document>
		<document><![CDATA[@simplyrecipes He calls all the shots. This is about limiting exposure (critical or otherwise) for her and their son.]]></document>
		<document><![CDATA[Let's be clear: this was likely not her decision. https://t.co/FIGSdxdAUe]]></document>
		<document><![CDATA[@ErinAHennessy @Lemmonex Or, Chinese delivery eaten in bed with a movie and sleepy time by 8:30 or 9.]]></document>
		<document><![CDATA[@ErinAHennessy @Lemmonex Also, La Pulperia on 46th between 8th and 9th. Hanger steak with chimichurri, coconut rice....]]></document>
		<document><![CDATA[@peterogburn Aawwww, so glad you got to spend time with @TomPerez. He's good people.]]></document>
		<document><![CDATA[@tammy I am voodoo-ing Betty White pretty hard so she goes first.]]></document>
		<document><![CDATA[@GenePark OMG that looks terrifying.]]></document>
		<document><![CDATA[@ronlieber I guess.... it just feels like the whole topic went away so abruptly.]]></document>
		<document><![CDATA[How in the world will he be able to balance work and being a dad? https://t.co/J9jGU1cKnI]]></document>
		<document><![CDATA[Not gonna lie: drove 10 mins out of way to meeting so I could drive near zoo. #olliespotting]]></document>
		<document><![CDATA[@ronlieber How come no one is talking about Russian interference in the election anymore?]]></document>
		<document><![CDATA[@annasproul @petridishes 🎶Bobbbbbcaaat, take me awaaaaay, to where I've I always heard it could be...🎶]]></document>
		<document><![CDATA[@grubreport NPCA is a separate nonpartisan 501c3 organization. Not part of the park service.]]></document>
		<document><![CDATA[@TheGoodDeath @annasproul LOLOLOLOL to this whole thread. SAME SAME SAME. Garanimals for adults. Worse than Chico's!]]></document>
		<document><![CDATA[@lastnightsdinnr Check out the Executive Branch page. BO and JB still listed as Prez and VP.  :)]]></document>
		<document><![CDATA[@SylvieNFawley Okay.  Whew.]]></document>
		<document><![CDATA[@SylvieNFawley Ugh. There goes my morning meeting schedule.]]></document>
		<document><![CDATA[@SylvieNFawley Protests?  Weather?]]></document>
		<document><![CDATA[💙 💙 💙 💙 💙 #YouWillBeFound https://t.co/kK3tGRwb4v]]></document>
		<document><![CDATA[@daisy_razor The other night I watched "How to Lose a Guy in 10 Days" -- it's sooooo not a good movie, but I couldn't help myself. #brainrot]]></document>
		<document><![CDATA[@ErinAHennessy @WebsterPam ::cough cough:: Music and Lyrics ::cough cough ::]]></document>
		<document><![CDATA[@Diann12stephens For someone who "Liked" the King James Bible on Facebook, you're awfully unkind. Goodness gracious!]]></document>
		<document><![CDATA[@WebsterPam @ErinAHennessy  YEESSSSSSSSS....that's another one I have seen a gazillion times and will still watch EVERY TIME (own it on DVD)]]></document>
		<document><![CDATA[Love this @briankoppelman conversation with Mike Lupica. #writing  https://t.co/Vk6nqDz99k https://t.co/jXRMdJFlph]]></document>
		<document><![CDATA[@thebestjasmine Governor Wolf (PA)]]></document>
		<document><![CDATA[“If You Want to Be a Prolific Writer, Become a Voracious Reader” by @UnmistakableCEO https://t.co/JHqmwqVeml]]></document>
		<document><![CDATA[@Belair19571988  That's awesome -- good eye!  Imagine how much fun that day was with those guys.  Wow!]]></document>
		<document><![CDATA[@DCHagedorn And Jared with the ass grab. #mirror]]></document>
		<document><![CDATA[@tsracewife Isn't that wild? Such a different era.  Love how the ladies are all decked out in hats!]]></document>
		<document><![CDATA[@russellwarnick That is awesome! I once baked a 6-layer chocolate cake w/ chocolate icing, "tiled" in M&amp;Ms for one of the neighbor kids!]]></document>
		<document><![CDATA[@larkin_dotty Please don't judge me without knowing me, okay?  Thanks!  😀]]></document>
		<document><![CDATA[@larkin_dotty Goodness, nothing to do with that. For me, it had to do with needing a clear desk to function. Kind of a disorder here. :)]]></document>
		<document><![CDATA[Movie I have seen approximately 8,275,915,004 times and will still stop and watch again when scrolling channels .... https://t.co/PCwHG79aYE]]></document>
		<document><![CDATA[@frijolita Are you here, too? https://t.co/y5L4IGHAD4]]></document>
		<document><![CDATA[@ninethe9  Is your OCD kicking in, too?  😉😉😉]]></document>
		<document><![CDATA[@wendster73 @OPSECeast @SeawordG @KateBennett_DC HA!  You're right! Wooowwww...]]></document>
		<document><![CDATA[@Lila_LMR My goodness, that's an unkind response from someone who claims to be a follower of Jesus. That saddens me.]]></document>
		<document><![CDATA[@OPSECeast @KateBennett_DC And look at those ladies in their hats! 😍😍😍]]></document>
		<document><![CDATA[@melBELL_USA Hee!  ::fist bump::]]></document>
		<document><![CDATA[@vbspurs  Hee -- I know! :)]]></document>
		<document><![CDATA[@KateBennett_DC Is there a coaster? All that stuff on the desk is stressing me out.]]></document>
		<document><![CDATA[@catherinegelera @ghaney22 @Achapphawk  BAAAHAHAHAHHAAAA. Their discussion of 90s lady-pop gave me life that day.]]></document>
		<document><![CDATA[@alexlicea82 DM me a good email for you.]]></document>
		<document><![CDATA[@alexlicea82 So great to see you!!!  (now GET WRITING)   :)]]></document>
		<document><![CDATA[This is why you button your suit jacket when not sitting, right men? https://t.co/z8pozk9XAV]]></document>
		<document><![CDATA[@grubreport Yep. That's the main switchboard number. Has been for 50 years or more.]]></document>
		<document><![CDATA[@grubreport Otherwise, just call 202-456-1414 and ask for the Office of Public Liaison.]]></document>
		<document><![CDATA[@grubreport If you're fine being added to a marketing database that will get sold many times over ......]]></document>
		<document><![CDATA[@chrisshott How is that possible?]]></document>
		<document><![CDATA[@JMunozActor @Twitter  I KNOW.  Grrrrrrrrr....]]></document>
		<document><![CDATA[@JMunozActor Javi, his real Twitter handle is @LindseyGrahamSC.   :)]]></document>
		<document><![CDATA[@Pfro It's terrible.  I want to set them all free.]]></document>
		<document><![CDATA[@MichaelPaulson @WaitressMusical @HamiltonMusical That's fantastic news! Here's hoping others follow suit this year and next.]]></document>
		<document><![CDATA[@GenePark You've been in Paris meeting lots of different ladies?  I guess you basic'lly missed the late 80s?]]></document>
		<document><![CDATA[Now go out there and win all the Tonys, and all the everything, because you are an incredible team, kind and smart and talented.]]></document>
		<document><![CDATA[But @lauradreyfuss and @LacketyLac, today, I am celebrating you and your amazing talent. Thank you for sharing yourselves with all of us.]]></document>
		<document><![CDATA[I am so grateful to get to see this show for a 3rd time in March ... when something is so good, you make budget priorities accordingly.]]></document>
		<document><![CDATA[.@JLTsayswhat and @park24hrs, you are a powerful combo in this show, and your voices on Requiem are so clear and strong. It's very moving.]]></document>
		<document><![CDATA[... hear your influence on this OBC for @DearEvanHansen just makes the show even that much better.  Thank you for that.]]></document>
		<document><![CDATA[.@LacketyLac You already know how I feel about your work. You were so gracious when we talked post-@HamiltonMusical, and being able to ...]]></document>
		<document><![CDATA[.@lauradreyfuss, your voice is beautiful. Your performance so lovely and vulnerable.  And this track is just so perfect.  You are amazing.]]></document>
		<document><![CDATA[... "Requiem" hits close to home in the most loving, kind, and embracing way.]]></document>
		<document><![CDATA[If you've ever had a complicated relationship w/ a family member where you struggled with the "shoulds" and the "have tos" and the "whys"...]]></document>
		<document><![CDATA[And @LacketyLac's masterful work on this track showcases @lauradreyfuss' voice in a way that makes this show hit home even more.]]></document>
		<document><![CDATA[But hearing this again reminds me of what an anchor @lauradreyfuss is in @DearEvanHansen. Her character is earnest and vulnerable and kind.]]></document>
		<document><![CDATA[This track, Requiem, also shows the gorgeous voices of @park24hrs and @JLTsayswhat who make a powerful, complicated team onstage.]]></document>
		<document><![CDATA[And along with those accolades, from me, come joy and celebration and congrats to @lauradreyfuss who is the tough, tender Zoe.]]></document>
		<document><![CDATA[There are millions and billions of accolades for the magical @BenSPLATT, who deserves every single one of them. He is a gift to the stage.]]></document>
		<document><![CDATA[Listening to it again now reminds me how damn powerful an actress and singer @lauradreyfuss is.]]></document>
		<document><![CDATA[This song takes place in the show when a family is mourning a tremendous, complicated loss. Onstage, it's beautiful and gut-wrenching.]]></document>
		<document><![CDATA[Today, the producers released a track from the upcoming broadway cast recording.  It's called Requiem. https://t.co/97LlvpdM2i]]></document>
		<document><![CDATA[Some Broadway real talk (thread) about @DearEvanHansen and @lauradreyfuss....]]></document>
		<document><![CDATA[This will be the defining tweet of 2017. https://t.co/8mPjFAjMaa]]></document>
		<document><![CDATA[@ErinAHennessy I maaaaaaaay have programmed the A/V system to cut you off 10 minutes into class and play "Gangnam Style".]]></document>
		<document><![CDATA[Cc: @AllClad do any of your products have this? https://t.co/aoNbe7i79c]]></document>
		<document><![CDATA[Live tweeting convo w/mom:here's who's dead; here's who's in the hospital; the street is all torn up outside; your nephew got straight As...]]></document>
		<document><![CDATA[Hooray @Chef_Keller, @DanielBoulud, and the Bocuse team! https://t.co/5a2ozebIIi]]></document>
		<document><![CDATA[@SarahKarlin Confession: over the holidays, I assembled a go-bag and it's now in the trunk of my car.  😳😳😳]]></document>
		<document><![CDATA[@jackiekashian #onbrand]]></document>
		<document><![CDATA[::throws TV out window::

 https://t.co/7NPVACAVUL]]></document>
		<document><![CDATA[@usinterior on Snapchat https://t.co/QwYY5XFtxv]]></document>
		<document><![CDATA[I WILL NOT HEAR OF IT. https://t.co/27iydnKxZy]]></document>
		<document><![CDATA[whispers: hey guys, the national park service is still putting out cool stuff on snapchat; follow the interior department there ssshhhhhhhh]]></document>
		<document><![CDATA[Love this How I Built This episode with @chefjoseandres : https://t.co/OK8RHnPEa8 https://t.co/ZUaP6Rz4cC]]></document>
		<document><![CDATA[p.s. I tripped over a curb and fell because I was staring at how gorgeous the crescent moon was at 5:15 this mornin… https://t.co/vNWGe8wdHR]]></document>
		<document><![CDATA["Assumes Weird Dream About High Tides Means I'm Dying, Reads It's About Having Big Energy, Falls While Walking Dog"- the Carol Blymire Story]]></document>
		<document><![CDATA[Props to @tedcruz today.👇 https://t.co/9X7wwMbV5N]]></document>
		<document><![CDATA[I ❤️ the National Park Service and its social media teams at each park.  ✊🏼]]></document>
		<document><![CDATA[@fmanjoo Alka-Seltzer Severe Cold and Flu. 3x/day. Do it.  It saved me. Was sick for only 4 days instead of 10 like everyone else.]]></document>
		<document><![CDATA[I am so excited about this. Wait. Let me try that again. I AM SOOOOO EXCITED ABOUT THIS SQUEEEEEEEEE YAYAYAYYAYAYAY… https://t.co/ko0FrMGrwH]]></document>
		<document><![CDATA[@ErinAHennessy AMAZING.  #thatmusic]]></document>
		<document><![CDATA[@ErinAHennessy LOL angel dust.  Is that still even a thing?  LET'S FIND OUT WOOT WOOT.]]></document>
		<document><![CDATA[@ErinAHennessy @tvparrot I have the sport one. And I bought multiple color bands on Amazon for cheeeeaaaaappppp ($7 each) so I can swap.]]></document>
	</documents>
</author>