<author lang="en">
	<documents>
		<document><![CDATA[And yes I got my website up and running &gt;&gt; https://t.co/h4uR7gX7li - visit, sign up,  change your life 👍👍]]></document>
		<document><![CDATA[My 30day results - your turn next?  https://t.co/h4uR7gX7li https://t.co/kwoqiRs6Be]]></document>
		<document><![CDATA[@LeopardLindsay I certainly didn't.]]></document>
		<document><![CDATA[Weekly meal for Lorchy - rose creamy sauce chicken pasta bake with spinach and garlic,  veggies and homemade hummus for veg 👄 #mykitchenlife]]></document>
		<document><![CDATA[W. T. Actual. F. https://t.co/k0LaqFnpjM]]></document>
		<document><![CDATA[Should I be going to @BuckstopDenman for dinner after having these bad boys for breakkie? #hellsyeah #liveyalife… https://t.co/nxI7T6qJNG]]></document>
		<document><![CDATA[Gym today - hiit (pray for me) Tues and pilates Thurs !! It's time to get back into a healthy routine 💪]]></document>
		<document><![CDATA[So fat from breakkie @mjlorch1981 is going to have to wheelbarrow me to the gym this morning 😂😂🐖]]></document>
		<document><![CDATA[Walking in the snow covered #spirittrail in #northvan #yvr today complete w/a #snowballfight (that I won😂) with thi… https://t.co/8X5tnJPkgz]]></document>
		<document><![CDATA[#snowybranches on the #spirittrail #NorthVan 😃 #naturegram #hikeporn #wintergram #snowday #yvr… https://t.co/h6RA4F4Voi]]></document>
		<document><![CDATA[#snowday with #mylove @ Spirit Trail https://t.co/JQd3L0nQHp]]></document>
		<document><![CDATA[This thoughtful man is the best thing that's ever happened to me - I'm the happiest girl in the world 😍]]></document>
		<document><![CDATA[Really warming up to some of these caterers - the menus make me drool 😄 #weddingplanning #weddingfun]]></document>
		<document><![CDATA[Victoria this month, Whistler in April, Calgary in May then potential T.O. &amp; Montreal in July! Great way to celebrate Canada's big bday yr 🍁]]></document>
		<document><![CDATA[@shwood I did it for you 😂😂 https://t.co/Ujb4GNkmXm]]></document>
		<document><![CDATA[@shwood now type the same thing but with "wearing hats" after - I did it while googling snakes #magic]]></document>
		<document><![CDATA[Booked Montreal and Toronto for no good reason - maybe we'll go !? Keeping my $$ in Canada this year 😊]]></document>
		<document><![CDATA[#lowcarb #lowsugar #blueberrymuffins for my Lorchy 😊
#banana #blueberries #rolledoats… https://t.co/WlJAcfJvyq]]></document>
		<document><![CDATA[@the_fat_badger Thanks for everything - especially your scotch eggs 😊]]></document>
		<document><![CDATA[Lovely evening in my old hood last night,  today a conference then dinner and a movie - next week we'll chill 😉]]></document>
		<document><![CDATA[#thisone makes me feel old 😄 #fbf to a #20yearold #me in #2002 at #morainelake in… https://t.co/lWbovs0ae3]]></document>
		<document><![CDATA[I'm a monster 😂 #worthit #yoursovain https://t.co/dbq9GZtouM]]></document>
		<document><![CDATA[#theviewfromhere on the #seabus 😍  looks like a #paintings #yvrport #pacificocean #yvr… https://t.co/CDA1RoLJ9b]]></document>
		<document><![CDATA[A #beachporn #tbt to #lanakaibeach and one of our first few #beachdays in #Hawaii #usa🇺🇸!… https://t.co/vXHxuPrIYg]]></document>
		<document><![CDATA[Ummmm - catching up on the last ep of @WorkaholicsCC and basically pissing my pants laughing - thank god is  pvr'd 😂😂]]></document>
		<document><![CDATA[@LesleyHere thankee 😊 I'm going for another 10lbs by May and I'm feeling good about it happening with my current trajectory👌]]></document>
		<document><![CDATA[A size smaller jeans with no muffin top to be found 😄 #askmehow #30daysystem to #changeyourlife https://t.co/j8E0mCAxes]]></document>
		<document><![CDATA[Short week this week because on Thurs I'm getting a mole removed from my cheek!! So excited - been waiting 6mos for this appointment 😃]]></document>
		<document><![CDATA[#jessicajones is the bomb diggity - finished yet another grear series  @Netflix_CA better keep bringing the amazing programs 😉]]></document>
		<document><![CDATA[Sorry downstairs neighbour's 😕 my pre bed exercises were keeping them up !! No more jumping around after 10 I guess #woodbuildingproblems]]></document>
		<document><![CDATA[#ionixsupreme - largely ignored my first #30daysystem  (big mistake) but I found a #newlove for… https://t.co/SIIOvmQILy]]></document>
		<document><![CDATA[#vitaminsandminerals 👊 
Actually haven't gotten #sick once this #winter season and for someone… https://t.co/dWC3HcUODV]]></document>
		<document><![CDATA[Today I cleanse !!!]]></document>
		<document><![CDATA[Went to #adultnight at the #vancouveraquarium last night !! What a blast!! #yvr #Vancity #jellyfish https://t.co/7MXC3n5alc]]></document>
		<document><![CDATA[#fbf to the very early #eighties #me just #chillin in #crib with some friends 😂 
#eightiesbaby… https://t.co/mk7p4gqtyW]]></document>
		<document><![CDATA[#me and #kermie at the #vancouveraquarium - #adultnight #brunette #browneyes #thismoment… https://t.co/68BP4fCfJP]]></document>
		<document><![CDATA[#highlight of #myfuckingweek - #myfriday #drinkables #winetime  #blindsparrow #happyhour… https://t.co/Jo5rJgG6Jw]]></document>
		<document><![CDATA[Reached out to a farm, a manor house and a restaurant today 😀 #weddingfun]]></document>
		<document><![CDATA[@SethMacFarlane No. Fucking. Way. I mean it's super serious but also 😂😂 - I feel like fleeing the planet.]]></document>
		<document><![CDATA[I'm making #tossbacktuesday a thing 😂😂 popped up on #fbmemories from #2yearsago at the… https://t.co/19DiWGnpCR]]></document>
		<document><![CDATA[@LesleyHere I'm impartial but I say GO - I hung out with Luke Perry a little while ago and 13/14yr old Rebecca is still thanking me.]]></document>
		<document><![CDATA[My hummus recipe is a work in progress but we are getting extremely close to the perfect batch 😊]]></document>
		<document><![CDATA[P.s. the house smells ridiculous ! My first time home making this marinade &amp;  if it tastes like it smells he's in for a treat !]]></document>
		<document><![CDATA[Garlicky lemon pepper chicken breasts and a quinoa brown rice blend (with some corn thrown in because Lorch requested it 😁) meal prep 😀]]></document>
		<document><![CDATA[#sundayfunday getting a #massage from #MrDarcy 😻 #snugglebuddies #catstagram #gingertabby… https://t.co/KVZCsUvwPx]]></document>
		<document><![CDATA[I'm #Ludo in the #labyrinthboardgame - #bestest #christmasprezzie ever ! #gamenight… https://t.co/yiFrt2QfYY]]></document>
		<document><![CDATA[@MunBagri I believe they do 😆]]></document>
		<document><![CDATA[@MunBagri  Hash browns anytime, no matter what, is my dream come true.]]></document>
		<document><![CDATA[Night out at Pawn shop then Refinery 💜 https://t.co/tSZdEeMpXd]]></document>
		<document><![CDATA[Deep pore cleansing facial followed by a trip to Park Royal and obtaining two more dresses that I don't really need 😁 Tonight Mackay's bday😆]]></document>
		<document><![CDATA[A #31yearold #fbf to #me in my fort with some friends 😂 #millionyearsago @ Victoria, British… https://t.co/cuOuNRgxdS]]></document>
		<document><![CDATA[Loving my #fitbit - fascinated with my sleep tracker and the food tracker is holding me completely accountablefor my snack choices👍 #lovesit]]></document>
		<document><![CDATA[It's a #toughlife for #MrDarcy at the #LorchManor but somehow he manages to #persevere 😹… https://t.co/n37eyz6zvu]]></document>
		<document><![CDATA[Made the most delicious garlic sausage pesto pasta for Lorch fit this weeks meal  - added spinach and it ain't pretty at all but its divine😋]]></document>
		<document><![CDATA[@LesleyHere oh lord I know - the markup, just because they can,  is nuts!]]></document>
		<document><![CDATA[@LesleyHere no problem - wedding planning (my own event) is my favourite thing - a shame it costs so much or I'd be throwing one yearly 😂]]></document>
		<document><![CDATA[@LesleyHere did u create a wedding site at the knot yet? It's free &amp; you can also send digital invites(which saves major$) ppl rsvp to it !]]></document>
		<document><![CDATA[@LesleyHere haha - I hear ya sister ! Planning my wedding this year for next year and CHACHING my taste ain't cheap😕]]></document>
		<document><![CDATA[@mjlorch1981  we're going to this - I insist ! https://t.co/MAAefQEzEh]]></document>
		<document><![CDATA[An afternoon bath on a cleanse day - next up groceries and meal prep - gotta love Sunday afternoons 😊]]></document>
		<document><![CDATA[Can't hardly wait till my fitbit arrives 😆 2017 is my year of health and wellness 💚]]></document>
		<document><![CDATA[Donald Trump is basically just a grown up Eric Cartman 😂 #realtalk]]></document>
		<document><![CDATA[#fbf to #papailoabeach on #oahu #travelgram #beachporn #waylatergram #Hawaii #pacificocean #sand… https://t.co/TxGxeHXxhT]]></document>
		<document><![CDATA[Actually loving everything about this !!
https://t.co/EqwGDLhx4e]]></document>
		<document><![CDATA[2017 is going to be my year !! Anyone care to join me ? 
Left is from this morning - right is from before my first… https://t.co/zRmcJ8gS82]]></document>
		<document><![CDATA[Three loads of laundry ya'll - another wild nightat the Lorch Manor 😂]]></document>
		<document><![CDATA[Almost late for work this morning 😑 https://t.co/jwomDT5Lhu]]></document>
		<document><![CDATA[My #results after #3weeks &amp; I could not be happier😄  anybody interested in making a huge #change in 2017 please ask… https://t.co/3bfgVWtcO9]]></document>
		<document><![CDATA[Added orange amped hydrate to my dutch chocolate shake for dinner tonight and holy schnike I'm hooked !! #sogood… https://t.co/grl3uuHXSv]]></document>
		<document><![CDATA[@natashaleggero #perfection]]></document>
		<document><![CDATA[Calgary 2017 trip all booked in May 😊 can't wait to catch up with my old friends 💜]]></document>
		<document><![CDATA[#coastalmountains from #coalharbour #sunn6days #marinesquarepark on #mywalktowork 😍 #beautifulbc… https://t.co/fT5z15LlvB]]></document>
		<document><![CDATA[@19_James_77 I  bet ! I was perusing westjet today and there's some mighty good deals heading your way in May 😄]]></document>
		<document><![CDATA[@19_James_77  you are connected !! How's Calgary and the new place ?]]></document>
		<document><![CDATA[#spicing things up in the #salad department with this #quinoasalad 😊 very #festive with… https://t.co/SJirvPQdaA]]></document>
		<document><![CDATA[@LesleyHere my Darcy 😍 I'll take him as Mark or Fitzwilliam 😉]]></document>
		<document><![CDATA[Holy Moses - time to whip out the most overused self serving hash tag in existence😂 #blessed - thanks for having us… https://t.co/aJ2TXWcgmv]]></document>
		<document><![CDATA[Ok - 😆 - my very last #selfie of #2016 !! Me and @mjlorch1981 at #tuccraftkitchen in #gastown !… https://t.co/UD1WYl8Z4O]]></document>
		<document><![CDATA[Lorchy's #elksteak in the #background and my #blowyourfuckingmind #porkandbeans  #frontandcenter… https://t.co/PEafdOvh67]]></document>
		<document><![CDATA[#beetingtheodds @tuccraftkitchen #cocktaillife #nye2017 #deliciousness #yvrdrinks #gastown… https://t.co/yYQJBq7rqV]]></document>
		<document><![CDATA[If there's a burger on the menu it ain't fine dining imho - let's be real - and I don't care if it's the finest meat in the land either.]]></document>
		<document><![CDATA[Started the day off right with #brunch @FlyingPigVan now I'm home with a latte resting before our big dinner tonight😀🎉🎊 #nye]]></document>
		<document><![CDATA[#ispywithmylittleeye something that is #spectacular ! #dusk in #northvan #yvr #Vancity… https://t.co/wAWGDLODB2]]></document>
		<document><![CDATA[Current obsession - my opi shellac nail colour called "taupeless beach" 😊 is gong to be tough to change it up when the time comes 💅]]></document>
		<document><![CDATA[@LesleyHere @becnicnag @TELUS omg right? ? I'm pleased as punch 😊]]></document>
		<document><![CDATA[Man @TELUS you guys sure how to make a girl feel #loyal - thanks a bunch for the free money right after Christmas 😄 https://t.co/KY4F74FPnD]]></document>
		<document><![CDATA[Popped by the #bcliquorstore on the way home and picked up Lorch a #stubby #surprise 😂😂
#jokes… https://t.co/845IyL6NR3]]></document>
		<document><![CDATA[Reminiscing about 2016 and can't help but get excited about 2017 ! We start planning our big day this year - can't hardly wait 😄]]></document>
		<document><![CDATA[Very excited to ring in the New Year @TucCraftKitchen 🎉 @mjlorch1981 will eat ALL the crispy bacon eggs we can get our hands on 😋😋 🎊🎆]]></document>
		<document><![CDATA[@ScooterGirl60 I only have two left 😢]]></document>
		<document><![CDATA[The party is ovaaaaa - back to shakes and pilates this week !! Back to hiit next week (pray for me lol) 💪]]></document>
		<document><![CDATA[My #booboo #mrdarcy snug as a bug in a rug at the #LorchManor https://t.co/MNxZEwIU6t]]></document>
		<document><![CDATA[Immediately hooked on #theOA on #netflix - so freaking good - everyone MUST watch!]]></document>
		<document><![CDATA[Merry Christmas from the #LorchManor to you ❤💋 https://t.co/qPGWMNWmr2]]></document>
		<document><![CDATA[@LeopardLindsay right ? 😢]]></document>
		<document><![CDATA[#Christmas #vancity #skyline from #lonsdalepier  #yvr #NorthVan #pcnw #britishcolumbia… https://t.co/0mvZX903I2]]></document>
		<document><![CDATA[3rd annual Christmas at the #LorchManor was a  success 🎅🎄now for my after breakkie power nap 😁 https://t.co/KH1LWzqeTp]]></document>
		<document><![CDATA[Oh and watching #loveactually to boot 🎄🎀🎁🎋]]></document>
		<document><![CDATA[Perogies for Xmas eve dins and the veggie dish for dinner tomorrow night all done - so all systems go for Christmas 2016 with my lovey❤]]></document>
		<document><![CDATA[#lastminute #tbt to #us at the #moanasurfrider #waikiki getting #festive in front of the… https://t.co/9ykoO7afNu]]></document>
	</documents>
</author>