<author lang="en">
	<documents>
		<document><![CDATA[Congrats on sharing the story kirsty_johnston. A great production and must watch. Thirty mins to help your understa… https://t.co/E52BDkHlWV]]></document>
		<document><![CDATA[A great start up opportunity beckons. Find out more here https://t.co/gjYaeqCvo2 https://t.co/559biZqA1R]]></document>
		<document><![CDATA[Draft overview gives reason to be encouraged. Thanks @gmacmanus for posting https://t.co/UcUnqmVzWw]]></document>
		<document><![CDATA[Great art meets science project. Need to go see this! Love it @SiouxsieW https://t.co/wKmzgeLrTd]]></document>
		<document><![CDATA[Pondering as I think ahead to future conferences ... uLearn - vLearn?? https://t.co/RaT5vfY3TN]]></document>
		<document><![CDATA[@IanHabs I know right! Good to "see" you Ian. On my radar...DM soon!]]></document>
		<document><![CDATA[The convergence conference, summed up brilliantly by David Roberts. #SUNZSUMMIT https://t.co/YjKBC4JF8E]]></document>
		<document><![CDATA[AI "Sweetheart", interactive brain model, brain stem....imitation/ facial feedback is the basis for virtual empathy… https://t.co/ZuWBJrzQVg]]></document>
		<document><![CDATA[And she's demonstrating a complete lack of fear which makes implementation believable...hand her the reigns... aski… https://t.co/CiM077qv3i]]></document>
		<document><![CDATA[Hallelujah "The era of qualifications and NZQA is over!!!" Sue Suckling #SUNZSUMMIT "Replaced with access to education and guidance"]]></document>
		<document><![CDATA[Importance of training kids in cyber safety @netsafeNZ lead this space in Aotearoa/NZ @FutureCrimes #SUNZSUMMIT Don't look the other way!]]></document>
		<document><![CDATA[999 followers... should've thought ahead and got a prize ready for next one. Who will it be?]]></document>
		<document><![CDATA[#SUNZSUMMIT Networked readiness... NZ at #17. How to improve our position? A Ministry of the Future, working across… https://t.co/L4jk6znKXQ]]></document>
		<document><![CDATA["Have your value in software to be flexible enough to change... on a dime" @bradtem #SUNZSUMMIT https://t.co/sz5AqggrUy]]></document>
		<document><![CDATA[Impossible to I'm possible. The biggest risk is not thinking big enough.  Great conclusion!  Amin Toufani #SUNZSummit]]></document>
		<document><![CDATA[Interlock multiple platforms to create an ecosystem. How? Make lives if yr competitors easier Amin Toufani #SUNZSUMMIT = market attention!]]></document>
		<document><![CDATA[Dynamic pricing-get customers to tell you how much they're prepared to pay - Amin Toufani #SUNZSUMMIT]]></document>
		<document><![CDATA[Less water, feed, fertiliser, waste and leas inhumane! https://t.co/o94in6L4Nl]]></document>
		<document><![CDATA[A better way to enjoy wine! Applying consumer geonomics. Say no more https://t.co/GFHUM8Hbq2]]></document>
		<document><![CDATA[Explaining waking up in the matrix by using OS to build share neural networks #SUNZSummit @raymondmccauley https://t.co/AK6HbF14xq]]></document>
		<document><![CDATA[Tech, Policy, Biz takes leadership to get talking &amp; investing in new ideas for betterment of humanity Ramez Naam #SUNZSUMMIT Action optimism]]></document>
		<document><![CDATA[@coreeducation Demos in SingularityUNZ Summit https://t.co/jaVjPtLofG]]></document>
		<document><![CDATA[#SUNZSUMMIT "Professional white collar work is ripe for disruption" Neil Jacobsen]]></document>
		<document><![CDATA[80% of even IT jobs replaced soon. Collaboration, cooperation, communicate! The education relevance is clear… https://t.co/f1FKsjmgve]]></document>
		<document><![CDATA[From deception to disruption, dematerialised, demonetised, democratised #SUNZSUMMIT OPPORTUNITY @kcolbin https://t.co/80IBKlaKBz]]></document>
		<document><![CDATA[Price performance of computing #SUNZSUMMIT Exponential https://t.co/EGZW4ACq16]]></document>
		<document><![CDATA[Shaking but warm mihi/welcome from Ngai Tahu...God of earthquakes. Felt my 1st Chch quake. Hope I'm not counting!… https://t.co/Xm8Miqcyw3]]></document>
		<document><![CDATA[About to take off at #singularityunz Chch. All systems are go! https://t.co/I8NoaB1CmU]]></document>
		<document><![CDATA[Take a bow @MSimmsNZ and Colin Gover and his student team too 4 the inspiration. Speedy action, and they're on air!… https://t.co/pa6lzZTOEk]]></document>
		<document><![CDATA[@moriarty_ok @coreeducation @Vimeo Will let you know as more are added :)]]></document>
		<document><![CDATA[Read the blog by @chrissiebutler @coreeducation #ulearn16 #cenz16 @virtuallykaren Stunning conference finale. Recor… https://t.co/6ywIWEqUUF]]></document>
		<document><![CDATA[Read the blog by @eMPOWERedNZ #ulearn16 #cenz16 @coreeducation https://t.co/Rcw4R4xU0j]]></document>
		<document><![CDATA[Listen to Michael Fullan's full keynote here https://t.co/OxbO4A2tjZ @coreeducation #cenz16 #ulearn16 https://t.co/LJ7wcCNu5G]]></document>
		<document><![CDATA[@SamHocking1 @coreeducation We will remind presenters to load their URL in newsletter this week]]></document>
		<document><![CDATA[@SamHocking1 @coreeducation Log into the Registered Members' Area https://t.co/3u0nJho0i2 Check yr calendar breakouts 4 Presenter Material]]></document>
		<document><![CDATA[@coreeducation @rendude Hi Rene please email eventadmin@core-ed.org and they will help with lost property. Good luck!]]></document>
		<document><![CDATA[@VLNPrimary...and the entire events and CORE staff helpers deserve a HUGE thanks. It's a group effort. Thanks so much for your contribution]]></document>
		<document><![CDATA[@DianaWilkes @coreeducation Thanks from all of us...presenters and delegates that help make it happen too :)]]></document>
		<document><![CDATA[@knowclue @coreeducation @ULearnNZ Lovely to see you MM! Thanks for being part of a great week. Travel safe]]></document>
		<document><![CDATA[Homeward bound. Taking time to appreciate the tulips. https://t.co/WxsZrs8ykl]]></document>
		<document><![CDATA[The letters are the last to go... unreal. Thank you all! #ulearn16 @coreeducation #cenz16 https://t.co/eYQpiC09ui]]></document>
		<document><![CDATA["Let the data open the door to empathy and understanding" @virtuallykaren #ulearn16]]></document>
		<document><![CDATA["Working collectively beyond the spirit. Method matters." @virtuallykaren #ulearn16]]></document>
		<document><![CDATA[Keep the irony of the keynote in place...please. Cos it allows one to many so that more peeps can see/hear you! @virtuallykaren #ulearn16]]></document>
		<document><![CDATA[2200 concurrent users. 500Mb #ulearn16 #cenz16 Go you good things!]]></document>
		<document><![CDATA["Pull to innovation one way, pull to accountability the other" Rose Hipkin. "Be internally accountable to the learner!" Michael F #ulearn16]]></document>
		<document><![CDATA[Speaking CoLs Take the leap. Seize the opportunity. Michael Fullan #ulearn16]]></document>
		<document><![CDATA[Connected at #ulearn16 #cenz16 https://t.co/ZEVkspmxTk]]></document>
		<document><![CDATA[It's all about lovely ladies and lamps at the Skyline Rotorua @catspyjamasnz @Taranz1 #ulearn16 #cenz16 https://t.co/ryN5ONQgmp]]></document>
		<document><![CDATA[@ULearnNZ These awesome people are coding randomised art! #ulearnp2 #ulearn16 https://t.co/hBe7oxsp39]]></document>
		<document><![CDATA[@ULearnNZ @OMGTechRangers in full flight, unmaking! #ulearnp2p #ulearn16 https://t.co/3tkOs707Bd]]></document>
		<document><![CDATA[@ULearnNZ Madeline getting 3D printing lesson from Fay at Mindkits. Prosthetic hand head massage! #ulearnp2p… https://t.co/V75WOlXi4v]]></document>
		<document><![CDATA[The Maker in amongst the makers! @mosborne01 #ulearnp2p https://t.co/xDPAWadSOa]]></document>
		<document><![CDATA[@MissesArtech Good to hear you're in town, with a website to boot...Unstoppable! Look forward to seeing you #ulearnp2p kicks off in the morn]]></document>
		<document><![CDATA[@ULearnNZ @mosborne01 The full timetable. Bus will take you back to EEC for Conf Showcase if you like. Fun night  https://t.co/N6lyzeNYaR]]></document>
		<document><![CDATA[@medickinson Looking forward to hearing you at @ULearnNZ #ulearn16 at Connected Conversation, and OMGTech! and robotics sessions]]></document>
		<document><![CDATA[See the Connected Educator Social Media Station to learn how to claim your digital badge - attendee or presenter https://t.co/EYkEOWFiCa]]></document>
		<document><![CDATA[Feeling Kiwiana creative on a wet Sunday with one week to go! #ulearn16 https://t.co/3H8gP6f09q]]></document>
		<document><![CDATA[@Allanahk yes I do know Allanah...was talking memorabilia. Hit the live streaming and Twitter. You'll be there in spirit #cenz16 #notatlearn]]></document>
		<document><![CDATA[@Allanahk @rache65 @VLNPrimary @ULearnNZ @RickWhalley61 I bet you have a good pile of these too! #ulearn16 next! https://t.co/EYqEOMDg8O]]></document>
		<document><![CDATA[Ex pat blog studying in Finland. Finnish education: a system based on equity, trust &amp; responsibility https://t.co/4ZXoUQl1f6]]></document>
		<document><![CDATA[Govt puts spotlight on tech sector investment https://t.co/rxnGPbzur8 Investment Network #MBIE]]></document>
		<document><![CDATA[New contest to help get young people into cybersecurity careers https://t.co/Ac20W7WXJB #SecurityBrief NZ #Kaspersky #Cyber Security]]></document>
		<document><![CDATA["None of us are as smart as ALL of us!" https://t.co/67UMB0S01m… @snbeach #cenz16 @ULearnNZ]]></document>
		<document><![CDATA[Ka pai! Great tips in the PATH planning process, perfectly explained by @Kpameria https://t.co/fHVSp7CnFT]]></document>
		<document><![CDATA[@virtuallykaren @kerriattamatea @ClaireAmosNZ @GeoMouldey Free  #ulearn16 Wed 5 Oct 7.30pm with Larry Just rock up! https://t.co/zYPgsdQw8O]]></document>
		<document><![CDATA[Hear from Gary Falloon #ulearn16 How is technology changing the way our children learn? - News Stories :  https://t.co/NZOubk3VBz]]></document>
		<document><![CDATA[Save the dates for Changing Spaces @coreeducation events in 2017: 28 April in Auckland &amp; 10 October in Hamilton https://t.co/We0gpLfFCl]]></document>
		<document><![CDATA[uLearn Permission to Play programme sampler: https://t.co/YpZya7pGSo]]></document>
		<document><![CDATA[Still spaces left for one day hands-on  maker space exploration. Programme sampler here pre-conference/p2p-speakers  https://t.co/n1wWdqA2TW]]></document>
		<document><![CDATA[CORE eFellows working hard on data analysis in the CORE Education Auckland office @coreeducation https://t.co/OQozpoCgy4]]></document>
		<document><![CDATA[@diana_prince_ww @TaupakiSchool @SteelOtter CONGRATS Pete! Taupaki toes dance towards new horizons- or is that duck feet a-paddling?Swim on!]]></document>
		<document><![CDATA[@SimonAshbyNZ You're all sorted now under one email address for registration and presenting - your cloud one. That's the trick!]]></document>
		<document><![CDATA[@fivefoot3 Cool! Go forth and book :)]]></document>
		<document><![CDATA[@fivefoot3 I'll ask admin to take a look for you]]></document>
		<document><![CDATA[@fivefoot3 @ULearnNZ @fivefoot3 @ULearnNZ ooooh yeah! Video to help at https://t.co/wMQP9VhpAR]]></document>
		<document><![CDATA[Phew! Presenters are happily booking their breakouts.#smilesbehindthescenes. Delegates, your turn tomorrow! #ulearn16 @ULearnNZ]]></document>
		<document><![CDATA[Good one Leonie! Log in to check that you've paid so you can book yr breakouts https://t.co/3u0nJho0i2 https://t.co/P8Hwu9qXjg]]></document>
		<document><![CDATA[Describing RJHS learning advisories - learning2lrn - goal setting, collab, how they manage blended lng, feedback loops, hauora... #edchatnz]]></document>
		<document><![CDATA[Loving a student tour of Rototuna Junior High #edchatnz https://t.co/LsjX6MP1q2]]></document>
		<document><![CDATA[#edchatnz #pukeko tribe sharing learning goals - agency motivate practical pathways frm theory breaking down silos https://t.co/ON6MASfJf9]]></document>
		<document><![CDATA["Educators being amazing within an amazing system." Use, appreciate and raise yr mindset to meet the system! @EduWells #edchatnz]]></document>
		<document><![CDATA[A FABULOUS post from @annekenn https://t.co/paj2LmJDOg]]></document>
		<document><![CDATA[Ditto! If keen to bring an hour or 2 of hands on fun to #ulearn16 Makerspace in Rotorua, pls get in touch https://t.co/dsAszxS1Rt]]></document>
		<document><![CDATA[It's gonna be GREAT! Yes I'm biased cos I've seen the stunning breakout programme line up. Online soon! https://t.co/v8CAAN1PEF]]></document>
		<document><![CDATA[Learners are people - social people. Tech is for people. People &amp; tech have powerful social potential #techleadersnz https://t.co/uTOUfZJtqm]]></document>
		<document><![CDATA[@Taranz1 Good to hear! Check: flight socks, sleeping pill, 14 hr flight, quick shower &amp; I'm there!NZTechAdvanceEdSummit]]></document>
		<document><![CDATA[Next step in normalising and formalising digital tech in the NZ curriculum. Good stuff https://t.co/jmUvXIoKTK]]></document>
		<document><![CDATA[Fabulous conference #ISTE2026 It's over, not forgotten! Wonderful connections, spirit, warmth, energy, commitment xx https://t.co/TIKzLYVHxp]]></document>
		<document><![CDATA[Hey @rebeccahare Love the name! Lovely to connect!!! Next time face to face #iste2016]]></document>
		<document><![CDATA[Mastery collaboration and creativity ... "A teacher world of stewardship" Well said @cordym #iste2016 https://t.co/3DYSCAsKQT]]></document>
		<document><![CDATA[Power pose, show up and refuse to leave. Power poses are related to devices used. Who knew?! #iste2016 https://t.co/9PyKXvDpMA]]></document>
		<document><![CDATA[Connected Educators #cenz16 Let's beam this darling ISTE keynote to engage empower and grow the network @cordym https://t.co/avgLaW5W8I]]></document>
		<document><![CDATA[The shape of the network matters. The properties that emerge from the structure  @cordym #iste2016 small world rocks https://t.co/M3bN7nbZpU]]></document>
		<document><![CDATA[@art_cathyhunt Stunning! Just across the ditch and we had to come to Denver to see you! Come visit NZ!! #iste2016 https://t.co/8077Mh98vh]]></document>
		<document><![CDATA[Kiwis pushing the boundaries of ed possibility  #iste2016 @coreeducation @annekenn https://t.co/flHvU8Drww]]></document>
		<document><![CDATA[@annekenn I'm fine thanks. Time now full. I'll follow &amp; connect with Tina online. Made links via Mark Moran this morn so it will happen!]]></document>
		<document><![CDATA[@findingDulcinea Just great to finally meet Mark! We'll be in touch @tina_p You too Tina!!]]></document>
		<document><![CDATA[Global collaboration with the effervescent @snbeach Thank you for your time and enthusiasm :) https://t.co/XMMQbZVwvE]]></document>
		<document><![CDATA[What does yr student graduate look like and what are the indicators? https://t.co/nAbjpeL8GS]]></document>
	</documents>
</author>