<author lang="en">
	<documents>
		<document><![CDATA[@NirupaG @umabp yeh definitely 25! and she was such a great writer 😂😂😂]]></document>
		<document><![CDATA[@umabp  I'm already addicted to the new series of Married At First Sight!! Some lovely couples this time 😊]]></document>
		<document><![CDATA[@meiheron @rnzbenedict how did i not realise you had taken this?! 😂]]></document>
		<document><![CDATA[@mb_inthehutt the way a freezer should look 😀]]></document>
		<document><![CDATA[Thiel granted citizenship after only four visits https://t.co/kRloCs4kM3]]></document>
		<document><![CDATA[General election Saturday 23rd September #worstkeptsecret]]></document>
		<document><![CDATA[@mb_inthehutt @JennyWi18628806 that is really beautiful and how very cool.]]></document>
		<document><![CDATA[@mb_inthehutt @JennyWi18628806 Wow so you've helped out two/four families? What a lovely heart you have!]]></document>
		<document><![CDATA[@AlexaCook_ It's a shame we can't give them some of the rain we've been having here....]]></document>
		<document><![CDATA[Labour, Greens deliver joint State of the Nation speech https://t.co/TPXLT4CIHt]]></document>
		<document><![CDATA[@clarecurranmp yes from one temporary office to another. Some are going back to the yellow stickered annex while our new ones are sorted]]></document>
		<document><![CDATA[Our office is packed up again. Going down in the world from the attic to Parliament house basement #pressgallery… https://t.co/0iHdxy8bIN]]></document>
		<document><![CDATA[@NZHorseandPony Such a beautiful station and lovely horses!]]></document>
		<document><![CDATA[Another former Government Minister bites the dust - Jo Goodhew to stand down at the 2017 general election]]></document>
		<document><![CDATA[50% of costs will be met by Government #rtpt]]></document>
		<document><![CDATA["Building owners will be required to tie back unsecure masonry facades and parapets within 12 months" Minister Nick Smith]]></document>
		<document><![CDATA[Trump's abortion rule will cause deaths - activists https://t.co/gKDby0NpET]]></document>
		<document><![CDATA[@KiwiMamaBear My picks too  Worst kept secret right?!]]></document>
		<document><![CDATA[General election date for 2017 will be announced once PM Bill English has spoken to his caucus]]></document>
		<document><![CDATA[PM Bill English at his first post-Cabinet media briefing "Shocks now seem to be part of the landscape" #nzpol]]></document>
		<document><![CDATA[Wind. Again. Sigh  #kiwisummer]]></document>
		<document><![CDATA[Im still so overwhelmed by my thoughful #nzsecretsanta]]></document>
		<document><![CDATA[My #nzsecretsanta absolutely nailed it!! Thank you!!! 😍 @nzsecretsanta https://t.co/RP0ZvkQTiL]]></document>
		<document><![CDATA[@JackieDoussau @nzsecretsanta You're welcome #notsosecretsanta]]></document>
		<document><![CDATA[Green MPs @greencatherine and @SteffanBrowning the latest to announce they're not seeking re-election in 2017]]></document>
		<document><![CDATA[MPs are clearly over 2016...the house has risen and it's only 4.30pm! #nzpol #partytime]]></document>
		<document><![CDATA[Craig Foss "I've been thinking about leaving for a while" https://t.co/z6jFxxw71i]]></document>
		<document><![CDATA[Another National Party Minister bites the dust. @CraigFossMP not seeking reelection in 2017]]></document>
		<document><![CDATA[Love my work family #betterworkstories #photoattachedthistime https://t.co/PWsY7xYFQY]]></document>
		<document><![CDATA[This time it's @rnzbenedict turn to use the makeshift studio 😂😂😂 @janepatterson @ChrisBramwell @meiheron https://t.co/sNNySgJCx8]]></document>
		<document><![CDATA[@ChrisBramwell @CheckpointRNZ the front view https://t.co/y8eHNDptgh]]></document>
		<document><![CDATA[Another Pacifica member to leave National Party with Sam Lotu-IIga standing down in 2017. Follows his Maori Cabinet colleague @hekiaparata]]></document>
		<document><![CDATA[New PM Bill English "Cabinet reshuffle to be decided later in the week"]]></document>
		<document><![CDATA[Bill English emerges as new National Party leader and Prime Minister https://t.co/CKGEGokmIk]]></document>
		<document><![CDATA[National MPs head into meeting to decide on their new leader #worstkeptsecret]]></document>
		<document><![CDATA[Bennett a sharp politician beneath a bogan persona https://t.co/pPloPzsD2y]]></document>
		<document><![CDATA[English to be confirmed as PM today https://t.co/V7h8B98YrY]]></document>
		<document><![CDATA[Easy as pie? English still has lessons to learn https://t.co/rBIIObc92A]]></document>
		<document><![CDATA[@serenity22 it feels like there are more this time....I'll have to check to be sure]]></document>
		<document><![CDATA[@serenity22 It's in our private working files so we can keep tabs. Some are yet to publicly say they're not standing]]></document>
		<document><![CDATA[Who is NZ's likely new prime minister? by RNZ's News Gathering Director @rnzbrentedwards https://t.co/OfEZBkV01r]]></document>
		<document><![CDATA[@serenity22 We are and have a dozen confirmed thus far]]></document>
		<document><![CDATA[Jonathan Coleman also drops out of the race and backs Bill English to win "In the end I could see the way it was go… https://t.co/MWyGAIO7aZ]]></document>
		<document><![CDATA[Paula Bennett puts her hand up for deputy prime minister role https://t.co/QYneNhznpz]]></document>
		<document><![CDATA[Simon Bridges in bid to be Deputy Prime Minister https://t.co/7jpCHz8MxW]]></document>
		<document><![CDATA[English, Coleman - and now Collins https://t.co/9FZFUCyumJ]]></document>
		<document><![CDATA[#nzsecretsanta gift is wrapped! Now to drop off to the post office 😊 https://t.co/JA5D7VCzki]]></document>
		<document><![CDATA[@meganjwhelan thanks - sorry late reply - my phone has been on Live U what feels like most of the afternoon!]]></document>
		<document><![CDATA["Been mulling over the decision for all of this year. I made the decision after security council meeting in New York " John Key]]></document>
		<document><![CDATA[John Key says he left nothing in the tank as PM #nzpol https://t.co/cI7VCgGNLr]]></document>
		<document><![CDATA[Giant underwater landslide in the Kaikōura Canyon https://t.co/BPDRmegzjS]]></document>
		<document><![CDATA[@ChrisBramwell you are living a nightmare this week.]]></document>
		<document><![CDATA[@mcquillanatorz I love how they can't tell the different between wanting to order a beer and a grizzly bear]]></document>
		<document><![CDATA[@kimbakerwilson i cant find the glass slipper, so someone isnt going to the ball]]></document>
		<document><![CDATA[Too good not to share again. Anne Tolley defends government's handling of abuse claims https://t.co/iW8kksRDkC]]></document>
		<document><![CDATA[Gift for my #nzsecretsanta just purchased!]]></document>
		<document><![CDATA[#nzsecretsanta I just got my first chocolate treat with surprise popping candy filling! Thank you @DamienOConnorMP !]]></document>
		<document><![CDATA[#nzsecretsanta Just letting you know I'm more than just my news-related tweets! I like chocolate, cookbooks, horses and shiny things x]]></document>
		<document><![CDATA[@ChrisBramwell that's real ace.  Thankfully mine this year actually tweets!!]]></document>
		<document><![CDATA[Parliament to vacate Bowen House.  Building purpose-built office block on existing carpark. Press Gallery Annex demo starts end of 2017]]></document>
		<document><![CDATA[The new-look Parliament is being laid out by the speaker https://t.co/PpFkjhHUKE]]></document>
		<document><![CDATA[@ChloeAdventurer @bivouacoutdoor I'm very impressed you survived it so well! It would have been a rough place to be based.]]></document>
		<document><![CDATA[.@ChloeAdventurer @bivouacoutdoor what an incredible read and experience!!]]></document>
		<document><![CDATA[@rumpole3 @katieabradford it's certainly not out of choice!]]></document>
		<document><![CDATA[@katieabradford that didn't feel too flash here in the annex]]></document>
		<document><![CDATA[@KiwiMamaBear IIt is being used to assess the future impact on the fishery]]></document>
		<document><![CDATA[@Pseudony_Ms Isn't it horrific!]]></document>
		<document><![CDATA[Minister Nathan Guy says between 50-75% of all paua in the Kaikoura fishery are dead. #eqnz]]></document>
		<document><![CDATA[Are security bollards generally as squeaky and noisy as the ones at Parliament? #GenuineQuestion]]></document>
		<document><![CDATA[A Parliamentary inquiry into assisted dying heard "One person's proud fight to achieve longer survival can be another person's misery."]]></document>
		<document><![CDATA[And then another thing happens in Wellington....The Wellington and Porirua District Courts have been evacuated because of an unknown threat]]></document>
		<document><![CDATA[I had a great chat last night with Graham. I just wish it was for a better reason. #eqnz https://t.co/vnwEojMOKG]]></document>
		<document><![CDATA[@CheckpointRNZ haha the Scottish one....and our one too of course!]]></document>
		<document><![CDATA[@CheckpointRNZ what a treasure he is!]]></document>
		<document><![CDATA[@kaupapa @hamfritta sorry to rain on the fun parade :-)]]></document>
		<document><![CDATA[@hamfritta @kaupapa No it didn't. That was a false alarm.]]></document>
		<document><![CDATA[The yucky cold southerly has arrived #rain #springinnz]]></document>
		<document><![CDATA[@AmyStevenson1 @HorseHour im getting used to the rocking and rolling now 😞]]></document>
		<document><![CDATA[Pork chops and tea as Ward rode out quake night https://t.co/AS8kGJaG08]]></document>
		<document><![CDATA[The Southern Canterbury A&amp;P Show at Waimate this weekend (19-20th November) has been cancelled due to flooded grounds.]]></document>
		<document><![CDATA[Another quake hits - I'm a little glad it didn't happen during my chat with @HorseHour ! #HorseHour]]></document>
		<document><![CDATA[Sorry to those that have PM'd me on Twitter over the past couple of months! I had notifications off and didnt realise]]></document>
		<document><![CDATA[Defence Force's Wellington headquarters uninhabitable for a year https://t.co/CS79FZyW7F]]></document>
		<document><![CDATA[Quake day three: Key in Kaikoura - 'The whole mountain has moved' https://t.co/hw7MoCjY3d']]></document>
		<document><![CDATA[Kaikoura seabed destroyed by quake https://t.co/p7oshCwnS1]]></document>
		<document><![CDATA[Traffic is moving well on SH2 to Hutt. No need to delay travel @rnz_news @CheckpointRNZ]]></document>
		<document><![CDATA[@LizQuilty that sounds nasty. I imagine you'd still go into bat for her when she is 45! :-)]]></document>
		<document><![CDATA[@LizQuilty oh true. you would be stooping down to her level. Maybe just pointing out to her that she is being a cyber bully might work?]]></document>
		<document><![CDATA[@rnzbenedict I blame Mei too for those shakes]]></document>
		<document><![CDATA[Bill English pulls a Vicky McKay during question time when a shake rattles the chamber]]></document>
		<document><![CDATA[Government giving latest update on the quake https://t.co/35IwWQQlCm]]></document>
		<document><![CDATA[Hutt Central school advises parents to pick up children as soon as possible due to flooding. Thanks to my wonderful inlaws for doing so 4 me]]></document>
		<document><![CDATA[@HorseHour Yeh it was pretty scary! But thankfully horse and animals are all ok. Now we are having to contend with flooding....!]]></document>
		<document><![CDATA[@HorseHour We've had such a wet spring in NZ that it's been really hard to get horses fit for the season! Do I enter a HT in 2 weeks or not?]]></document>
		<document><![CDATA[@BelindaLally at least it was only the small things that fell and not your monitor 😀]]></document>
		<document><![CDATA[@mb_inthehutt @ElaineLHutt that is weird! It was open when i went through at 8am]]></document>
		<document><![CDATA[Motorway into Wellington looks pretty empty for this time of morning too.]]></document>
		<document><![CDATA[@ElaineLHutt @mb_inthehutt amazingly Block Rd at Melling is still open!]]></document>
		<document><![CDATA[@mb_inthehutt eek that's not a good start]]></document>
		<document><![CDATA[The hutt train I'm on is strangely empty this morning.... #eqnz #flooding]]></document>
	</documents>
</author>