<author lang="en">
	<documents>
		<document><![CDATA[Former Whistler wingsuit flyer eulogized after dying on mountain in China https://t.co/v7Xeb7nTxj https://t.co/DzRdO4FnAz]]></document>
		<document><![CDATA[Council to discuss proposed price increase for West End parking permits https://t.co/ZztGKCqwIN https://t.co/5jdeVqPvdh]]></document>
		<document><![CDATA[New, genome-based tools touted to defend forests against rising tide of foreign, invasive species… https://t.co/JzcwvNtDmC]]></document>
		<document><![CDATA[Canada 150: 'Indian Princess' celebrated her heritage https://t.co/eecbP0BSeD https://t.co/zICMPbtWXP]]></document>
		<document><![CDATA[You must see #Odysseo by @Cavalia ... it's truly spectacular. So many WOW moments, and incredibly acrobatic.… https://t.co/Db6NzUF4hk]]></document>
		<document><![CDATA[Premier Clark's extra salary, Liberal party donations taint Kinder Morgan pipeline approval https://t.co/ICHwNDVntq https://t.co/ovt5qY0ibT]]></document>
		<document><![CDATA[Four more men accused of smuggling 72 Sri Lankan Tamils into Canada go on trial https://t.co/Z5auERX9zz https://t.co/Zaf4mhLJFO]]></document>
		<document><![CDATA[TransLink accelerates escalator replacements on the Expo Line and West Coast Express https://t.co/8koJjS4lDP https://t.co/0A5sUklQea]]></document>
		<document><![CDATA[Emily Carr University unveils new logo https://t.co/C0hEVUK0cO https://t.co/zhxnEE2dEj]]></document>
		<document><![CDATA[Blood drive organized in longtime donor Tom Cameron's name https://t.co/CMlB0cr599 https://t.co/6vNVjYNvER]]></document>
		<document><![CDATA[Declare emergency now on opioid crisis, Ottawa told https://t.co/ZpuaXsJfIn https://t.co/XB6QmJJNOB]]></document>
		<document><![CDATA[Hundreds of UBC staff, students affected by Trump executive order on immigration https://t.co/ojSwESIq5d https://t.co/2FwPqXDFbm]]></document>
		<document><![CDATA[Man who disappeared with two others in August linked to B.C. drug trade https://t.co/pTXeC1YPJT https://t.co/Is6iGlKgC2]]></document>
		<document><![CDATA[Man who shot licensed marijuana grow-op worker in Langley gets 11 years in prison https://t.co/GnqdKWII6K https://t.co/DgrUOhq3HE]]></document>
		<document><![CDATA[Gabriola building school backtracks after rejecting Israeli student’s application https://t.co/1d9HhN4mNi https://t.co/CHPFKWhzW4]]></document>
		<document><![CDATA[Cougar mom, cub stayed to feed on deer carcass in Gibsons https://t.co/9hJ1b0vv7D https://t.co/BrjJQ2mhmL]]></document>
		<document><![CDATA[Searching for a lost piece of Vancouver's Chinatown https://t.co/Da6NVR93M2 https://t.co/ZsKCL2PVqB]]></document>
		<document><![CDATA[Premier Christy Clark in conflict of interest over Kinder Morgan pipeline approval: groups https://t.co/8FKolXccLs https://t.co/1w9blwoLxM]]></document>
		<document><![CDATA[Co-founder of Red Scorpions says search of his Kamloops gym was unlawful https://t.co/cZWTh6YUZT https://t.co/ufSHM6bPoK]]></document>
		<document><![CDATA[Police hope video footage will help solve mystery of Stanley Park assault https://t.co/uLsy7OYUSk https://t.co/jZ4GoFJeh4]]></document>
		<document><![CDATA[Vancouver's chief housing officer fired from job https://t.co/C3wsSeSFCV https://t.co/mBxlceUTlE]]></document>
		<document><![CDATA[Man charged with assaulting police at SkyTrain station during Burnaby altercation https://t.co/IPOdgJutAX https://t.co/EwH0MDeqk3]]></document>
		<document><![CDATA[Operator of Okanagan Lake tug boat is dead after sinking on Monday https://t.co/qpiUJBBwGV https://t.co/TS38ca3IQ8]]></document>
		<document><![CDATA[There's so much to love in NYC ... https://t.co/gesEw1RhPb]]></document>
		<document><![CDATA['Ovation worm’: Bizarre new Burgess Shale species discovered on B.C. guided hike https://t.co/pRfuKUI1ui https://t.co/a04pm3aomo]]></document>
		<document><![CDATA[Canada 150: Nancy Greene Raine's 13 World Cup wins remains Canadian record https://t.co/1r25lnBsI1 https://t.co/8RZONuyUEh]]></document>
		<document><![CDATA['It's hard to look at her kids,' sister says of Vancouver fentanyl victim https://t.co/i0lTun1dsq https://t.co/GXLaaebJM6]]></document>
		<document><![CDATA[Details, timeline for changes to B.C. foreign homebuyers tax unclear https://t.co/vUMfO35RDf https://t.co/8qEj8Y3wkh]]></document>
		<document><![CDATA[Police probe sex-assault complaint by former Lions Bay councillor’s daughter https://t.co/vDBDpG8KHb https://t.co/b7wPVIXKg3]]></document>
		<document><![CDATA[Metro Vancouver Muslims stunned by Quebec mosque mass shooting https://t.co/hJYJzOYIXv https://t.co/bS00KGwDUD]]></document>
		<document><![CDATA[TransLink 'challenged' by uptick in preventable bus accidents https://t.co/5k9Au3boU3 https://t.co/Z6UIzeWyP9]]></document>
		<document><![CDATA[B.C. Court of Appeal overturns ruling on asbestos protection laws https://t.co/HyXUtq0ebl https://t.co/upmvRJa0cg]]></document>
		<document><![CDATA[British Columbians with travel-ban links still in dark about U.S. exclusion https://t.co/YP0AzWLVyA https://t.co/ZreEB0LLCa]]></document>
		<document><![CDATA[Councillor Elizabeth Ball to seek Liberal nomination for Vancouver-Fairview https://t.co/LNYbl8dTzB https://t.co/s9nrcWLzEt]]></document>
		<document><![CDATA[B.C. health experts warn about travel to Mexico as Zika cases rise to 47 https://t.co/EHe3tMJXuW https://t.co/h2KxDFhnFv]]></document>
		<document><![CDATA[Adopt-a-School: Wraparound program made Christmas wish come true https://t.co/PLXRW7n1QJ https://t.co/ZjZd6M3siq]]></document>
		<document><![CDATA[B.C. Hydro rushing plans to build substation under school, parents say https://t.co/fDjBUv95AI https://t.co/l9vboAnpqg]]></document>
		<document><![CDATA[Eagles on Delta farm put on a rapturous show https://t.co/fZql5odTns https://t.co/rUNOP1NOql]]></document>
		<document><![CDATA[Young Surrey drug trafficker the latest Metro Vancouver murder victim https://t.co/wA2n7zh0Dg https://t.co/n6yskrRNyB]]></document>
		<document><![CDATA[Hiker missing near Nanaimo since Saturday found alive https://t.co/ZQ7ebywVRa https://t.co/PAGP1S1BZd]]></document>
		<document><![CDATA[Search resumes for hiker missing near Nanaimo since Saturday https://t.co/EYS4QQM91J https://t.co/B6Jb9RmmGB]]></document>
		<document><![CDATA[Car2go phasing out Smart cars as it adds Mercedes-Benz vehicles to Vancouver fleet https://t.co/Jpadu0c0Ux https://t.co/Lcw6RUVSlx]]></document>
		<document><![CDATA[University of B.C. task force helps students, faculty, caught in U.S. travel ban https://t.co/3e3jx70P0G https://t.co/C0CO2qxvxE]]></document>
		<document><![CDATA[Canada 150: The man is still in motion https://t.co/BGGifYI5VM https://t.co/4optOcKxq5]]></document>
		<document><![CDATA[Chilko Lake tourism operators appeal for help against 'nightmare’ https://t.co/kNm7BUSBR4 https://t.co/ForYQXRKhC]]></document>
		<document><![CDATA[Surrey RCMP probing death following house fire https://t.co/nZSPgwpUxC https://t.co/0fHO7cBbsA]]></document>
		<document><![CDATA[Vancouver celebrates year of the rooster in Chinatown parade https://t.co/qR2IsbQPDk https://t.co/LcWZ9a24KX]]></document>
		<document><![CDATA[B.C. parents give back to hospital after daughter born prematurely https://t.co/Svaf1nQmPT https://t.co/rk1pZatXKY]]></document>
		<document><![CDATA[CN wants to know more about upcoming safety report on Burrard Inlet bridges https://t.co/uQwRKsxYG8 https://t.co/6YBMYGjIry]]></document>
		<document><![CDATA[Daphne Bramham: Enough Trump, I could use more La La Land right now https://t.co/WyrCMUCXL3 https://t.co/OGyipJcrQU]]></document>
		<document><![CDATA[B.C. family say they must move after government stops plowing access road https://t.co/4XISyAKybb https://t.co/OhCamaY6Fz]]></document>
		<document><![CDATA[In Port Alberni, historic rifts surface over a street name that some say honours a racist https://t.co/AYeR5b7XuC https://t.co/RQn30b83pM]]></document>
		<document><![CDATA[Electricity-cost surge shocks Vancouver Island homeowners after plug pulled on discount https://t.co/Mb7mnL86yy https://t.co/97Agfx2jQb]]></document>
		<document><![CDATA[B.C. Premier Christy Clark lifts foreign buyers tax for those with work permits https://t.co/xy3D6MY596 https://t.co/PWfvNiwKP5]]></document>
		<document><![CDATA[How Donald Trump's immigration ban changed the life of a Yemen-born Vancouver resident overnight… https://t.co/PxPwwc2tbm]]></document>
		<document><![CDATA[B.C. father-son team developing technology to 3D print in space using moon dust https://t.co/CRl1U7FwAu https://t.co/JyGFbrIwt0]]></document>
		<document><![CDATA[Justin Trudeau visiting Vancouver for Lunar New Year amid public debate over Kinder Morgan pipeline… https://t.co/ofGNoo3jZR]]></document>
		<document><![CDATA['Mighty in Jesus looks beautiful on every single woman' U.S. evangelist Beth Moore visits Abbotsford… https://t.co/ZTEngrZpuM]]></document>
		<document><![CDATA[Trump immigration ban 'splitting apart families' in B.C., say experts, advocates https://t.co/cJButmPhsO https://t.co/OyFl7IAybG]]></document>
		<document><![CDATA[U.S. man sent to prison for trying to cross Canada border to meet preteen for sex https://t.co/7IAbEfngNt https://t.co/PoumbOkPIf]]></document>
		<document><![CDATA[Homicide investigators review man's death in Richmond https://t.co/DKnNx5FPd4 https://t.co/8Q6jutPDeI]]></document>
		<document><![CDATA[Man dead after Downtown Eastside shooting https://t.co/rZdkwFTD0y https://t.co/1gxEJWmy1v]]></document>
		<document><![CDATA[Canada 150: Kenny McLean's rodeo standards have never been equalled https://t.co/Y5Z9DYT9KL https://t.co/5XS75zICYe]]></document>
		<document><![CDATA[One dead in crash between SUV and pickup truck on Highway 1 in Surrey https://t.co/acf6pp0Siv https://t.co/G6AN6GC1oj]]></document>
		<document><![CDATA[B.C. suspends permit of controversial contaminated soil site https://t.co/6Bl0E3ztTf https://t.co/6QuygrrQNy]]></document>
		<document><![CDATA[Two men who attacked B.C. RCMP officer avoid jail time https://t.co/tWd1LVUDkc https://t.co/Tnd9Gmnt5T]]></document>
		<document><![CDATA[Pete McMartin: Who goes there? Friend or foe? https://t.co/y2YX9UjLHp https://t.co/3cEy7fxnwC]]></document>
		<document><![CDATA[Construction on South False Creek seawall improvements to begin next week https://t.co/5CAiI7wQfF https://t.co/KkQZMjp4d3]]></document>
		<document><![CDATA[Chorus for overhaul of B.C. childcare system grows in wake of tot's tragic death https://t.co/DD8L23gTWM https://t.co/jyofgV7iFV]]></document>
		<document><![CDATA[Conversations That Matter: A spirited fight against prostate cancer https://t.co/uJXNkcOYaV https://t.co/CLXi3cnoAD]]></document>
		<document><![CDATA[Heffel's art spring auction going, going, gone to Toronto https://t.co/RMCC9XK7jB https://t.co/ZfSupOhzMp]]></document>
		<document><![CDATA[Daina Augaitis to leave Vancouver Art Gallery at the end of 2017 https://t.co/WoiKvUq9Iy https://t.co/JtC9ZaVgcx]]></document>
		<document><![CDATA[Trudeau headed to B.C. this weekend to 'face the music' https://t.co/ysbRW5mICh https://t.co/YBuKgrgo5p]]></document>
		<document><![CDATA[Underfunding for mine cleanups rises to more than $1.27 billion https://t.co/2BMLAZxQlF https://t.co/jApnRsvW5U]]></document>
		<document><![CDATA[Musqueam siblings trace father's roots to China and find little-told B.C. history https://t.co/w1cHovycVw https://t.co/Is7Y7N9yec]]></document>
		<document><![CDATA[This Week in History: 1937 A Hollywood queen meets a grisly end https://t.co/2yIFv6NmTn https://t.co/1MDjJHKjgX]]></document>
		<document><![CDATA[UBC study finds allergy rates among immigrants increase the longer they settle https://t.co/QmeGFkY3w2 https://t.co/oexdnublBo]]></document>
		<document><![CDATA[New trend sees adults with families entering B.C. as foreign students https://t.co/pIZKn8Keqo https://t.co/SQLbsCYqA4]]></document>
		<document><![CDATA[Homicide cops investigate fatal shooting in Surrey https://t.co/n0Pw2pV7V7 https://t.co/nGNomodrgk]]></document>
		<document><![CDATA[Three levels of government announce funding for North Shore 'choke point' https://t.co/9dHvfSebvZ https://t.co/2pcgb3tVPH]]></document>
		<document><![CDATA[Vancouver Island tire slasher severs his own leg artery https://t.co/CAi8Sv5Mpi https://t.co/dbQtMM7Ktc]]></document>
		<document><![CDATA[Maple Batalia murder: Co-accused sentenced to 18 months https://t.co/i4MA8E584b https://t.co/9Vf2hJTbPf]]></document>
		<document><![CDATA[Pedestrian killed in Coquitlam hit-and-run accident https://t.co/Akl0SCre7J https://t.co/cnslLCDP8e]]></document>
		<document><![CDATA[UBC pulls ads from alt-right news outlet in U.S. linked to Trump adviser https://t.co/2W4E06wC8m https://t.co/Jrmf4YbAus]]></document>
		<document><![CDATA[RCMP in Surrey look for suspects after the latest targeted shooting https://t.co/P4GhyC24eM https://t.co/03YzWx6ujI]]></document>
		<document><![CDATA[Canada 150: 'Mighty Mouse' Elaine Tanner took swimming world by storm https://t.co/viR8cswNBq https://t.co/Fs6ELFexWp]]></document>
		<document><![CDATA[Seeds of Alzheimer's may be planted in the womb, UBC study finds https://t.co/Mn01JV1UsA https://t.co/RvVTwpwNnY]]></document>
		<document><![CDATA[Guatemalan protesters allegedly shot by mining company staff can have suit heard in B.C., court rules… https://t.co/65ZUar317j]]></document>
		<document><![CDATA[Lions Bay councillor who's suing daughter in sexual abuse case resigns https://t.co/qfLKDzTurS https://t.co/V9RIMU1RD9]]></document>
		<document><![CDATA[Number of flu cases in B.C. spike above 10-year average https://t.co/SKfeKW1Nkk https://t.co/dEPjxPNGjX]]></document>
		<document><![CDATA[Leadon Investment, a private investor with ties to Hong Kong, buys hotels from B.C.'s public pension fund… https://t.co/md0r3LO6gK]]></document>
		<document><![CDATA[UBC economics professor ticked off about having to talk at Trump Tower https://t.co/Qosr75Qu93 https://t.co/pnA1nM23yh]]></document>
		<document><![CDATA[B.C. election: Contrasting candidates in Richmond's new riding https://t.co/BePpDB8vwH https://t.co/vJPTUehslq]]></document>
		<document><![CDATA[Ian Mulgrew: B.C. government policies blamed for long, harmful health waiting lists https://t.co/VJ0Ol9K070 https://t.co/zdLmnA1VnD]]></document>
		<document><![CDATA[Cellphone selfie sticks sales slump as public facility bans bite https://t.co/Vw8cSJ5jiE https://t.co/ABSm8VtrKA]]></document>
		<document><![CDATA[Modular housing and artificial intelligence among ideas recognized at STEM awards https://t.co/L6WdMhHy3N https://t.co/J7ASCbfW39]]></document>
		<document><![CDATA[No West Coast Express delays caused by CPR trains in over a month https://t.co/zaGGCJcbIo https://t.co/HflEPw9LRM]]></document>
		<document><![CDATA[Walk-in clinic for people with opioid addictions slated to open in Downtown Eastside https://t.co/8L9NZ7Wg7c https://t.co/HCc4lzZX5e]]></document>
		<document><![CDATA[Appeal court overturns ruling that a private college could use VCC acronym https://t.co/umi2NS22IR https://t.co/OkzABjUcVK]]></document>
		<document><![CDATA[Metro Vancouver gas prices to drop Friday, bounce back Saturday https://t.co/A8tDQt4H9k https://t.co/f1RxyV1sgx]]></document>
	</documents>
</author>