<author lang="en">
	<documents>
		<document><![CDATA[@laurencarlymc our street will be like Hollywood tours 😂😂📸📸 
#Trainspotting2 https://t.co/wScil8zO7t]]></document>
		<document><![CDATA[#lovenothate #Edinburgh #AntiTrump https://t.co/BQSz75gc1w]]></document>
		<document><![CDATA[@MrsdeSoldenhoff @mcgregor_ewan @robertcarlyle_  haha does it really. That's amazing. Can't wait to see it 😁 xx]]></document>
		<document><![CDATA[@laurencarlymc @edinburghpaper thought you'd like the vinyl x]]></document>
		<document><![CDATA[@MrsdeSoldenhoff haha. Who would have thought😂😂]]></document>
		<document><![CDATA[When your flat makes the evening news 💁🏼. #Trainspotting2 #leith #edinburghfilming #edinburgh #irvinewelsh 
https://t.co/AaFrejz12K]]></document>
		<document><![CDATA[Random 🤷🏼‍♀️
The end of #Newsnight tonight reminded me of The Beloved video]]></document>
		<document><![CDATA[If you haven't seen it here is an opportunity:  Free screening of #IDanielBlake #NortonPark #eventbrite… https://t.co/YmKtBgQ0Lg]]></document>
		<document><![CDATA[@MrsdeSoldenhoff there we go 👍🏻 https://t.co/3WDxUXqEh1]]></document>
		<document><![CDATA[Listening to: 
#northernsoul ✊🏻
#soulcity #RnB #tamlamotown  https://t.co/6wePMjJFN5]]></document>
		<document><![CDATA[Out and about 😍
#worklife #picturesque #lovemyjob #scottishborders https://t.co/eqjFVctIY8]]></document>
		<document><![CDATA[@MrsdeSoldenhoff @wirral_live @MadnessNews @TheFarm_  first time seeing Madness. Never been lucky enough to get tickets before. Can't wait!!]]></document>
		<document><![CDATA[@MrsdeSoldenhoff @TheFarm_  in my defence I was half asleep and saw North before I saw Cheshire 😂😂]]></document>
		<document><![CDATA[@MrsdeSoldenhoff last night we discussed going #rewind2017 and then this happens 😀- see you there 🙋🏻 https://t.co/kNMlY3GNF1]]></document>
		<document><![CDATA[Absolutely 👌🏻🎟🎟 #thefarm #madness #feelthelove https://t.co/oOSSzEjmaS]]></document>
		<document><![CDATA[@wirral_live @MrsdeSoldenhoff sounds intriguing and will keep an eye out. The Farm and Madness was great news for us 😊]]></document>
		<document><![CDATA[@wirral_live @MrsdeSoldenhoff only planned for the Friday night. What is happening on Saturday??]]></document>
		<document><![CDATA[@wirral_live @MrsdeSoldenhoff looking forward to visiting your neck of the woods. Saturday is our touristy day 📷👟👟]]></document>
		<document><![CDATA[@wirral_live @MrsdeSoldenhoff 😂😂 - that's what friends are for 🎼]]></document>
		<document><![CDATA[@wirral_live @MrsdeSoldenhoff hahaha. And your not even needing a ticket haha 😂]]></document>
		<document><![CDATA[@wirral_live @MrsdeSoldenhoff brilliant - that could be a shout. Thanks for the tip👍🏻 😊]]></document>
		<document><![CDATA[@wirral_live @MrsdeSoldenhoff that looks like it's in the middle of nowhere. Is it near the venue?]]></document>
		<document><![CDATA[@wirral_live @MrsdeSoldenhoff @MadnessNews @TheFarm_ @TheFarm_Peter 👌🏻👍🏻. Travelling from Edinburgh. Good Hotel recommendations welcome 😂😂]]></document>
		<document><![CDATA[When @MrsdeSoldenhoff sends you this and tells you we're going to see @MadnessNews @TheFarm_ @TheFarm_Peter… https://t.co/CLiyAmECr5]]></document>
		<document><![CDATA[@MrsdeSoldenhoff @MadnessNews @TheFarm_ @TheFarm_Peter @thefarm_carl @KeithMullin arghhh yasss!! Tickets first 🎟logistics later 🚂🏢😂😂]]></document>
		<document><![CDATA[How's the travel and accommodation plans getting on  @MrsdeSoldenhoff 🤔 tickets sorted yet 😂 @TheFarm_  @wirral_live #madness]]></document>
		<document><![CDATA[@TheFarm_ @MadnessNews @WirralLive see you there 🙌🏻]]></document>
		<document><![CDATA[@MrsdeSoldenhoff @TheFarm_Peter @MadnessNews  @wirral_live claire  I was going to get tickets for madness - Falkirk.This changes that plan x]]></document>
		<document><![CDATA[https://t.co/fWIipmE1lx  

#T2trainspotting #soundtrack]]></document>
		<document><![CDATA[@thefarm_carl reminds me of a "Tales of the Unexpected 💃🏻" episode I once watched 🙈]]></document>
		<document><![CDATA[TV yesteryear:  
The 90s: 10 years that changed the world @Channel4

#music #film #sport #90s]]></document>
		<document><![CDATA[https://t.co/tGOUnVX9Zz #T2trainspotting #soundtrack #lustforlife]]></document>
		<document><![CDATA[@TheFarm_Peter can't wait to see this. Filmed in my block and underground carpark. Danny Boyle is the nicest guy. S… https://t.co/YDCohiE4xm]]></document>
		<document><![CDATA[When this happens 🤔
Plug in my phone and Noel Gallagher is singing - freaky 😂 #overthinker #randomshuffle #itsasign… https://t.co/75k5hymagu]]></document>
		<document><![CDATA[Saturday Sounds 🎬🎤🎹

#BEF  https://t.co/jxto0FzhKR]]></document>
		<document><![CDATA[@BigGinge_1 thanks I must have forgot that in my 26 years of driving. Their is a bigger picture behind a picture remember #justsaying]]></document>
		<document><![CDATA[@BigGinge_1 does that apply to passengers in the front or rear of the car using phones/iPads/iPods. Line of traffic due to car breakdown.]]></document>
		<document><![CDATA[@BigGinge_1 sitting outside a school waiting. And not on yellow keep clear lines if that's your next question]]></document>
		<document><![CDATA[Takes me back to Loch Lomond - "The Masterplan" #oasis #cast #blackgrape #manicstreetpreachers #lochlomond #1996  https://t.co/WzEjZOOWMC]]></document>
		<document><![CDATA[Planes, trains and automobiles 
#Leith #edinburghlife #leithwalk #edinburghtrams #vwbeetle https://t.co/tueMaiBet5]]></document>
		<document><![CDATA[Productive day ✅
Drive home ✅
Music up ✅
#disco #oldskool #crankitup… https://t.co/Z7QcJ0GX4u]]></document>
		<document><![CDATA[@MrsdeSoldenhoff @edinburghpaper this is the place to be 😀]]></document>
		<document><![CDATA[Love living in Leith 🌞This is so exciting. #livinginleth #leithcreative #leiththeatre  #irvinewelsh https://t.co/D0RIubpfgc]]></document>
		<document><![CDATA[Few good ones there #1984 https://t.co/UkLYCcpEmG]]></document>
		<document><![CDATA[https://t.co/0fPM64XpQL 

🎷💙 #OtisRedding 💙🎷]]></document>
		<document><![CDATA[https://t.co/OwAdRxtWlK 
Elvis and The Royal Philharmonic Orchestra - Beautiful ❤️ 👩‍❤️‍👩
#alwaysonmymind #memories #motherslove]]></document>
		<document><![CDATA[https://t.co/OwAdRxtWlK 
Beautiful ❤️ 👩‍❤️‍👩
#memories #motherslove #MissingYou]]></document>
		<document><![CDATA[Just watched "Listen to me Marlon" #bbc2 💙and now "On the waterfront" - Great Saturday Night Viewing
#movielegend #marlonbrando]]></document>
		<document><![CDATA[@MrsdeSoldenhoff @iTunes so many faves but that's my kick myself up the butt song ✌🏻😂]]></document>
		<document><![CDATA[Listening to Hullabaloo - The Farm 
Shake Some Action 🎤 #lifegoals #lyrics #inspired #dontlookback #makeachange 
 https://t.co/k0MX6bmzyZ]]></document>
		<document><![CDATA[#2017 - what you got 🤔 https://t.co/jdKR70Vfjw]]></document>
		<document><![CDATA[@TheFarm_  aww thank you 👍🏻]]></document>
		<document><![CDATA[Those special family moments that brings a tear to my eye 😂❤️#proud #caughtoncamera #feelthelove #alltogethernow… https://t.co/txjuO6Xbak]]></document>
		<document><![CDATA[Long Week 😫🤔 #positivevibesonly #FridayFeeling #feelthelove #TGIFriday https://t.co/YJ6sVG3oPF]]></document>
		<document><![CDATA[Official confirmation now in - The correct pronunciation of "Bowie" 😂 https://t.co/azyJZV09hH]]></document>
		<document><![CDATA[https://t.co/PS0ZnepATs 

Using a voice #MerylStreep #safeguardtruth #FreedomOfSpeech  #GoldenGlobes #Inspiration #womanpower]]></document>
		<document><![CDATA[#drivingtunes #Elvis #royalphilarmonicorchestra #burninglove #vwbeetle #drivingmissdaisy #classictunes https://t.co/jNQakq4jza]]></document>
		<document><![CDATA[Driving tunes - Elvis with  the Royal Philarmonic Orchestra #drivingtunes #Elvis #ificandream https://t.co/XPxnKidDyJ]]></document>
		<document><![CDATA[@MrsdeSoldenhoff get these dates in the diary 🌝📅#rewindiscoming #rewind2017 https://t.co/33dRJSt7ct]]></document>
		<document><![CDATA[Announcing 25th January 👍🏻 
Anyone got any inside info haha 🤔 https://t.co/MHqYT5TIGs]]></document>
		<document><![CDATA[@PaulYoungParlez @MartikaTunes @TonyDentonPromo @TOYSOLDIER_ARMY @benniedenton @toyahofficial @ChinaCrisisUK Edinburgh tickets purchased 👍🏻]]></document>
		<document><![CDATA[So true 🎶 
#musicmatters #musictherapy #chaptersoflife #lifetimememories https://t.co/KTnpVxVPOz]]></document>
		<document><![CDATA[https://t.co/S40aID7o1a 

Watching #TOTP 1964 to 1975 - Procol Harem #loveanoldie]]></document>
		<document><![CDATA[@colinebbrell @DSMITH591 @TheFarm_Peter @pow64 @bsgorrie Ahh that was it 👍🏻. Loved the 10p return on globe bottles too.]]></document>
		<document><![CDATA[@colinebbrell @DSMITH591 @TheFarm_Peter @pow64 @bsgorrie loved the Bon accord van 👍🏻 https://t.co/T2euuwfMPA]]></document>
		<document><![CDATA[@TheFarm_Peter @colinebbrell @pow64 @bsgorrie  just sat in the kitchen with the cooker on instead 😂😂#survivalskills]]></document>
		<document><![CDATA[@TheFarm_Peter @colinebbrell @pow64 @bsgorrie my mum used to take the fuse out the electric fire when she went to work ❄️]]></document>
		<document><![CDATA[😂I can relate to this at times 
#emotionalwreck #musicmatters https://t.co/mijkVKNtVC]]></document>
		<document><![CDATA[It's nearly T2 time. What a surreal day that was watching the… https://t.co/YCwNk6khnF]]></document>
		<document><![CDATA[✋🏻💪🏻
#wednesdaywisdom #HappyWednesday #itsfact https://t.co/AYhZ1mGBX0]]></document>
		<document><![CDATA[@TheFarm_Peter @bbcmerseyside back at work today and have this on in the background.  Fantastic - In the Ghetto🎶-special song ❤️]]></document>
		<document><![CDATA[Two great music legends and a dream ✌🏻🌎#MusicMonday #DavidBowie #JohnLennon #2017 #BehindEveryMusician 
 https://t.co/kJKu63TcKs]]></document>
		<document><![CDATA[Life in Leith ❤️
#Edinburgh #cityview #Leith #sunshineonleith https://t.co/oiRSxthn9E]]></document>
		<document><![CDATA[MISSING PERSON • James Cantwell • Leith, Scotland • 27 Years Old https://t.co/Qkdr3uM6Qi via @SCT_Missing]]></document>
		<document><![CDATA[Bring It On Home To Me 🎶
#SamCooke #Soul  https://t.co/8xSQ90ueMX]]></document>
		<document><![CDATA[Love this 🎶 hard not to listen to this without your feet doing the "shuffle" #theresaghostinmyhouse #BEF https://t.co/jxto0FzhKR]]></document>
		<document><![CDATA[Omg this is so sad!!! https://t.co/rXecIuV4k7]]></document>
		<document><![CDATA[@Yankeesman1 really. That would be good to find. Watching goodfellas now. That music scene will be on soon. Amazing 👌🏻]]></document>
		<document><![CDATA[@Yankeesman1 very eclectic taste 👍🏻]]></document>
		<document><![CDATA[When you have had a great night listening to music and now scroll to find Goodfellas on tv #goodfellas #Dave #layla… https://t.co/0bE3SRUxRo]]></document>
		<document><![CDATA[Just listened to Once upon a time in America. Beautiful music. Got me thinking of Layla 4 mins in when the piano kicks in #GoodFellas]]></document>
		<document><![CDATA[@martynware @TheFarm_Peter Martyn downloaded the best of BEF -  will listen to it on that - after Peter's show of course 👍🏻]]></document>
		<document><![CDATA[@TheFarm_Peter just listening to Peter Hooton tonight on @bbcmerseyside great music and interesting knowledge in music. Lovin'it #schoolday]]></document>
		<document><![CDATA[@martynware @TheFarm_Peter wow another amazing version. Tina turners voice along with that band is a force to be reckoned with in that song]]></document>
		<document><![CDATA[@TheFarm_Peter totally agree.  Tunes 👌🏻so gd I was able to tune in. 👍🏻I could literally tweet every song so far. brilliant. #genius 😂]]></document>
		<document><![CDATA[@TheFarm_Peter a change is gonna come is one of theee best songs. Goosebumps everytime I hear this. Absolute favourite 🎶]]></document>
		<document><![CDATA[@TheFarm_  with a start like that. Hard not to stay tuned. Class 👌🏻]]></document>
		<document><![CDATA[Awww he sang to her 😍🎤❤️ #dirtydancing https://t.co/qNoOU6Rt4Y]]></document>
		<document><![CDATA[That lift tho 🙌🏻 #dirtydancing https://t.co/jKnDHJDwR6]]></document>
		<document><![CDATA[https://t.co/egLuIJzvSd 

And here he is again #mikeyung - amazing. One of my faves 🎶let's get it on🎶]]></document>
		<document><![CDATA[https://t.co/NfC38fws0h 

This mans voice is phenomenal - 😳😍#achangeisgonnacome]]></document>
		<document><![CDATA[First Couch Movie 🎥 #dirtydancing https://t.co/X0VytCLmxA]]></document>
		<document><![CDATA[On the couch and not moving - hope you all had a great New Year and lots of love for 2017 ❤️ https://t.co/3CTWb5iWat]]></document>
		<document><![CDATA[@djmer1 @cityofsydney @ABCTV always good to get it out your system. All the best for 2017 from a very cold Edinburgh, Scotland]]></document>
		<document><![CDATA[@djmer1 @cityofsydney @ABCTV completely agree, that's what I was hoping for.  Hence the countdown was a phew at least I have that]]></document>
		<document><![CDATA[@djmer1 @cityofsydney @ABCTV I actually thought it would have been televised somewhere.]]></document>
		<document><![CDATA[@djmer1 @cityofsydney @ABCTV I was grateful for anything sitting here in Edinburgh and wanting to experience what my daughter could see]]></document>
		<document><![CDATA[@djmer1 @cityofsydney @ABCTV yeh I agree. Was hoping to experience the music. App Bowie and Prince playing I heard. Countdown was gd 2 see]]></document>
		<document><![CDATA[@cityofsydney @djmer1 @ABCTV thank you so much for this live feed❤️My daughter works on the cruise ships and is docked in Sydney Harbour ❤️]]></document>
		<document><![CDATA[Just celebrated #sydnye with the live feed. Few tears to know that… https://t.co/PpfaUVVNrd]]></document>
	</documents>
</author>