<author lang="en">
	<documents>
		<document><![CDATA[#Coquitlam #highschoolmusicaltheatre Catch Me If You Can.  Get your tickets...starts Thursday!  Amazing show!!!
https://t.co/mWoj7FyZf5]]></document>
		<document><![CDATA[Centennial takes flight with last theatre show at old Coquitlam school https://t.co/RbOVqgDje0 via @tricitynews 
@LeoDiCaprio @tomhanks]]></document>
		<document><![CDATA[Great competition as always @AllThingsCheer but all the strobe lighting is giving us a headache.]]></document>
		<document><![CDATA[Hey @LeoDiCaprio my daughter's high school is putting on an amazing musical production next week!  Want tickets?… https://t.co/DnWxEBrJg6]]></document>
		<document><![CDATA[#BellLetsTalk Don't let the conversation end...keep talking every day to help reduce stigma and support #mentalhealth for everyone!]]></document>
		<document><![CDATA[SHARE #BellLetsTalk to help #MentalHealth initiatives. 
We join in memory of #AmandaTodd Sharing help lines… https://t.co/FcGFtpu3Od]]></document>
		<document><![CDATA[#BellLetsTalk to help #MentalHealth initiatives. 
We join in memory of #AmandaTodd Sharing help lines @KidsHelpPhone 1-800-668-6868]]></document>
		<document><![CDATA[#BellLetsTalk about self care...take care of yourself too so that you can help others. #mentalhealth]]></document>
		<document><![CDATA[#BellLetsTalk reach out to a friend today...they may need to know you care. #mentalhealth #Canada]]></document>
		<document><![CDATA[#breakthecycle @CdnChildProtect 🕷 https://t.co/azlZSPdyrb]]></document>
		<document><![CDATA[My 16yr old shares a birthday with pretty amazing women! @realbettywhite @MichelleObama 
Happy birthday ladies! 🎉🎁🎂💕]]></document>
		<document><![CDATA[Exhausted.  No spoons left for today.  Kid makes me a to-do list...that's already 10 items long... 😣 #fibro]]></document>
		<document><![CDATA[Why can't anything be made to last a long time...I have a 2 year stint with a phone and the cord might be crapping out with 9 months to go?]]></document>
		<document><![CDATA[Samsung charger cord makes weird swishing noises...that probably isn't good is it?]]></document>
		<document><![CDATA[@Janetmomof31 @Knightlova When Fortis guy came by he said it was possibly a train full of sulfur that had gone thru...]]></document>
		<document><![CDATA[@Knightlova @cityofcoquitlam Just got home now and seems to be gone. @FortisBC any idea what it was from?]]></document>
		<document><![CDATA[@Knightlova @cityofcoquitlam I left home before noon and it was still strong.  Haven't had a call from Fortis.]]></document>
		<document><![CDATA[@Knightlova @cityofcoquitlam Yes very strong in Cape Horn area.  I called fortis an hour ago.]]></document>
		<document><![CDATA[Less than 12 hours into a new year.. already a death &amp; a medical emergency in my time line...]]></document>
		<document><![CDATA[@JodieVolunteers Congrats on this amazing milestone!]]></document>
		<document><![CDATA[@Timmc78 haha.  My body can't handle the cold and wet.. time to move somewhere tropical.]]></document>
		<document><![CDATA[Done with winter...]]></document>
		<document><![CDATA[Hungry. Popcorn? Nope...Kids used up all the butter (on what I can't figure out). Chips? Nope...Kids ate all but a few crumbs. #Hangry now 😈]]></document>
		<document><![CDATA[Letter: Prevention is crucial https://t.co/EdoROHq783 "It's time we move upstream..." #mentalhealth]]></document>
		<document><![CDATA[Mall was a bad idea.  Not as busy as yesterday but the screaming kids and loud music aren't helping my mood. #irritated #anxious #needanap]]></document>
		<document><![CDATA[To mall or not to mall...]]></document>
		<document><![CDATA[Just when a girl thinks she has enough scarves...ha who am I kidding!  I bought two more today!  #nosuchthingastoomany]]></document>
		<document><![CDATA[Tired of being tired...  1 step forward, 2 steps back.]]></document>
		<document><![CDATA[Thanks to rhirhixoxo17 I have a timmies connection who put my name… https://t.co/U10cHhUf7A]]></document>
		<document><![CDATA[Just when you think you can't possibly be more tired...  winter=rain=pain=no sleep. #fibro]]></document>
		<document><![CDATA[@MikiGregory @coquitlam funny but not when they've done $2000 damage to my cars HVAC before.  Worried about extreme damage and diseases...]]></document>
		<document><![CDATA[Apparently not too cold...have rats outside window right now. Weeks of sub zeros temp and tons of snow but still have rodents! @coquitlam]]></document>
		<document><![CDATA[Yet another snow day...time for the kids to clean their rooms! #meanmom #tiredofclutter]]></document>
		<document><![CDATA[Looking for a yummy appt or dessert for next weekend and now I'm hangry...]]></document>
		<document><![CDATA[@mehandi82 Time to fly to a tropical island...ffs I hate winter.]]></document>
		<document><![CDATA[@VPD2Fox15 One day my daughter will attend!]]></document>
		<document><![CDATA[If you're going to run into my car...leave your info and pay for the damage.  Bah freaking humbug!!!!]]></document>
		<document><![CDATA[#Snow #Vancouver #Coquitlam #sunset #winter 
#theskyisonfire… https://t.co/dT4IcQ5bdT]]></document>
		<document><![CDATA[Such a difficult time of year...  each year I think it will be better...]]></document>
		<document><![CDATA[#MekaylaBali Please let someone know you're safe...your family misses you! https://t.co/JWtaFaibH1]]></document>
		<document><![CDATA[Just posted a photo https://t.co/i9Zkp56uiD]]></document>
		<document><![CDATA[Drug epidemics...widely covered by media.  Suicides and mental illness...shunned and shied away from.  #endthestigma #talkaboutit]]></document>
		<document><![CDATA[@old_soul_2 Thank you &lt;3]]></document>
		<document><![CDATA[All day I managed to not stop and get ice cream to lift my mood, telling myself I didn't need it...now I'm home and I'm miserable...]]></document>
		<document><![CDATA[Back incisions healing slowly...a month later sudden stabbing pains...normal or just my #fibro messing with me?]]></document>
		<document><![CDATA[Happy birthday Princess #Snowflake. ❄💜🎂🎈🎉🎁💜❄ #AmandaTodd #gonebutneverforgotten @c_todd https://t.co/ibs0XaSxS0]]></document>
		<document><![CDATA[I don't care if there's no parking close enough for your liking...you don't use the handicapped stall when you're not designated!!! #rude]]></document>
		<document><![CDATA[What's the point of reconfirming my order 3 times...looking at the order screen...and still getting it completely wrong @TimHortons ???]]></document>
		<document><![CDATA[#Snowflakes are one-of-a-kind, delicate and beautiful. @AToddLegacy #antibullying #Mentalhealth #maketodaypositive https://t.co/pnYzY5FrEG]]></document>
		<document><![CDATA[#Snowflakes are beautiful, fragile and unique. @AToddLegacy #antibullying #Mentalhealth #maketodaypositive https://t.co/dSHrjMtGgY]]></document>
		<document><![CDATA[#Snowflakes are beautiful, fragile and unique.  @AToddLegacy #antibullying #Mentalhealth #maketodaypositive https://t.co/x0MeO8QSt2]]></document>
		<document><![CDATA[#Snowflakes are beautiful, fragile, unique. @AToddLegacy #mentalhealth #antibullying https://t.co/x4pQErWwPJ]]></document>
		<document><![CDATA[#Cheerleader problems
#elastics #bobbypins
#wheredotheygo… https://t.co/LZpqD1ryAs]]></document>
		<document><![CDATA[@mehandi82 You're going to be back already? Time has flown by!!!  Yay!]]></document>
		<document><![CDATA[When you want to go out to escape a noisy house but you're furious at your kid for eating 2xbox Purdys that were gifts for other people.]]></document>
		<document><![CDATA[Kids can deny they've been sneaking Halloween candy all they want...but when I find the wrapper stash they're busted. #momisntdumb]]></document>
		<document><![CDATA[Both toilets running, freezer sounds likes it's about to burn out, water leaking from the sink taps... #needahandyman lol]]></document>
		<document><![CDATA[@mehandi82 Ya...shooting about 4pm.  Haven't heard much else yet.]]></document>
		<document><![CDATA[@dizzard96 @zenflowerHES @OliviaKahlua @HES_th_1 As a Canadian I am very scared for my southerly neighbours.  9/11 and now 11/9...]]></document>
		<document><![CDATA[World's gone to sh*t in a hand basket...and Trump's holding the handle.]]></document>
		<document><![CDATA[Never thought there'd be a day worse than 9/11... Downfall of a nation that will affect the entire world...]]></document>
		<document><![CDATA[He's called everyone stupid...  Want a do-over voters? https://t.co/tbNbxkeEiq]]></document>
		<document><![CDATA[I will never understand why people are actually supporting evil itself. #gladtobecanadian #worriedfortheworld]]></document>
		<document><![CDATA[I don't understand a country that believes a man who rapes &amp; pillages is worthy of the title of POTUS...]]></document>
		<document><![CDATA[The world as we know it changes today... #Imwithher]]></document>
		<document><![CDATA[HEADLIGHTS!  daytime running lights aren't enough!  @NEWS1130Traffic @AM730Traffic]]></document>
		<document><![CDATA[@islandjaimelee Have many times related to this...exactly...lolol]]></document>
		<document><![CDATA[Could stand rolling back the clock tonight also... #tired #needmorethanoneextrahour]]></document>
		<document><![CDATA[Beautiful morning in #Coquitlam 
#fall #sunshine #Friday https://t.co/uRS5tr0TPM]]></document>
		<document><![CDATA[Can we have a smooth running morning in traffic today? #lowermainland #slowdown #accidentpronesociety #learntodriveproperly #dontbeignorant]]></document>
		<document><![CDATA[Stand up for what is right even if you end up standing alone.]]></document>
		<document><![CDATA[It's important to have a politician in charge... why pay someone who isn't equipped to do the job???]]></document>
		<document><![CDATA[I know I wouldn't elect anyone into office that thinks sexual assault is OK and that can't take responsibility for anything like his taxes.]]></document>
		<document><![CDATA[@GlobalBC Will you be removing the video footage online? How upsetting for the family &amp; other students :(]]></document>
		<document><![CDATA[Do not use sparkle tulle...Unless you want it EV.ER.Y.WHERE... lol]]></document>
		<document><![CDATA[I have tried 3x this week to do my online shopping order with Loblaws/RealCdnSuperstore, and each time they shut down for maintenance...grrr]]></document>
		<document><![CDATA[#PEMF mat is helping me recover from minor surgery faster &amp; will help me manage my #fibro pain better! #saltcave he… https://t.co/jssC8rY8gq]]></document>
		<document><![CDATA[No beginning, no end...just us. #ThisIsUs Add your own color to your life's painting!]]></document>
		<document><![CDATA[Finally getting to enjoy #ThisIsUs @justinhartley I didn't think I could love you more than before! @TheMandyMoore beautiful as always! &lt;3]]></document>
		<document><![CDATA[@mehandi82 love you too! Miss you already! 💜 have a great time!!!]]></document>
		<document><![CDATA[Pain tolerance is out the window...]]></document>
		<document><![CDATA[@neal_herron hello. All is well here :)  hope you are too!!]]></document>
		<document><![CDATA[Pudding...I want to make chocolate pudding...now.  Children used up a 2 litre of milk in 2 days...  😭 this means #nopuddingforme]]></document>
		<document><![CDATA[Yes please! #yum #raspberry #brownie https://t.co/MdKBC2yu0S]]></document>
		<document><![CDATA[#rawr #corvette https://t.co/L5gGgmsY40]]></document>
		<document><![CDATA[#TELUSWISE Be safe with your smartphone. Say no to #distracteddriving https://t.co/6SbrQHSHOV]]></document>
		<document><![CDATA[Who needs to watch the debate when there is twitter? Thanks for all the play by plays everyone!]]></document>
		<document><![CDATA[Thank you @riajademusic! Amazing song &amp; collaboration with talented youth for @WMHD16 &amp; #LightUpPurple!  &lt;3 Snowfla… https://t.co/J71QpmfDrp]]></document>
		<document><![CDATA[@NEWS1130Traffic multiple vehicle accident in #Coquitlam blocking Austin both ways between Schoolhouse and Poirier]]></document>
		<document><![CDATA[@keesh1980 @OliviaDBuck not being a hater :)  just a privacy issue.  I'm sure he will appreciate getting his wallet back too!]]></document>
		<document><![CDATA[@OliviaDBuck @abbie19972012 take to the police to have them return it.  You realize you've put this guy's personal info for anyone to see?]]></document>
		<document><![CDATA[@NicoMohan Pictures and videos are interesting to watch. Hearing of damages and death...unfortunately inevitable.  Hope everyone is safe!!!]]></document>
		<document><![CDATA[Weather can change paths, can't be accurately predicted 100% all the time. #BCstorm affecting many...but not you?  Be thankful!]]></document>
		<document><![CDATA[Refractions in Water Drops by Markus Reugels https://t.co/UDIZTPTGUK]]></document>
		<document><![CDATA[@coquitlamcentre @eddiebauer Any way we can as long as it isn't raining outside! #CoquitlamCrunch #RockyPoint #TownCentre walking/hiking.]]></document>
		<document><![CDATA[#lightuppurple https://t.co/sYw1gOthva]]></document>
		<document><![CDATA[Should have started dinner an hour ago...lights flickering already. Hope the power doesn't cut out for a while yet!]]></document>
		<document><![CDATA[@TELUSsupport sorry I missed your reply...it finally came back after a couple hours.  All good (for) now!  Thank you!]]></document>
		<document><![CDATA[#lightuppurple https://t.co/3OCa4xt7j1]]></document>
		<document><![CDATA[Ignorance isn't bliss...]]></document>
	</documents>
</author>