<author lang="en">
	<documents>
		<document><![CDATA[We must pay attention to the really really bad things Trump is doing as well as the really really really bad things https://t.co/2S6IRDkxJZ]]></document>
		<document><![CDATA[More of these today https://t.co/nDxb5d9row]]></document>
		<document><![CDATA[Seen a lot of defensive "but Trump's #MuslimBan actions are just like X" pieces - not seen one yet that makes a useful comparison]]></document>
		<document><![CDATA[@GarethJWood Hi Gareth - can you let me know the best way to get in touch? thanks]]></document>
		<document><![CDATA[Protesting May's failure to condemn #MuslimBan. Suspect many on the march would relish a Trump visit to UK]]></document>
		<document><![CDATA[Protest motives always hard to keep pure, but #standuptotrump info had no position on state visit. @BBCNews etc reporting this wrong]]></document>
		<document><![CDATA[Kudos to @OwenJones84 for making #StandUpToTrump happen - my thoughts on why Theresa May was wrong to cosy up https://t.co/JCb29sAmhV]]></document>
		<document><![CDATA[My first piece for @policynetwork - why Theresa May was dead wrong to cosy up to Trump https://t.co/JCb29sAmhV #TrumpBan #StandUpToTrump]]></document>
		<document><![CDATA[Is this as scary as it sounds? https://t.co/7ZsgUBxrUx]]></document>
		<document><![CDATA[@BESResearch Or any other means of matching respondents to proposed new constituencies following boundary review? 2/2]]></document>
		<document><![CDATA[Hi @BESResearch - is it possible to request lower-level geograhical (ward) data about BES internet panel respondents? 1/2]]></document>
		<document><![CDATA[@MattSingh_ Cheers Matt, I'll email you :)]]></document>
		<document><![CDATA[@anthonyjwells thanks anyway]]></document>
		<document><![CDATA[@election_data @ElectCalculus @anthonyjwells @NCPoliticsUK No worries - thanks]]></document>
		<document><![CDATA[Anyone done/aware of a dataset of demographics of proposed 2018 constituencies? @election_data @ElectCalculus @anthonyjwells @NCPoliticsUK]]></document>
		<document><![CDATA[@evianeleidig @NPR Thanks!]]></document>
		<document><![CDATA[Anyone know/got theories why Trump so popular in India? Surprised as this was widely covered in Indian press:… https://t.co/VG4QWMKwqL]]></document>
		<document><![CDATA[Interesting/depressing that raising NI much more popular than raising income tax - latter surely far more progressi… https://t.co/G92ABs1Omm]]></document>
		<document><![CDATA[Never before has a term been so widely misused so soon after entering discourse that it became useless/a hindrance within weeks #FakeNews]]></document>
		<document><![CDATA[@stephenkb regularly travels + socialises w foreigners though, which our analysis shows wld lean her twds remain... https://t.co/T0KC3prFTb]]></document>
		<document><![CDATA[@AGKD123 foreign policy v much not my field but seems to be area UK most lacks constructive, open public debate]]></document>
		<document><![CDATA[@AGKD123 potentially better to focus on regional allies to safeguard Eastern Europe. What about some kind of...European...Union...?]]></document>
		<document><![CDATA[@AGKD123 if main purpose of NATO is re Russia, maybe counterproductive if effectively led by a Russian stooge...]]></document>
		<document><![CDATA[@AGKD123 yep, Ilmore concerned with politics of escalation (e.g. Taiwan) and brinkmanship in negotiations (multiple China comments) and...]]></document>
		<document><![CDATA[I ask again: is it in the UK's #security  interests to be locked into military alliance with this man? Surely at le… https://t.co/bi3zUfdIQt]]></document>
		<document><![CDATA[@chrishanretty @drjennings @sophgaston @Demos @ralphascott it absolutely does, along with a number of other demographic factors]]></document>
		<document><![CDATA[Narrow social networks feed populism+ played role in brexit -findings from new regression analysis with @ralphascott https://t.co/OlC33NPojV]]></document>
		<document><![CDATA[Really proud to have been a part of this. Hope our insights are properly scrutinised and ultimately contribute to w… https://t.co/sM3BT6QHMI]]></document>
		<document><![CDATA[Worth the time, as always https://t.co/9qZGAHeLIZ]]></document>
		<document><![CDATA[2016 is a hoax spread by a massive MSM/Facebook algorithm conspiracy https://t.co/u7bypIDAnO]]></document>
		<document><![CDATA[No incentive to do so though, good+bad polls make equally good headlines. Maybe someone like @LordAshcroft will spend more at next UK GE...]]></document>
		<document><![CDATA[Or time to spend more on fewer, better polls (inc F2F, multiple call-backs) rather than relying on averages of chea… https://t.co/EKDQVHAA64]]></document>
		<document><![CDATA[With low turnout for HRC partly responsible, recall Trump's micro-targeted Facebook voter suppression strategy: https://t.co/B3QnnQ9pDr]]></document>
		<document><![CDATA[(at this point he thought Romney had won popular vote but lost the electoral college)]]></document>
		<document><![CDATA[Lots of Tweeters reminding us of Trump's previous criticism of electoral college but this longer version from 2012… https://t.co/5xGNseaFru]]></document>
		<document><![CDATA[Predict there will be no elite consensus for Dems in 2020 https://t.co/WclvVXQj1Y]]></document>
		<document><![CDATA[@Ffion_Mel also Austria in December]]></document>
		<document><![CDATA[Thanks you so much @zoltan_istvan for speaking to us at @Demos last night. Really interesting - a highlight on an otherwise terrible night]]></document>
		<document><![CDATA[These are not likely to go well from the point of view of my Twitter echo chamber.]]></document>
		<document><![CDATA[For those blaming a "2016" curse, a reminder that France and the Netherlands have elections next year.]]></document>
		<document><![CDATA[Worm of death https://t.co/BNGPg8yWSd]]></document>
		<document><![CDATA[This matters. #Election2016 https://t.co/toxJsmattQ]]></document>
		<document><![CDATA[Awful lighting. Makes her pupils not the right colour for a human. Fodder for conspiracy theorists. https://t.co/ZHRfT18XSe]]></document>
		<document><![CDATA[This is not a spoof account. https://t.co/80632ZgwNg]]></document>
		<document><![CDATA[@RJ_Macpherson you may also find this interesting... https://t.co/3MrpkDOgyh]]></document>
		<document><![CDATA[@RJ_Macpherson @jkblacker They (Maine and Nebraska) split by allocating some to FPTP winner of congressional districts so not proportional]]></document>
		<document><![CDATA[@RJ_Macpherson https://t.co/Blo80gBVvQ - also Maine has a referendum on AV next week]]></document>
		<document><![CDATA[For all the talk about a progressive/Remain alliance, as usual it's the Right that manages to avoid vote splitting #UKIP #richmondbyelection]]></document>
		<document><![CDATA[Have voters turned against #globalisation? My piece for @TheStaggers @NewStatesman https://t.co/sziftMGx8d]]></document>
		<document><![CDATA[@AbiWilks I.e. you might be able to find ASBOs by LSOA/council and then find class breakdown of the area - obv v dif but still interesting]]></document>
		<document><![CDATA[@AbiWilks No idea about this specifically but so often when I think there's indv data+can't find it's bcs someone has done geog analysis]]></document>
		<document><![CDATA[@anthonyjwells @ForecasterEnten might actually be the likelihood of Sanders voters to turnout for HRC that's hardest to get right...? (2/2)]]></document>
		<document><![CDATA[@anthonyjwells @ForecasterEnten hypothetically, if the same problem of over-sampling the most engaged young voters was replicated (1/2)]]></document>
		<document><![CDATA[@anthonyjwells If US polls were making same mistakes as UK GE15, any reason to think it wouldn't have shown up in 2012/14? @ForecasterEnten]]></document>
		<document><![CDATA[@Ffion_Mel Get to episode 4 and everything is OK (kind of (not really))]]></document>
		<document><![CDATA[Excellent from @Nate_Cohn - the "culture war" in American politics is over https://t.co/yhvMzoITIu]]></document>
		<document><![CDATA[@BenMcGilvray Fair - betting markets for TX at 4-5/1, which are a bit faster to react. I feel like Trump is nearing his floor now though...]]></document>
		<document><![CDATA[@BenMcGilvray nah, don't think so. Would need Texas to get to that kind of figure - @FiveThirtyEight gives HRC a 7-14% chance of winning]]></document>
		<document><![CDATA[Hasn't happened without a major 3rd party candidate since '72, no Republican since Goldwater in '64 https://t.co/Kf7vi27339]]></document>
		<document><![CDATA[...And this is what the electoral college map would look like if only dementors voted @ForecasterEnten https://t.co/2exyenrNgt]]></document>
		<document><![CDATA[@wobsolutely there's a new one... https://t.co/iv0bPGZYnb]]></document>
		<document><![CDATA[@AlbertoNardelli Same as Cameron approach with original renegs and migrant welfare. Public didn't buy it then, doubt business will this time]]></document>
		<document><![CDATA[@AlbertoNardelli Deliberate by Govt - make tariffs the issue publicly, then 0 tariffs on good w limits on FoM can be presented as a victory]]></document>
		<document><![CDATA[@TomSTutor interesting, also flipside that low prod and lack of creative destruction associated w things we like: &gt;lab participation + &gt;SMEs]]></document>
		<document><![CDATA[Well worth a read https://t.co/uzVQqBXArj]]></document>
		<document><![CDATA[Every poll except all the ones that are actually polls https://t.co/WyMk8LSmOK]]></document>
		<document><![CDATA[Getting hold of a time-turner probably more helpful IMHO https://t.co/hKFvvhohqb]]></document>
		<document><![CDATA[Huge congratulations to Euan McCarthy for winning @Demos #FantasyPolitics 2016! Get in touch to receive your much deserved champagne!]]></document>
		<document><![CDATA[Now to the final @Demos #FantasyPolitics scores for 2016 - find out how your team performed across both conferences: https://t.co/2Drp4U2cXP]]></document>
		<document><![CDATA["...presumably assuming that she'd speak her mind a bit too freely on grammar schools. Which, to be fair, she did."]]></document>
		<document><![CDATA[.@youngvulgarian: NiMo "was expected to misbehave at conference to the extent that two whips followed her into one of her fringes...]]></document>
		<document><![CDATA[#FantasyPolitics special guest judge @youngvulgarian gives Nicky Morgan the 'Talk of the Town' award for best gossip at #CPC16...]]></document>
		<document><![CDATA["...and picked a fight with Chancellor Philip Hammond over his deficit reduction plans." - @asabenn]]></document>
		<document><![CDATA["...He has continued to ruffle feathers. He was reported to have mocked the CVs of civil servants hoping to work for him..."]]></document>
		<document><![CDATA[Judge @asabenn argues Liam Fox had the worst #cpc16, costing him 10 pts in the final #FantasyPolitics MP standings https://t.co/f4ET63MlTP]]></document>
		<document><![CDATA["Davis has revelled in his role at conference, talking up Brexit with verve while staying loyal to his PM"]]></document>
		<document><![CDATA[Our #FantasyPolitics special guest judge @asabenn gives David Davis the award for best conference at #CPC16...]]></document>
		<document><![CDATA[#FantasyPolitics final scores: @ryan_wain and @dangreenhough jointly top the teams table at the end of #cpc16 https://t.co/VJIg6Bpo3W]]></document>
		<document><![CDATA[#FantasyPolitics final scores: Brexit Secretary David Davis tops the MP table at the end of #cpc16: https://t.co/f4ET63MlTP]]></document>
		<document><![CDATA[#FantasyPolitics update day 3: how is your team getting on? https://t.co/JSTwMovyWS]]></document>
		<document><![CDATA[#FantasyPolitics update day 3: David Davis still leads the MPs table but Hammond finally breaks into top three https://t.co/cKr8sRYaiu]]></document>
		<document><![CDATA[This is bloody great @jantalipinski https://t.co/ahZRw8mWeN]]></document>
		<document><![CDATA[But he loses points due to repeated use of conference cliches https://t.co/roZSP4ofyF 2/2]]></document>
		<document><![CDATA[Following his big speech, the Chancellor has the most "Cut Through" with @OpiniumResearch's engaged panel #FantasyPolitics 1/2]]></document>
		<document><![CDATA[No change at the top in the teams table: @ryan_wain and @dangreenhough maintain a narrow joint lead https://t.co/mJfI7JZwud]]></document>
		<document><![CDATA[#FantasyPolitics update: the three Brexiteers retain their place at the top of today's table https://t.co/roZSP4ofyF]]></document>
		<document><![CDATA[#FantasyPolitics speech bingo: "a country that works" slogan used 10x yesterday by senior MPs at #CPC16 - just one "Brexit means Brexit"]]></document>
		<document><![CDATA[@ShearmanM @Demos I have you down as "48 - Not out" - ring any bells or have I messed up?]]></document>
		<document><![CDATA[@ShearmanM @Demos which was your team name? I can only see one with what I think is yours...]]></document>
		<document><![CDATA[Boris trails David Davis overall despite having most 'cut through' with @OpiniumResearch's panel #FantasyPolitics https://t.co/n4mzM1Bkk4]]></document>
		<document><![CDATA[Congratulations to @ryan_wain and @dangreenhough who lead @Demos #FantasyPolitics after day one of #CPC16! https://t.co/laOCCY78BH]]></document>
		<document><![CDATA[Fantasy Politics update: check out the latest standings after day one of #FantasyPolitics at #CPC16! https://t.co/laOCCY78BH]]></document>
		<document><![CDATA[Fantasy Politics update: It's the Three Brexiteers who top the MPs table after day 1 of #FantasyPolitics at #CPC16! https://t.co/n4mzM1Bkk4]]></document>
		<document><![CDATA[I feel like this probably isn't true... https://t.co/Mx24dG9Oqr]]></document>
		<document><![CDATA[A record year once again with over 550 entries. Onwards to #CPC16 - get your friends and colleagues to sign up if they haven't already!]]></document>
		<document><![CDATA[Thanks to all who took part in @Demos #FantasyPolitics at #Lab16, and particularly to our partner @OpiniumResearch and our guest judges!]]></document>
		<document><![CDATA["It's a shame as his rendition of 'I Saw Her Standing There' was a highlight last year, and an encore would have been warmly appreciated."]]></document>
		<document><![CDATA["who I'm told was encouraged by his staff to stay away from the Mirror party on Tuesday, as he got a bit too merry at the last one...]]></document>
		<document><![CDATA["I have to say this conference was disappointingly light on gossip, but my pick would have to be Andy Burnham...]]></document>
		<document><![CDATA[A clean sweep for Andy Burnham among our @Demos #FantasyPolitics judge picks: @youngvulgarian says he was the 'Talk of the Town' at #Lab16..]]></document>
	</documents>
</author>