<author lang="en">
	<documents>
		<document><![CDATA[I think mad stuff yeah]]></document>
		<document><![CDATA[Dont know weather i am comeing or going 😒]]></document>
		<document><![CDATA[Dreadin work tomorow 😕😕]]></document>
		<document><![CDATA[First sunbed in about 3 years and i get sunburned of it  😣😣]]></document>
		<document><![CDATA[Sittin in the car and jackson 5 comes on "oh babey wont you give me 1 more chance come back to me babe 🎵🎶♩ 😄😄 #couldntmakethisup]]></document>
		<document><![CDATA[What a miserabile day 😎😎]]></document>
		<document><![CDATA[Visulise it untill it becomes reality 😉]]></document>
		<document><![CDATA[Dont think i have ever being glader to see the end of a month on the bright side new month fresh start]]></document>
		<document><![CDATA[Somepeople just capture your heart and u cant help bt love them cant pt into words hw much i love dis beaut always… https://t.co/iy7zoS3Ea0]]></document>
		<document><![CDATA[Mad how much a song can make you think about a person or situation 🎵🎶♩ #iloveyoutoomuch #bookoflife]]></document>
		<document><![CDATA[EVA story about her weekend with her teddy so proud of my little girl shes gettin so grown up on me ❤ https://t.co/Y8aUW8eS1o]]></document>
		<document><![CDATA[Why cant i just win the lotto 🤔]]></document>
		<document><![CDATA[Ever just wake up and think what the fuck have i done FML]]></document>
		<document><![CDATA[Off for a little jog 🏃🏃 see how long i last 😅]]></document>
		<document><![CDATA[I need a hobby 🤔🤔]]></document>
		<document><![CDATA[Why do people make up such fuckin lies about other people krazy]]></document>
		<document><![CDATA[Can't wait 😍😍😋😋😋💦 https://t.co/d8hIaa1esS]]></document>
		<document><![CDATA[@PaulMalignaggi you have some neck Paulie calling him a bum he's a 2 weight world champion you should have more respect for a fighter]]></document>
		<document><![CDATA[@LeeBarnkt19 died with the shame of letting you on top of her I'd say you ugly cunt 😂😂]]></document>
		<document><![CDATA[@LeeBarnkt19 yeah ok whatever you say penguin make more sense then you speaking of penguins your the bleeding image of 1 🐧🐧]]></document>
		<document><![CDATA[@LeeBarnkt19 I have seen better heads on a pimple]]></document>
		<document><![CDATA[@LeeBarnkt19 you stupid ugly cunt Paulie is American your as dumb as you look you fat headed moron I'd box the ears off you what an idiot 😂😂]]></document>
		<document><![CDATA[@LeeBarnkt19 or any boxer in the world that's as a big a draw or star as him #Fact]]></document>
		<document><![CDATA[@LeeBarnkt19 @PaulMalignaggi no obviously he doesn't but why would he fight in London makes zero sense there not 1 single British boxer]]></document>
		<document><![CDATA[@PaulMalignaggi @LeeBarnkt19  why wud Conor fight in London he's Irish and he's a PPV star Paulie is not hes hardly goin to call the shots]]></document>
		<document><![CDATA[Getting paid by the month is horrible 😩😩]]></document>
		<document><![CDATA[@bigdaddybunce @TheNotoriousMMA @McDonaghPeter your a fucking arsehole I swear you talk some shit notorious would sleep him]]></document>
		<document><![CDATA[Literally goin to sleep through this weekend 💤💤]]></document>
		<document><![CDATA[That's that]]></document>
		<document><![CDATA[@emrata that's terrible Emily don't mind him #lowlife]]></document>
		<document><![CDATA[Ireland rugby are such a credit to this country and make you proud to be Irish]]></document>
		<document><![CDATA[Looking forward to  @KatieTaylor pro debut I can feel a 1st round ko 👊🏻👊🏻]]></document>
		<document><![CDATA[It's Baltic out ❄️❄️]]></document>
		<document><![CDATA[@buzzfeed18 @Gemini_F6 @TheLightMedia2 yeah you don't if you have millions of dollars like her easilyer said then done]]></document>
		<document><![CDATA[Already thinking about goin back to bed..💤💤]]></document>
		<document><![CDATA[@MMAFighting @shaunalshatti surprised how low them salary are sponsorship money must be hughe]]></document>
		<document><![CDATA[I fucking love Paul il be sick if Niamh gets his money being the money is what helps that make him the prick that he is #Faircity]]></document>
		<document><![CDATA[This is brilliant https://t.co/9C8iCvSdsA]]></document>
		<document><![CDATA[Seriously tho westlife what a band it's just hit after hit with them guys..🎤🎤]]></document>
		<document><![CDATA[@BernieSanders fuck off Bernie your doin my head in at this point]]></document>
		<document><![CDATA[@faircityfans what's going down in carrickstown please tell??]]></document>
		<document><![CDATA[@sarahjaneds @CaesarsDublin that's mad I didn't even see that before I rang you 😂😂 I am starving now]]></document>
		<document><![CDATA[That's sad to hear always remind me of my granda that pub use to always go every saturday after mass https://t.co/NLeZDVybGP]]></document>
		<document><![CDATA[Hate when you thought it was Thursday tomorrow then realise today is only Tuesday 😩]]></document>
		<document><![CDATA[But in other news I just became an uncle bam bam had a little surprise pup this morning 😊🐶]]></document>
		<document><![CDATA[@DanyeCorr yeah it's defo a 50/50 fight be interesting to see]]></document>
		<document><![CDATA[@DanyeCorr who you got??]]></document>
		<document><![CDATA[@DanyeCorr hard to say ward    Probably technically the more skilled but will he have enough pop on his own punches to keep kolovev off]]></document>
		<document><![CDATA[We're is good on a Monday hmm..]]></document>
		<document><![CDATA[Would love a pint of Guinness now 😋]]></document>
		<document><![CDATA[So tired say this all the time but am literally goin straight to bed after work 💤💤]]></document>
		<document><![CDATA[Well concussion is a shit film]]></document>
		<document><![CDATA[No matter what I am always in the mood for popcorn]]></document>
		<document><![CDATA[Trolls is amazing what a soundtrack 🎤🎤 💃💃]]></document>
		<document><![CDATA[@sarahjaneds right back at you 😍😘]]></document>
		<document><![CDATA[@DanyeCorr haha cracker mate how true tho we all do it tho 😂]]></document>
		<document><![CDATA[@emrata you comfy baby 😊❤️😘]]></document>
		<document><![CDATA[@sarahjaneds @emrata shut up you your out 😏]]></document>
		<document><![CDATA[@DanyeCorr it sure will be interesting few months..the  good auld tech 7  can't beat it 😂😂😂]]></document>
		<document><![CDATA[@emrata you can come live with me if you want Emily 😊]]></document>
		<document><![CDATA[@DanyeCorr @Brianpmohan  if it's a wall your building it won't stay up for long 😂 I think it was the better of two bad choices anyways]]></document>
		<document><![CDATA[What a show 👏🏻👏🏻 I hope you give Kieron a bit of the same treatment that you gave poor Tommy #FairCity]]></document>
		<document><![CDATA[Honestly think its in d US and d worlds best interest if trump wins the public needs to stop believing al tis propaganda Hillary is corrupt]]></document>
		<document><![CDATA[@sarahjaneds I told you babe I knew it I fucking knew it #FairCity]]></document>
		<document><![CDATA[@sarahjaneds it's defo not Tommy Dillon I think it was the mechanic out of Brennan motors Katie brother friend #FairCity]]></document>
		<document><![CDATA[@sarahjaneds yeah babe I am just Nat to tweeting about it 2 seconds ago 😂😂😂 I have being dying for it all week ..who do you think it is?]]></document>
		<document><![CDATA[Buzzing for this all week who kidnapped Katie #FairCity]]></document>
		<document><![CDATA[Good luck America 🇺🇸 Honestly don't know who's worse 😐]]></document>
		<document><![CDATA[@sarahjaneds @dailyedge you'd fight to the death over me wouldn't you 😂😂]]></document>
		<document><![CDATA[@sarahjaneds you can pull anything off baby 😉😘😘 X]]></document>
		<document><![CDATA[Nice chill out Weekend on the card me thinks or me hope anyway 😆]]></document>
		<document><![CDATA[Eyes are on fire 🔥 think I am goin blind 👀📌]]></document>
		<document><![CDATA[The fugitive what a movie never gets old 👌🏻]]></document>
		<document><![CDATA[@InspowerMinds what's inspiration about that statement bit of positivity would be nice]]></document>
		<document><![CDATA[@slk76_sof @MissGeorgiakx @ChloeLewis01 dream on about what exactly Georgia was being a total bitch to Chlo I think she well jel]]></document>
		<document><![CDATA[@DarDarb1 head is thumping 😖😖]]></document>
		<document><![CDATA[@JoeMcColgan_ @SevereMMA and what your not trying to do the same thing 😂😂😂]]></document>
		<document><![CDATA[@MissGeorgiakx @ChloeLewis01 Chloe don't mind Georgia she was way out of order she's just jealous  of you #Teamchloe]]></document>
		<document><![CDATA[@OnlyWayIsEssex OMG I can not wait for towie Sunday please hurry up #towie]]></document>
		<document><![CDATA[@sarahjaneds Pete is such an asshole feel so sorry for poor megs men are such assholes you just got lucky with me babe #teammegs #towie]]></document>
		<document><![CDATA[@lynnthomson28 Why Thank you I do try 😊]]></document>
		<document><![CDATA[@lynnthomson28 they are yeah there all toe-rags and your a little Scouse slut 😉😘😂]]></document>
		<document><![CDATA[It's krazy Joe honestly think she worse choice then trump they need to change the electoral system it's clearly fai… https://t.co/3ua2kLaOkd]]></document>
		<document><![CDATA[@NicolaMcLean aren't most from there  the same]]></document>
		<document><![CDATA[@VogueWilliams what's it on??]]></document>
		<document><![CDATA[@OfficialClancy I have your dog now if you wanna see him again do what I say first thing DM me some nudes its for the doggy 🐩🐩 woff woff]]></document>
		<document><![CDATA[Forgotten children itv 1 about all the Syrian refuges is heartbreaking 💔 the whole world needs to get its act togeather and help them]]></document>
		<document><![CDATA[@anthonyfjoshua @EQ_Nutrition you think with all that money you'd buy a new sofa that 1 is in bits 😂😂]]></document>
		<document><![CDATA[@DarDarb1 is corrupt and any1 that can possible do that lacks compassion and has an insanely evil egotistical side to them]]></document>
		<document><![CDATA[This has to be the 2 worst choices in history people have to chose from for a U.S. President every1 talks about how… https://t.co/Booxr2ru0w]]></document>
		<document><![CDATA[@craiglearie86 @b_smeeth @danrafaelespn @fmancillaz how can you say that mattyse never been world champ lee has and @ChrisEubankJr will be]]></document>
		<document><![CDATA[@Gotti_BL4L you little bitch you ain't no tuPac your cousin got slapped around  by him fuck the crips 😏😜]]></document>
		<document><![CDATA[@sarahjaneds yeah you always were your a little beaut I think I got you in a lucky bag 😉😂😂😘 xx]]></document>
		<document><![CDATA[Throw back me and my beautiful babe don't know what I'd do without this girl 🙈😊❤️ #mygirl #myeverything https://t.co/N5ELzPNp1c]]></document>
		<document><![CDATA[@sundayworld @DanyeCorr F__k off 😂😂😂😂]]></document>
		<document><![CDATA[@DanyeCorr @Know they keep them as pets they do do have loads of them]]></document>
		<document><![CDATA[@DarDarb1 for fuck sake go asleep will you 😐😖😂]]></document>
		<document><![CDATA[I think I have proper insomnia I can't sleep a wink 😖😖]]></document>
		<document><![CDATA[Few drinks with my man Richie rich https://t.co/4t6EEio9W6]]></document>
		<document><![CDATA[Mind on overdrive I think crazy stuff 😐🔫]]></document>
	</documents>
</author>