<author lang="en">
	<documents>
		<document><![CDATA[Excited to have started writing on becoming a non profit this week on RTW. The journey begins https://t.co/mtmIQHFBym 😋😍😊]]></document>
		<document><![CDATA['Donating to Syrian Refugees in the name of the dude who said I don't belong in America' @kalpenn #resist #MuslimBan https://t.co/knUKDbOO5n]]></document>
		<document><![CDATA[@SquarespaceHelp is it possible to duplicate forms? Just spent time creating something cool. Want to put it everywhere. Can't &lt;/3]]></document>
		<document><![CDATA[Excited to be taking portraits at @BizDojo next week on Tuesday! If you're not in for #OpenWeek yet - have a look… https://t.co/72K5vllEEH]]></document>
		<document><![CDATA[Ignoring the #climate to focus on other issues first is like trying to look nice when there's a giant tsunami heading for your house.]]></document>
		<document><![CDATA[She did it! MW is here 💚 https://t.co/QKjUxusIil]]></document>
		<document><![CDATA[#TaskforToday: How do great CEOs field questions from their team and give back good answers in major organisations? Via @SlackHQ?]]></document>
		<document><![CDATA[If Sweden does it then it must be okay &lt;3 https://t.co/nSxMsM300c]]></document>
		<document><![CDATA[Looking at all of the accommodation options in Ubud &amp; Siem Reap. Getting real! Charity deed almost done, clothing sorted, injections booked.]]></document>
		<document><![CDATA[Hey! You too @hessica_ann. The program is called @cultivate_nz, check it out 💛😊💚😊💙]]></document>
		<document><![CDATA[Excited to have published an update on the next step for @thestepchangers here ---&gt; https://t.co/zrlYYx9WLO]]></document>
		<document><![CDATA[@ruthmcdavitt yes please would love that! Just want to make sure I'm doing everything in the right order 😊😊]]></document>
		<document><![CDATA[Happy NY Twitterers! I'm looking for a law-like person or student to ask some questions of - on a charity structure mostly. Any help loved!]]></document>
		<document><![CDATA[@MarekTownley come back.]]></document>
		<document><![CDATA["One just 18 months old" #ENDviolence https://t.co/hImBPUpMm6]]></document>
		<document><![CDATA[1 in 10 girls under 20 years have suffered sexual violence #foreverychild #ENDviolence https://t.co/8dT8JoCY8L]]></document>
		<document><![CDATA[@LouDxx @HelloInPerson excited we get to do this in the christmas season! Any excuse for a visit to a christmas themed cafe.]]></document>
		<document><![CDATA[Excited for this catch up tomorrow! @ruthmcdavitt @charliegavey #SUNZSUMMIT.... Do we need to prepare any thoughts? https://t.co/okvkfpOx7u]]></document>
		<document><![CDATA[@valeriepoort you like all the cool things! Might steal your Twitter bio 😊🌞💙 #optimistsunite #hellosunshine]]></document>
		<document><![CDATA[@MyFoodBagNZ get on this, good thinking ---&gt; @swwlg @shadoesuzanna 💙]]></document>
		<document><![CDATA[Would be cool to partner with @MyFoodBagNZ to get seeds delivered at the right times of year #swenviro @swwlg #grow https://t.co/Ay29qm9IDM]]></document>
		<document><![CDATA["If I pushed all of my periods together, I'd bleed for 6.5 years straight" #swenviro @swwlg… https://t.co/BeWbmZs6aZ]]></document>
		<document><![CDATA["The AirBNB of surfboards" @swwlg #swenviro https://t.co/ZJi9qYXelR]]></document>
		<document><![CDATA[Also familiar with wild guesses from our time @swwlg @rachelmataira #swenviro #classic https://t.co/TAzpJvWNdt]]></document>
		<document><![CDATA[I love that @jvenningbryan is judging this pitch @swwlg - sounds like something that is up the Flick alley of thing… https://t.co/Qj1NWblPoK]]></document>
		<document><![CDATA[I too, do not like to deal with the whole dirt thing.  @swwlg #swenviro https://t.co/omGdYq6cjR]]></document>
		<document><![CDATA[There's something just beautiful about the words clean and green together. @swwlg #swenviro https://t.co/v56z1Rtfv0]]></document>
		<document><![CDATA[Good answers from offcut! Can see how it offers something different from trademe. Espesh in saving transportation time #swenviro @swwlg]]></document>
		<document><![CDATA["this is a really happy graph I know but it's based in really solid data" ha classic start up pitch 😏 @swwlg #swenviro @rachelmataira]]></document>
		<document><![CDATA[This is cool! #swenviro @swwlg #pieadvertising https://t.co/mEWkGwotX8]]></document>
		<document><![CDATA[Waisci kicking off! 45℅ of New Zealand's waterways are not swimmable. Did not know this 😔😓 Solution? A central data… https://t.co/KJ77B2Tie9]]></document>
		<document><![CDATA[@nicoladoeswork sure!! Free all week for the first time in forever! That would be great 😊( but also, who is this mystery woman?)]]></document>
		<document><![CDATA[Saying goodbye to this one like... https://t.co/TNSILWniIu]]></document>
		<document><![CDATA[Great evening at #MountMaunganui last night catching the sunset with Mace. @PureNewZealand @FlyAirNZ 💙 https://t.co/s9Bpb7bums]]></document>
		<document><![CDATA[Solar tax just sounds wrong, and so we shouldn't do it. Sign the thing to stop it -&gt; https://t.co/7y56jmoSKm #StopSolarTax@GreenpeaceNZ]]></document>
		<document><![CDATA["We’re all inherently meant to feel good. We’ve learnt to suffer. But you’re not born stressed" @Calmingstone up on… https://t.co/BmgJuwjuJx]]></document>
		<document><![CDATA[@ruthmcdavitt keen as green beans, that is a great idea. There must be a good Wellington base? I'll send a quick message through ☀💙]]></document>
		<document><![CDATA[@TechweekNZ cute! Though, I fear the day someone finds it endearing/screenshot-worthy that I don't know how to tech 😊]]></document>
		<document><![CDATA[When Grandad calls to talk artificial intelligence but you can't figure out how to work his Skype #thefutureoftech… https://t.co/7cWkN08SaT]]></document>
		<document><![CDATA[@hannah_wig how are you coping? @charliegavey 💙]]></document>
		<document><![CDATA[@charliegavey your dedication is amazing. Hope you're well caffeinated &amp; feeling ready 💙 #kiwicon]]></document>
		<document><![CDATA[What the future is all about @SingularityUNZ @UNICEFNZ #SUNZSUMMIT https://t.co/gFc8L9hqia]]></document>
		<document><![CDATA["So this is just like giving the baby drugs"  - my god what are we watching/does tech get cooler?  #SUNZSUMMIT… https://t.co/pmozOcnJv0]]></document>
		<document><![CDATA[@suesuckling your talk was compelling! I left uni early even though I "shouldn't have" &amp; to hear you say that's disruption is so so cool ☀]]></document>
		<document><![CDATA[You're too cool ☀☀☀ https://t.co/lzWqOiXOQY]]></document>
		<document><![CDATA[@ElieCalhoun this is so good - exactly what we were talking on re child poverty in New Zealand. Ties so closely. #SUNZSUMMIT]]></document>
		<document><![CDATA[@kerenyP @SingularityUNZ @NCEAexams let's Mexican wave or standing ovation or something. So good. Fresh ideas. Five stars. Gahh ⭐⭐⭐⭐⭐]]></document>
		<document><![CDATA[@charliegavey I'm convinced the future is here now and that makes me happy 😁 #SUNZSUMMIT @SingularityUNZ @NCEAexams]]></document>
		<document><![CDATA[@charliegavey this is amazing! ahhh I love her. #jumpin #dropout #morethanonewaytoskinacat #SUNZSUMMIT @SingularityUNZ @NCEAexams 💙💙💙]]></document>
		<document><![CDATA[The days of the qualification is over! Love this #jumpin thinking @SingularityUNZ #SUNZSUMMIT]]></document>
		<document><![CDATA[@kerenyP @NCEAexams this is my favourite talk so far. It is so so so refreshing to hear this @SingularityUNZ #SUNZSUMMIT]]></document>
		<document><![CDATA[Big claim; "I'd rather go to any online nanodegree course than any university or polytech in New Zealand right now." #SUNZSUMMIT @NCEAexams]]></document>
		<document><![CDATA["we assess them for the future, by giving them access to no information" - big, cool change coming to @NCEAexams @SingularityUNZ #SUNZSUMMIT]]></document>
		<document><![CDATA[Another awesome shout out for @UNICEF's UReport system @SingularityUNZ today! @UNICEFNZ #SUNZ2016 @maidaborn 💙 https://t.co/hEigep0tQR]]></document>
		<document><![CDATA[@lance_osullivan you'll be loving this segment @SingularityUNZ #SUNZSUMMIT]]></document>
		<document><![CDATA[This is true 🇸🇪😁 #SUNZSUMMIT https://t.co/N38c0ZPq6V]]></document>
		<document><![CDATA["Why I think space exploration is worth human life" - Dan Barry on the much anticipated Space segment now @SingularityUNZ #SUNZSUMMIT]]></document>
		<document><![CDATA[I am so excited for this @kcolbin after the movie screening in Wellington! Happy he asked to be here!! @SingularityUNZ #SUNZSUMMIT]]></document>
		<document><![CDATA[Front row feeling cosy @justadandak @SingularityUNZ #SUNZSUMMIT @birdsongnz]]></document>
		<document><![CDATA[@justadandak @charliegavey might be time to move up in the world... 😊 #SUNZSUMMIT]]></document>
		<document><![CDATA[@justadandak this is starting to get harder, pins and needles galore. Much room for us up in the sticks? @charliegavey #SUNZSUMMIT]]></document>
		<document><![CDATA[Really all I'm hearing is more opportunity for pizza 🍕🍕🍕 @collins_liam_ @SingularityUNZ @bradtem #SUNZSUMMIT]]></document>
		<document><![CDATA[@collins_liam_ give up the pizza delivery dream #SUNZSUMMIT @SingularityUNZ @Bradtem #thefutureishere]]></document>
		<document><![CDATA[Self driving cars in @tauranga! As the token Tauranga kid, it's sort of like Toe-Rong-Ga #SUNZSUMMIT #excited #vroomvroom 💙]]></document>
		<document><![CDATA[@drops_mike_ it's the best! Get down here. Tough on your knees though, fair warning #SUNZSUMMIT]]></document>
		<document><![CDATA[@pledgeme @SingularityUNZ @where_is_anna  encouraging New Zealand businesses to think like platforms, not commodities. Economics chat 💙]]></document>
		<document><![CDATA[Another cool Kiwi company shout out at @SingularityUNZ today @pledgeme @where_is_anna @BizDojo  #SUNZSUMMIT https://t.co/cT2KNFbPI2]]></document>
		<document><![CDATA[@justadandak @charliegavey @SingularityUNZ hey now, we haven't had a beanbag since yesterday at 3pm 💙 we're roughing it.]]></document>
		<document><![CDATA[Where are you at @justadandak? We're holding some carpet down here for you. @charliegavey #SUNZSUMMIT @SingularityUNZ]]></document>
		<document><![CDATA[Really cool to ask @neiljacobstein whether AI's could be programmed to make imperfect art. #SUNZSUMMIT @SingularityUNZ  #theanswerwasyes]]></document>
		<document><![CDATA[We're just doing our jobs as the engaged youth @justadandak @charliegavey @SingularityUNZ  #SUNZSUMMIT]]></document>
		<document><![CDATA[I have nothing to say, except this is blowing my mind. So many black holes. #SUNZSUMMIT @SingularityUNZ]]></document>
		<document><![CDATA[@CreativeHQ @SingularityUNZ Such a good ending. I just wonder how possible this is? We can't even all agree on chocolate cake. #SUNZSUMMIT]]></document>
		<document><![CDATA[Supermoon tonight team! @SingularityUNZ #SUNZSUMMIT #thetruekiwiexperience]]></document>
		<document><![CDATA[@andre_moving if I sometimes pretend to be sick, or forget Dad's birthday, should I really be an AI role model? #SUNZSUMMIT]]></document>
		<document><![CDATA[@Colart not scared by it not scared by it, but just, still, a little bit scared by it. We're not even good role models for kids. #SUNZSUMMIT]]></document>
		<document><![CDATA["If anyone tells you it's going to be gloom &amp; doom with AI, or that it's going to be great, they're cherrypicking the data." #SUNZSUMMIT #AI]]></document>
		<document><![CDATA["This is the shift, from using computers as tools, to using them to do your work" @neiljacobstein speaking on AI @SingularityUNZ #SUNZSUMMIT]]></document>
		<document><![CDATA[Find a high school student and get going @rstudio @SingularityUNZ #SUNZSUMMIT #notdauntingatall https://t.co/ZVukqoRXfQ]]></document>
		<document><![CDATA[Funding to Artificial Intelligence start ups is at an all time high #getonboard @SingularityUNZ #SUNZSUMMIT]]></document>
		<document><![CDATA[AI can be used for pattern recognition, as software agents, a vision of superhuman intelligence &amp; for accelerating other tech #SUNZSUMMIT]]></document>
		<document><![CDATA[Wanting this already #SUNZSUMMIT @SingularityUNZ https://t.co/KkSMehbM8G]]></document>
		<document><![CDATA[@justadandak @charliegavey and I thought we were so sneaky DK]]></document>
		<document><![CDATA[and I thought you didn't like sitting in the sticks @justadandak #frontrowshoutout]]></document>
		<document><![CDATA["What jobs will humans always be better at than technology?" @SingularityUNZ #SUNZSUMMIT]]></document>
		<document><![CDATA[”They emailed him a wrench while he was orbiting the world!" - David Roberts @SingularityUNZ #SUNZSUMMIT #crazycat #disruption]]></document>
		<document><![CDATA[Learn how to unlearn to learn how to relearn #learnception #SUNZSUMMIT @SingularityUNZ @_tiagomattos_]]></document>
		<document><![CDATA[Let's go for abundance. https://t.co/oUdrtpgBTu]]></document>
		<document><![CDATA[@charliegavey which one? #lost]]></document>
		<document><![CDATA["we're just starting to understand what these platforma mean for us" @maidaborn cool support for @Loomio… https://t.co/b2yOBBGqX8]]></document>
		<document><![CDATA[@UNICEFNZ cool talk happening about International Development at @SingularityUNZ #SUNZSUMMIT https://t.co/LLAkx9hk2A]]></document>
		<document><![CDATA[My god New Zealand you ready? ---&gt; "indoor farming means you can use 99℅ less water than traditional farming" @SingularityUNZ #SUNZSUMMIT]]></document>
		<document><![CDATA["Why would you pay for shipping and waste from China when you can push a button and get the thing?" @kcolbin… https://t.co/Sap5P4tDJQ]]></document>
		<document><![CDATA[@realDonaldTrump 100℅ of our world's energy will come from solar in the next 21 years #getonboard @SingularityUNZ #SUNZSUMMIT]]></document>
		<document><![CDATA[47-81℅ of jobs under threat from technology! #watchoutforai #theyrecomingforyou #robotictakeover #SUNZSUMMIT @SingularityUNZ]]></document>
		<document><![CDATA[The 6 D's of exponential technology: flash lights are now on our phones. They're free. They're everywhere.… https://t.co/okcCXEoMKF]]></document>
		<document><![CDATA[30 steps gets you out the door, but 30 doubling steps gets you around the world #exponentialgrowth #SUNZSUMMIT… https://t.co/IWr4eWIFuB]]></document>
		<document><![CDATA[By 2049, you'll be able to buy the computing power of all human beings for about $1000 #thefuture #SUNZSUMMIT @SingularityUNZ]]></document>
		<document><![CDATA[And we're underway! With @charliegavey @collins_liam_ @SingularityUNZ #SUNZSUMMIT https://t.co/PsOYidTkqZ]]></document>
		<document><![CDATA[Engaged already @SingularityUNZ #SUNZSUMMIT https://t.co/VQ1DIgqFwu]]></document>
	</documents>
</author>