<author lang="en">
	<documents>
		<document><![CDATA[@VisualCap @cgledhill government  ?]]></document>
		<document><![CDATA[Quantum Computing They're getting closer 

 Researchers Unveil ‘Construction Plan’ For An Actual Large-Scale Device  https://t.co/uvkBc9BC8R]]></document>
		<document><![CDATA[@ElixirCoaches @riskinfonews  I agree 100% as it makes communication of ideas &amp; strategies clear and concise 🤣 and thats what we are after]]></document>
		<document><![CDATA[@Aliciasornosa any copies being printed in English? 😊]]></document>
		<document><![CDATA[@cgledhill need more #funny stuff on Twitter 😁]]></document>
		<document><![CDATA[we must have the cheapest $$ #finteck 
Switzerland the most expensive place to buy a Big Mac https://t.co/9M52Tif0PJ via @ThisIsMoney]]></document>
		<document><![CDATA[changing of the professions 

Richard Susskind tells law schools to future-proof students with tech modules 

https://t.co/jJnImterqF]]></document>
		<document><![CDATA[now this is cool 🏃‍♀️ https://t.co/ZPoxglp7dv]]></document>
		<document><![CDATA[@VCRebecca @weddingchicks use WIX  😊]]></document>
		<document><![CDATA[@bennymarsh completed that a while ago  much needed 4 future professional development   look forward 2 outcomes 😊]]></document>
		<document><![CDATA[The only #GOAT https://t.co/3JnW5oUmPF]]></document>
		<document><![CDATA[Risk insurance advice practices are in for a big shock within a couple of years regardless of legislative change ar… https://t.co/TTpXXkTy1r]]></document>
		<document><![CDATA[current debt and leverage is through the "roof" much great than 2007-8  #shortmemory https://t.co/RjGBq4Tbv5]]></document>
		<document><![CDATA[@emmafinstd @FinStd  the currency crash will b slower than last GFC but will bite harder. my pick before 3/2020  #ausecon]]></document>
		<document><![CDATA[@CRtwotwo   many years ago Bell had their adds saying "if you have a ten dollar head, wear a $10 helmet"..]]></document>
		<document><![CDATA[@Jessica_Yates @FOXSportsAUS   looking forward to the new season &amp; seeing the #bestdressed girl on TV  @Jessica_Yates]]></document>
		<document><![CDATA[@Aliciasornosa @LaVanguardia great effort keep it up   fantastic ride]]></document>
		<document><![CDATA[Fintech future: Welcome to the the Bank of Big Mac 

https://t.co/g3lGcWvUtx via @Finextra]]></document>
		<document><![CDATA[@danielricciardo should have your lid on buddy 😊   we dont want u knocked out before start of season 😊]]></document>
		<document><![CDATA[Age shall not weary the warrior ☝   great stuff https://t.co/ulZM46duO2]]></document>
		<document><![CDATA[@simdesilvestro i have #Beats  .would not buy them again🤐]]></document>
		<document><![CDATA[@ReggieMiddleton @washingtonpost my #teenage daughter strongly 💪 disagrees and my wife 😊]]></document>
		<document><![CDATA[@eguiaonroad @Aliciasornosa #Australia number 2  yeaaaaa 😊😚  great roads #Melbourne]]></document>
		<document><![CDATA[@AmeeraDavid thx TP will do]]></document>
		<document><![CDATA[Blockchain Technology and the Law Are Allies, Not Enemies https://t.co/zDBw4XCX5G via @ConsenSysLLC]]></document>
		<document><![CDATA[@AmeeraDavid what channel in Aus 😊]]></document>
		<document><![CDATA["could"   lol :):) https://t.co/3YUHBVdRwh]]></document>
		<document><![CDATA[Long overdue  next % based commissions... https://t.co/YSe5Zmp2k4]]></document>
		<document><![CDATA[How Fintech Can Disrupt the $14T Mortgage Market https://t.co/5lMt1XTxZV

the mortgage market has been unchanged for soo long about time..]]></document>
		<document><![CDATA[@edwardnh  loved your analysis always on the show best of the lot  good luck finding new gig  maybe come downunder 😊]]></document>
		<document><![CDATA[Why rebate ?  Dial down comm 2 zero and help the client out long term. Save them $$$$$$$ https://t.co/Zk9PJHCED6]]></document>
		<document><![CDATA[No different to when i first started going to the gym 30 yrs ago 😊 https://t.co/mjMH8HLlru]]></document>
		<document><![CDATA[@cgledhill none  they are expected to contribute to the house hold without cash rewards    lump sums @ birthdays Xmas 😊]]></document>
		<document><![CDATA[@cgledhill yes and  $2 applies 2 non "own" bank use non bank ATMs upto $3]]></document>
		<document><![CDATA[@cgledhill average fee paid in Aus on ATM use $2.00]]></document>
		<document><![CDATA[One of the best and all the best in your new role @AmeeraDavid https://t.co/rYQxBTyEWE]]></document>
		<document><![CDATA[Modern memory is 48 hrs ..was there ever a GFC 😁 https://t.co/cgEaTgkLZQ]]></document>
		<document><![CDATA[@AmyCiolek will be interesting when next financial crisis hits...😯]]></document>
		<document><![CDATA[@Aliciasornosa will be in English also]]></document>
		<document><![CDATA[Great thoughts 😊 https://t.co/f2EUGYgFT8]]></document>
		<document><![CDATA[@LaiaSanz_  congratulations on top 15 finish #womaninmotorsport]]></document>
		<document><![CDATA[@simdesilvestro @GETelite great workout no forearm weakness 😊 old school]]></document>
		<document><![CDATA[@amandagutterman @NiemanLab fear has been the trend for the last 10yrs 😐]]></document>
		<document><![CDATA[@RodneyMWatson @edwardnh @AmeeraDavid @BiancaFacchinei in no way pls think @AmeeraDavid @BiancaFacchinei not knowledgeable love both reports]]></document>
		<document><![CDATA[#highstandard #fintech https://t.co/eycsRBKFMX]]></document>
		<document><![CDATA[@RodneyMWatson @edwardnh @AmeeraDavid @BiancaFacchinei  loved the knowledge of @edwardnh   whats happening 2 the show]]></document>
		<document><![CDATA[#fintech #platform can deliver retail products low cost and with ease  expect more growth in this area 2 come https://t.co/RUCYEUGAZ9]]></document>
		<document><![CDATA[@ReggieMiddleton great reads signed up😊]]></document>
		<document><![CDATA[Great well written article by @4greatadvice ever #compliance person should read #regtech https://t.co/JgfQ1eUlAc]]></document>
		<document><![CDATA[the most commonly used blockchain technology for enterprise development today.       #ethereum #compliance #regtech https://t.co/KHWikkkdrB]]></document>
		<document><![CDATA[A fund that works because of fear :)    I love it https://t.co/dEeYMD8CM1]]></document>
		<document><![CDATA[@MeganCaywood @bhorowitz  currency wars]]></document>
		<document><![CDATA[well written 100% spot on #fintechaus https://t.co/1rgtg2w6PJ]]></document>
		<document><![CDATA[#fintech https://t.co/ydiOnp2s1i]]></document>
		<document><![CDATA[Fantastic views  hope to get there 😊   great riding 🏍 https://t.co/A8FixNEBsR]]></document>
		<document><![CDATA[Great work all #ethereum #fintech #compliance https://t.co/GNvCGG79GN]]></document>
		<document><![CDATA[@jasonboud compliance regulation  combined with vid/data capture engagement ☺]]></document>
		<document><![CDATA[@GoncalvesSpeedy   thx for helping Aussie toby price 👍]]></document>
		<document><![CDATA[#regtech #purecompliance #ethereum https://t.co/S1HfQ2jnHz]]></document>
		<document><![CDATA[@LaiaSanz_ @dakar good luck great riding #womaninmotorsport]]></document>
		<document><![CDATA[@chelz_34 strong body strong mind no fatigue   #womaninsport]]></document>
		<document><![CDATA[@LaiaSanz_ @dakar push hard  good luck]]></document>
		<document><![CDATA[@Senatur_Py @dakar @MarcelaBacigalu @FOXSports why no #FOXSportsGO #fixsports #Australia]]></document>
		<document><![CDATA["2017 The year of no fear.. " https://t.co/KDmM0JoGWf by @finrisktroy on @LinkedIn  #fintech #ethereum #regtech #future #2017]]></document>
		<document><![CDATA[This is interesting, the 1000s that are waiting,must not be talking at all with current clients.... https://t.co/tuyT8IyPqD]]></document>
		<document><![CDATA[Six CRM Predictions for 2017

 https://t.co/3nN2NSpKMG via @wordpressdotcom]]></document>
		<document><![CDATA[#RoadToDakar2017   we're getting closer https://t.co/8VA8zwxNof]]></document>
		<document><![CDATA[@simdesilvestro #womaninsport https://t.co/y4T6lV0iF2]]></document>
		<document><![CDATA[Sounds like bs 2 me always check any data coming from an "independent" https://t.co/KKv67YeIEg]]></document>
		<document><![CDATA[@simdesilvestro #sydney #BlueMountains    #womaninsport]]></document>
		<document><![CDATA[From @christophjentzsch   great read and great news from #ethereum #2017 will be a good move forward. Decentralized…https://t.co/uDjpFoQ95t]]></document>
		<document><![CDATA[“‘What’s with the price of Ether?’” by @stephantual https://t.co/0H1xKd8KJe]]></document>
		<document><![CDATA[@Aliciasornosa super effort well done keep it up #strongisbeautiful]]></document>
		<document><![CDATA[@ausxopen @CRtwotwo @Fox_Motorsport  i missed FoxSports doco ? Is it to be showed again ?]]></document>
		<document><![CDATA[@VCRebecca @nayahealthco  that is #funny   merry #Xmas]]></document>
		<document><![CDATA[Great to see female talent coming through, I feel MS is an area where a girl has as much chance as a boy 🤣 https://t.co/hobdtDm01Z]]></document>
		<document><![CDATA[@cgledhill @technology as soon as R3 consortium splintered the gorillas were going to eat each others bananas 😐]]></document>
		<document><![CDATA[#fintech #lifestyle 4thebetter https://t.co/VqPC8Pz6qP]]></document>
		<document><![CDATA[@edwardnh same situation happening in Sydney 😐]]></document>
		<document><![CDATA[@cgledhill @Finextra your 100% on the 💰 that makes sense #Blockchain #ethereum can help with trust ..#starbucks failed  #Australia 😅 4 left]]></document>
		<document><![CDATA[@edwardnh @BBCWorld  my bold prediction EU banking collapse by end of 2017  🤔]]></document>
		<document><![CDATA[@cgledhill well u shouldn't be eating Maccas 😝 it will killya  😂]]></document>
		<document><![CDATA[I think this is a good thing. A gradual slowing is better than a bust !! https://t.co/Vyp0HysrpL]]></document>
		<document><![CDATA[Class joins forces with high-profile SMSF education provider https://t.co/2gzpEZe6x1]]></document>
		<document><![CDATA[Would expect to see more private blockchains used in such manner 2017  
However P2P BC for true trust/integrity  Aus…https://t.co/z0KaVf6EIN]]></document>
		<document><![CDATA[#whisper #ethereum #community https://t.co/jjovqX8TV0]]></document>
		<document><![CDATA[@simonraikallen Bluetooth via our brains linked back to phone 😲😲😲]]></document>
		<document><![CDATA[@ReggieMiddleton   not enough xmas shoppers]]></document>
		<document><![CDATA[Tips for accountants to manage cyber security threats https://t.co/zS5KKC2rAE]]></document>
		<document><![CDATA[I made sure I married a girl that swears  :) https://t.co/tS2c9oZxFt]]></document>
		<document><![CDATA[@cgledhill ok do tell 😊  i cant work it out lol]]></document>
		<document><![CDATA[@Aliciasornosa you have problems with the bike?]]></document>
		<document><![CDATA[Latin America in 2017..not going to be pretty anywhere😟 feel sorry for those effected by appalling #Governance https://t.co/kDzK4VVfFQ]]></document>
		<document><![CDATA[@cgledhill now #fintech is finally doing some good 😃]]></document>
		<document><![CDATA[@AmeeraDavid @RT_America that is cool #snow   all the best and safe xmas to crew at boom bust #best team for #finance #news]]></document>
		<document><![CDATA[@ReggieMiddleton agreed..a good😱 story for @RT_America]]></document>
		<document><![CDATA[@AmeeraDavid I'm more worried about the skinny mocha 😨]]></document>
		<document><![CDATA[Only the start #fintech #Ethereum #compliance  #communication https://t.co/uAxE30PtEn]]></document>
		<document><![CDATA[#happydays #xmas #summer https://t.co/zjCQ0Dbi2c]]></document>
		<document><![CDATA[No surprises here !! 

When Your Hedge Fund Manager Buys a Ferrari, Find a New Manager https://t.co/UQ4jdEfxZT via @markets]]></document>
	</documents>
</author>