<author lang="en">
	<documents>
		<document><![CDATA[The Netherlands welcomes Trump in his own words https://t.co/qHtuCOCo7f via @YouTube too funny ..the best thing about P Trump are the spoofs]]></document>
		<document><![CDATA[@andreastonez @charliepick @realDonaldTrump @nytimes .. he probably thinks YEMEN is a FAKE country]]></document>
		<document><![CDATA[Met with some aspiring leaders today -they talked -empathy, relationships, inspiration, innovation, trust, teamwork .. how lucky am I?]]></document>
		<document><![CDATA[@TheRyanAdams @GOP @AP whhhhaaaaaaattttt ??? Oh that's sure to make everyone safer.. good tip for his replacement do opposite of everything]]></document>
		<document><![CDATA[@johnqgoh yeah ... under LSLD I've given myself one every 5th day]]></document>
		<document><![CDATA[@JRaciborska @Colvinius .. so relevant .. so scary .. just when you think we'd evolved beyond it all]]></document>
		<document><![CDATA[Brag tags in action @ThomasAcresPS .. off to a flying start in 2017 https://t.co/1jf39SqOiw]]></document>
		<document><![CDATA[@johnqgoh just stepping out of sauna .. getting cucumbers ready for facial]]></document>
		<document><![CDATA[@johnqgoh no but coffee is good]]></document>
		<document><![CDATA[@johnqgoh .. ha .. must be dreaming.. someone is implying school is back]]></document>
		<document><![CDATA[@thex57 both absolute legends]]></document>
		<document><![CDATA[@thex57 great game but go Roge!]]></document>
		<document><![CDATA[#AusOpen Go Rog .. the champion &amp; gentleman of tennis!]]></document>
		<document><![CDATA[So it begins ... https://t.co/656hgJeZ0S]]></document>
		<document><![CDATA[@5Loopy77 @Venuseswilliams @AustralianOpen .. love those sisters ... SW now undoubtedly the greatest female player ever]]></document>
		<document><![CDATA[Such a great analogy for formative assessment https://t.co/FNW9nu8HWB]]></document>
		<document><![CDATA[#AusOpen - sisters are doing it for themselves.. two super tennis stars !!!!]]></document>
		<document><![CDATA[@Educare25 ... we'll be looking for your tag on bridges, railway stations &amp; public toilets then]]></document>
		<document><![CDATA[#AusOpen ... yay Venus .. what an amazing attitude &amp; athlete! Go Venus go!]]></document>
		<document><![CDATA[@JohnWaiting333 @skanktena @ABC um... a liberal Nazi? Mixing up your fascists with your liberals.. happy to be called a liberal ..]]></document>
		<document><![CDATA[@skanktena @JohnWaiting333 @ABC @latimes ... oh but if P Trump said it ... it must be true]]></document>
		<document><![CDATA[@skanktena @JohnWaiting333 @ABC .. I love this .. every time something is reported the word 'liberal' is dragged out like it's a dirty word]]></document>
		<document><![CDATA[@PoBoyReeves @ABC .. so the walking dead is actually a documentary???]]></document>
		<document><![CDATA[@Clapturn @Clarke4535 .... it's the pit... I love the pit ...]]></document>
		<document><![CDATA[@craigwatson1001 @charliepick ... yeah I'm sure that has Charlie worried ... the only good we can get from P Trump is a few laughs]]></document>
		<document><![CDATA[@charliepick @washingtonpost oh dear ... how long before he erects a statue of self in Washington &amp; each capital city?]]></document>
		<document><![CDATA[@YvonneBryce1 a couple more days to go ... talk about pushing a holiday right to the end - see you at work on Friday ..hope u had a good hol]]></document>
		<document><![CDATA[Goodby Europe .. you were cold but fun ... Dubai here I come https://t.co/mJUkyd8O3c]]></document>
		<document><![CDATA[@DSylwestrzak hey .. you guys there?]]></document>
		<document><![CDATA[@SPACEdotcom @RealDonalTrump ... personally ??? Should consider Pluto.]]></document>
		<document><![CDATA[Scary https://t.co/65QyrCdXr2]]></document>
		<document><![CDATA[Skiing in Austria ... too much fun, beer high up in the alps, lots of snow, thrilling slopes, panoramic views &amp; ach… https://t.co/eMWU8thl47]]></document>
		<document><![CDATA[Oh dear ... must be cutting a bit too close to the ... um ... https://t.co/JyfTiBDBXQ]]></document>
		<document><![CDATA[#touringeurope ..oh good morning Salzburg!!! https://t.co/ZWal98Z5B5]]></document>
		<document><![CDATA[@VoteTrumpPics @realDonaldTrump I don't want to do a good job ... um obvious]]></document>
		<document><![CDATA[Went to bed listening to Trump's rubbish but then woke up to this .. some relief .. enjoying the world while I stil… https://t.co/eY7yfGXAFR]]></document>
		<document><![CDATA[@johnqgoh @RebeccaKerron it gets you free coffees &amp; the odd bauble Mr Baptist sir]]></document>
		<document><![CDATA[@johnqgoh @RebeccaKerron tried it ... didn't go so well .. on the run now via train to Venice]]></document>
		<document><![CDATA[@johnqgoh @RebeccaKerron .. no where to be seen... he is the naughty brother though .. probably in hiding]]></document>
		<document><![CDATA[@RebeccaKerron @johnqgoh ... maybe I can work remotely... from home.. then it's yours]]></document>
		<document><![CDATA[@johnqgoh no but I saw Harry Belefonte &amp; the bananas - prisoners being feed to rabid avocados &amp; gladiators in feral food fights]]></document>
		<document><![CDATA[@johnqgoh ... yeah where's the innovation????]]></document>
		<document><![CDATA[Looking for love at all the wrong fountains #touringeurope https://t.co/lSBtibNtMY]]></document>
		<document><![CDATA[A long way to come for a coffee .. I think the Mafia were meeting just at the next table #touringeurope https://t.co/s3cxXeCDvA]]></document>
		<document><![CDATA[So this is where gladiator school is taking me ???#touringeurope https://t.co/t50HINYBlV]]></document>
		<document><![CDATA[Gladiator school - 2 go in one comes out ... still #touringeurope https://t.co/PiXYsINFsv]]></document>
		<document><![CDATA[@johnqgoh @RebeccaKerron .. yeah two open ends of a tent]]></document>
		<document><![CDATA[@RebeccaKerron @johnqgoh &amp; yes I'm nice I pay enough people to spread that rumour ... maybe I'll spring for a tent ..]]></document>
		<document><![CDATA[@johnqgoh @RebeccaKerron oi .. you two ..I think the heat in Australi must be getting to you ..]]></document>
		<document><![CDATA[@Lilian004 sorry.. but u won't be green about my bank balance after it all .. with two teenagers too]]></document>
		<document><![CDATA[Alright guys who took my fries? #touringeurope .. checking out Da Vinci's Last Supper in Milan https://t.co/m4IEwViXu8]]></document>
		<document><![CDATA[Training it from Milan to Minsk .. um I mean Rome on the ferocious flying rabbit beast from The Holy Grail ... (all… https://t.co/HHPZ3iZp8f]]></document>
		<document><![CDATA[#touringeurope a new dress style for me in 2017 .. shopping on champs-Élysées https://t.co/Be4innY0H2]]></document>
		<document><![CDATA[#touringeurope There's way to much to see in Pari... Bonjour all back in Australi https://t.co/5j6j5ufsZZ]]></document>
		<document><![CDATA[Yeah this is an ok view from my hotel #touringeurope https://t.co/jxgkNEugLN]]></document>
		<document><![CDATA[How many Beatle faces, statues etc can we find in Liverpool?? #touringeurope https://t.co/McxizTqDIL]]></document>
		<document><![CDATA[So this is how I spent NYE at Anfield Stadium #touringeurope https://t.co/jp4duHOX7t]]></document>
		<document><![CDATA[@glenn_langford @realDonaldTrump .. oh Glenn I think we need to strap in .. until the impeachment kicks in]]></document>
		<document><![CDATA[The Beatles man .. I got no words #touringeurope https://t.co/V0L2EKj6oo]]></document>
		<document><![CDATA[Wimbledon - a few randoms taking on the role of tennis stars, groundsmen &amp; rabid fans. Keep practising son &amp; maybe… https://t.co/IU1Klz2IVc]]></document>
		<document><![CDATA[@5Loopy77 a lot less yesterday- driven around to all the rock n roll sights]]></document>
		<document><![CDATA[Rock n roll heaven in London baby !!! #touringeurope https://t.co/gRfK4MS6tE]]></document>
		<document><![CDATA[Walked a lot, went on the eye &amp; saw a lot of sights in flipping London #touringeurope https://t.co/VHl7dQAhZF]]></document>
		<document><![CDATA[Highlights from Edinburgh #touringeurope - Castle, mulled cider with rum to keep away cold &amp; rides in the chilly cl… https://t.co/jLwWzEDZRp]]></document>
		<document><![CDATA[@glenn_langford it's brilliant.. if only Martin could really be president]]></document>
		<document><![CDATA[@PotterLorinda it was smooth]]></document>
		<document><![CDATA[@JohnSelby6 ...the tour was narrated by the pythons]]></document>
		<document><![CDATA[@rebecca11371 .. sorry .. been so beautiful.. in Edinburgh now - heading off to London in a few days]]></document>
		<document><![CDATA[@johnqgoh I've gone to the other side of the world to avoid mine]]></document>
		<document><![CDATA[Some highlights so far - stayed in a Castle. Checked out ruins. Had scotch $80 glass.. highlands &amp; Nessie… https://t.co/AqwlXnwhzl]]></document>
		<document><![CDATA[Obviously this friendly town in Scotland town is named after @thex57 https://t.co/VL6Cy91fIT]]></document>
		<document><![CDATA[@thex57 congrats good sir to you &amp; your family]]></document>
		<document><![CDATA[Yes to Yes owner of a lonely heart ... #hello80smyoldfriend]]></document>
		<document><![CDATA[Working on our yarning circle @ThomasAcresPS a greet place to meet &amp; learn in 2017 https://t.co/vzhDySJTX9]]></document>
		<document><![CDATA[Daughter's year 12 formal last night - happy, sad, proud - where'd that time go? https://t.co/11OcoO7Weg]]></document>
		<document><![CDATA[Leonard Cohen's final album is a Gond farewell #greatartist]]></document>
		<document><![CDATA[@johnqgoh unless he is singing an ultra cool Hall &amp; Oates 80s song - &amp; then it's cool]]></document>
		<document><![CDATA[Bopping to Jack White, Supertramp &amp; the Greg Kihn Band #itsfriday]]></document>
		<document><![CDATA[@abcnews eat what? Make America eat again? Kale? Big Macs? Bumper sticker slogans?]]></document>
		<document><![CDATA[Talking about our writing achievements &amp; other innovations @ThomasAcresPS with @k_rigas https://t.co/nVYhRBO4C5]]></document>
		<document><![CDATA[The world regularly surprises me and sometimes not in a good way]]></document>
		<document><![CDATA[This Trump thing is really just one of the Wayan brothers doing a reality movie 'white red neck for president' phew I thought it was real]]></document>
		<document><![CDATA[#MBA4aDayC ... great leadership https://t.co/FcHs2LdFnS]]></document>
		<document><![CDATA[Sleep, Be mindful/meditate, focus -mono tasking, learn -have a hobby, eat well, water, exercise, VIPs -will help your performance #MBA4aDayC]]></document>
		<document><![CDATA[Be a good leader - how are u leading yourself? #MBA4aDayC]]></document>
		<document><![CDATA[Avoid happiness vacuums - they'll suck you dry #MBA4aDayC]]></document>
		<document><![CDATA[Doing the right things is better than doing things right - but both are good #MBA4aDayC]]></document>
		<document><![CDATA[Leadership is about change - Management is about complexity #MBA4aDayC]]></document>
		<document><![CDATA[Leadership is inspiration &amp; taking people with you. Management is making it happen. People vs product - Both L &amp; M are vital #MBA4aDayC]]></document>
		<document><![CDATA[We are all working for a better education #MBA4aDayC]]></document>
		<document><![CDATA[There is no silver bullet #MBA4aDayC]]></document>
		<document><![CDATA[Done is better than perfect - making progress is better than delaying - think BIG #MBA4aDayC]]></document>
		<document><![CDATA[#MBA4aDayC'town - looking forward to a day of great professional learning - launched by @k_rigas &amp; @staceyquince https://t.co/ySaYXxRHH9]]></document>
		<document><![CDATA[@5Loopy77 that's my scene!]]></document>
		<document><![CDATA[@5Loopy77 ha .. very cool - after the singer?]]></document>
		<document><![CDATA[@Mclarke7Megan .. and the cloning of the strawberry begins!]]></document>
		<document><![CDATA[@new71k @Hartwell2Aaron @ehayhendry @mserafim1 .. good fight!!!]]></document>
		<document><![CDATA[Ella Hooper of Killing Heidi fame &amp; her other band Verses makes for a great Friday listen #tryingtochill]]></document>
		<document><![CDATA[@5Loopy77 does it count if I'm cheesy?]]></document>
		<document><![CDATA[This writing needs to go in cluster 5 because .... #EafsForum16 https://t.co/quqcU9nzRM]]></document>
	</documents>
</author>