<author lang="en">
	<documents>
		<document><![CDATA[Need a cuddle😔]]></document>
		<document><![CDATA[Megan was right, Cambridge is so noisy man]]></document>
		<document><![CDATA[@ChloeSucks @jmbryn or some dead animal😍]]></document>
		<document><![CDATA[@ChloeSucks @jmbryn the ones that light up?😍]]></document>
		<document><![CDATA[@ChloeSucks @jmbryn pure class, wheres the water park @????]]></document>
		<document><![CDATA[@ChloeSucks @jmbryn idk why you would go abroad when you have that😍]]></document>
		<document><![CDATA[Dickhead]]></document>
		<document><![CDATA[Get me out of essex please, bad thing after bad thing just keeps happening 😟🙃😩]]></document>
		<document><![CDATA[@ChloeSucks ffs william]]></document>
		<document><![CDATA[Why does chloe love megan more than me]]></document>
		<document><![CDATA[@ChloeSucks bae for days]]></document>
		<document><![CDATA[@ChloeSucks cough **** cough😂😂😂]]></document>
		<document><![CDATA[Happy birthday to my number one water skiier, I hope you have a lovely day and see you soon! Love ya❤❤❤ https://t.co/K43BUICSaT]]></document>
		<document><![CDATA[@ZARA i collected my online ordered items in store today and got home to find a massive rip across the shoulder on one item.]]></document>
		<document><![CDATA[@ChloeSucks cant wait for nandos https://t.co/zlkD8vM4Ms]]></document>
		<document><![CDATA[@ChloeSucks whats happened to you]]></document>
		<document><![CDATA[I honestly couldnt wish for better, more supportive friends❤❤❤ i love you all so so much]]></document>
		<document><![CDATA[Im nearly 19 and today i went to the dentist for the first time on my own and didnt die]]></document>
		<document><![CDATA[@lizgarrardx silly bae😉]]></document>
		<document><![CDATA[@lizgarrardx its so stupid😂😂]]></document>
		<document><![CDATA[@hollliestorey ive lit just seen this! I love u❤]]></document>
		<document><![CDATA[@ChloeSucks round chelmo😏]]></document>
		<document><![CDATA[@ChloeSucks ok i wont use mine just for you😉]]></document>
		<document><![CDATA[@ChloeSucks @webblinu he isnt in the country😏😉]]></document>
		<document><![CDATA[@webblinu @ChloeSucks she defo aimed that at me😉🙄]]></document>
		<document><![CDATA[@lizc_private love u and this❤❤]]></document>
		<document><![CDATA[Happy birthday to the go pro queen herself,  @_sxrahc , i hope you have a lovely day and see you soon❤❤❤ https://t.co/T8ouDGU8v4]]></document>
		<document><![CDATA[Happy birthday @olivia_smith27 , i hope you have a lovely day my lovely❤❤]]></document>
		<document><![CDATA[So in love🙊 thank you for this and my other presents @Luke_Cooper1998 ❤ https://t.co/5dyIP5rl6n]]></document>
		<document><![CDATA[@webblinu @ChloeSucks it just said that he has started sending them out now and to check its your SID ect..]]></document>
		<document><![CDATA[@ChloeSucks @webblinu i got the first one!]]></document>
		<document><![CDATA[@ChloeSucks @webblinu obvs was about me mate, you always indirect me on twitter💪]]></document>
		<document><![CDATA[Dont have the will to revise just want to sleep]]></document>
		<document><![CDATA[Its actually ridiculous that every friday the 9:04 train from cambridge is delayed and no longer stops at my stop... @AbellioRailBus]]></document>
		<document><![CDATA[So so so excited to be seeing @ollyofficial next year with @lizgarrardx 😍💛]]></document>
		<document><![CDATA[@RoyalAlbertHall do you know much the tickets for the olly murs date will be? Thank you]]></document>
		<document><![CDATA[@ollyofficial or has anyone got an 02 priority code :(]]></document>
		<document><![CDATA[Does anyone have the link to the ticketmaster pre-sale today for @ollyofficial please😇]]></document>
		<document><![CDATA[@hmvtweets where are the photos from busted oxford street? Thanks]]></document>
		<document><![CDATA[@ChloeSucks tassimo, you can buy the pods from like poundland/ b and m]]></document>
		<document><![CDATA[@ChloeSucks okay, ill tell paul for you]]></document>
		<document><![CDATA[@ChloeSucks that was legit you https://t.co/k9EtNg7pOU]]></document>
		<document><![CDATA[@ChloeSucks was it the glowstick???😭😂😂😂]]></document>
		<document><![CDATA[So beautiful😇 RIP little one😇❤❤❤ https://t.co/JYtNUPn6OI]]></document>
		<document><![CDATA[@Nick_wyatt2 happy birthday😎 have a good'un🤓🤓🤓]]></document>
		<document><![CDATA[So buzzing to see @midnightbeastuk on Wednesday😲😍😇]]></document>
		<document><![CDATA[Finally the water is back on😲😥]]></document>
		<document><![CDATA[@lizc_private i miss your crazy ass too, see you at christmas????❤]]></document>
		<document><![CDATA[can't wait for my next tattoos🤗]]></document>
		<document><![CDATA[Two Years😇 https://t.co/v3nyVJOH1y]]></document>
		<document><![CDATA[Just spent £64 on  a book and some vet scissors☻☻☻☻☻]]></document>
		<document><![CDATA[Happy birthday babes, I hope you have a lovely day and get drunk (obvs😉) miss and love you lots❤❤❤❤❤❤❤❤💘 https://t.co/xUxKRqDhQF]]></document>
		<document><![CDATA[@holstorey thats too much pressure😶]]></document>
		<document><![CDATA[@holstorey im research🤓]]></document>
		<document><![CDATA[@holstorey is it way quicker driving then training it????]]></document>
		<document><![CDATA[@holstorey I really really want to im literally talking about how to get there with the fam now]]></document>
		<document><![CDATA[@holstorey aww i got so excited I thought you were home... aww lucky😋]]></document>
		<document><![CDATA[Such an amazing film👏😻 https://t.co/Juq5pD74Gq]]></document>
		<document><![CDATA[Had to throw so much food away so it didn't go off this weekend 😷]]></document>
		<document><![CDATA[Literally buzzing for the second series of humans😆😆😆😆]]></document>
		<document><![CDATA[@AngliaRuskinSU could you please dm me about tickets please, thank you]]></document>
		<document><![CDATA[Facetime to my baby❤❤❤ https://t.co/AsF6zneCvV]]></document>
		<document><![CDATA[Happy birthday u sort love you loads have am amazing day and go get drunk❤❤❤ @i_Lid https://t.co/mdEI8cKfqk]]></document>
		<document><![CDATA[@holstorey @Luke_Cooper1998 I MISS YOU TOO SWEETCHEEKS]]></document>
		<document><![CDATA[missing this one🙁 https://t.co/105xNvTfs3]]></document>
		<document><![CDATA[@holstorey na they waant me to wingman you😂😂😂]]></document>
		<document><![CDATA[@holstorey they keep adding me btw🙄 'one mutual friend hollie storey'😂😂😂]]></document>
		<document><![CDATA[Cambridge Bound 🎓]]></document>
		<document><![CDATA[My body has lit gone into melt down after last night and its freshers next week.... how am I gonna cope😂😂😣😣]]></document>
		<document><![CDATA[Aww such a good night with everyone before uni😪]]></document>
		<document><![CDATA[@rosiewardox ill come see you v v soon, i love you lots and now go show them how to party💜💜💜💜💜💜💜 @holstorey 💜💜💜💜💜💜💜💜💜]]></document>
		<document><![CDATA[I'd just like to wish this little sort every inch of luck with the starting the next stage of her life tomorrow💓 https://t.co/lLAXrliYp1]]></document>
		<document><![CDATA[So upsetting that I can't see bastille in November and olly next year because of uni😣😣😣]]></document>
		<document><![CDATA[@ARUaccom is it possible for you to message me please? Thanks]]></document>
		<document><![CDATA[excited for tomorrow, so many things planned💉🛍🍟]]></document>
		<document><![CDATA[Someone loves a chin scratch🐑 https://t.co/qaWsX7vS7a]]></document>
		<document><![CDATA[Still want more piercings😣😣😣]]></document>
		<document><![CDATA[When you get into work early but no ones here and you're totally locked out🙃🙃🙃]]></document>
		<document><![CDATA[@AngliaRuskin on my ucas track it's still coming up like this, does this mean I haven't got in? https://t.co/d8DLYFNoDz]]></document>
		<document><![CDATA[@lizziecurno_x there's loads on brentwood bargains my love😘]]></document>
		<document><![CDATA[Today has been the most eventful day of my bunker career]]></document>
		<document><![CDATA[Next tattoo all booked😬💉]]></document>
		<document><![CDATA[Seeing someone recover so quickly after defying all the odds makes me so happy]]></document>
		<document><![CDATA[@_almeroth fuck off]]></document>
		<document><![CDATA[Happy 25th Birthday beautiful, i hope you're enjoying a glass of prosecco up there😇🍾❤ https://t.co/fPSdybv2Jy]]></document>
		<document><![CDATA[@holstoreyxo f knows😂😂😂]]></document>
		<document><![CDATA[@holstoreyxo @rosiewardox alright ill write your name on it😚😚😚]]></document>
		<document><![CDATA[@holstoreyxo ill get another one I've got so much stuff😂😂]]></document>
		<document><![CDATA[@holstoreyxo second bit's right😏😏😏]]></document>
		<document><![CDATA[@holstoreyxo im not adult enough :((((]]></document>
		<document><![CDATA[Been waiting outside @TopgolfUK for 2 hours now and still got 13 people in front of us☺☺☺☺☺☺☺ https://t.co/TXYEbBgIHF]]></document>
		<document><![CDATA[@holstoreyxo cheer up beaut]]></document>
		<document><![CDATA[@holstoreyxo Thursday? Or after work wednesday😋]]></document>
		<document><![CDATA[@holstoreyxo we miss u and him]]></document>
		<document><![CDATA[Actually quite sad writing down my last ever shift😣]]></document>
		<document><![CDATA[Next 2 tattoo's sorted😏😏😏 now ive just got to go book it😬😬😬]]></document>
		<document><![CDATA[So its official... im banned from the dentist]]></document>
		<document><![CDATA['If he comes here ill take of my heel and stab it in his eye'- @holstoreyxo 2016]]></document>
		<document><![CDATA['I thought i was pregnant but then i released i hadnt had sex' @EmmaMasonx  2k16]]></document>
		<document><![CDATA[@holstoreyxo @Matt_Murphy_14 she mines matthew😊😊😊😊😊😊]]></document>
	</documents>
</author>