<author lang="en">
	<documents>
		<document><![CDATA[Impeachy stuff. Trust Records Show Trump Is Still Closely Tied to His Empire https://t.co/ZkKmkV8WCA]]></document>
		<document><![CDATA[Make Your Breakfast Reading Great Again! https://t.co/Buem4xq3Ej]]></document>
		<document><![CDATA[Sure was! @MelanieMKB @Nigel_Corbett I'll bring in some straight @HarvestEstate Chardy from same year for next Friday night.]]></document>
		<document><![CDATA[Congratulations @annetterongotai on an outstanding contribution to the Rongotai electorate over 20+ years.]]></document>
		<document><![CDATA[Great stuff. It's going to be an exciting 2017! https://t.co/6akDutA5xn]]></document>
		<document><![CDATA[@beVR_nz @VRARNewZealand Fantastic talk last night. Loved it.]]></document>
		<document><![CDATA[Kinda glad for Martinborough that there isn't a BK here #ParkerRuiz]]></document>
		<document><![CDATA[Lucky it was held in Auckland #ParkerRuiz #ateed]]></document>
		<document><![CDATA[Surely the hometown wins if it's close?! #ParkerRuiz]]></document>
		<document><![CDATA[Ireland, I congratulated you when you beat us, thought you were dicks after our win but congratulate you again. Now for Aus to beat England!]]></document>
		<document><![CDATA[Cuban leader @fidelcastro has died in his 91st year.]]></document>
		<document><![CDATA[Plenty of sounds rocking the Marty-borough today. Including my lawnmower - sorry, visitors ⛳️]]></document>
		<document><![CDATA[Where Kaikoura @NZStuff? This map shows Ward &amp; Cape Campbell was the centre of ground acceleration. https://t.co/6CUKbsNuw1]]></document>
		<document><![CDATA[It's happening already ... https://t.co/ZKsWPVv7q9]]></document>
		<document><![CDATA[Delighted for the Irish. #AllBlacks #IREvNZL
Can't wait for the rematch 26th Nov in Dublin.
Great for rugby. #morethanjustagame]]></document>
		<document><![CDATA[Maori 'All Blacks' playing USA Eagles on the tellie now, people ...]]></document>
		<document><![CDATA[Don't miss the Auckland launch of the NZVRARA this Tuesday at the AR/VR Garage. https://t.co/2At0MzMVXA]]></document>
		<document><![CDATA[Iceland's Pirate Party on cusp on election victory, less than 4 yrs after forming https://t.co/xTE96KrIzR]]></document>
		<document><![CDATA[Send home the clown https://t.co/0rQHSTT4Nx]]></document>
		<document><![CDATA[People in glasshouses ... https://t.co/wOr0sVe5bo]]></document>
		<document><![CDATA[The trending Michael Cheika comments deserve to be made into a book. Sheer brilliance.]]></document>
		<document><![CDATA[Why the selfie election has given way to the Facebook campaign https://t.co/D4l0uxpEms? @_emkaybee]]></document>
		<document><![CDATA[@MiramarMike haha A lot of peeps there. Come to the next one - I'll be there too.  Nice wines last night too ;-)]]></document>
		<document><![CDATA[Bob Dylan playing in the agency this morning. Clean up ahead for the @VRARNewZealand Welly launch event here.… https://t.co/skq8cvjcic]]></document>
		<document><![CDATA[People ask why I live in Martinborough. https://t.co/swX8PfAsVp]]></document>
		<document><![CDATA[Well done on a huge effort @JessicaManins Fantastic event tonight to kick off the @VRARNewZealand #NZVRARA]]></document>
		<document><![CDATA[Excited about the Wellington launch event for @VRARNewZealand today! Go #vr #NZ #nzvrara #vrara]]></document>
		<document><![CDATA[Final chance to get to the Wellington launch of the NZ VR/AR Association ... https://t.co/RKeAWXZkx0]]></document>
		<document><![CDATA[Material Millennials: Salary Most Important Factor in Choosing Job https://t.co/la0pH895ya]]></document>
		<document><![CDATA[A little look backwards and forwards about virtual reality from me: https://t.co/mkIe4OXanb]]></document>
		<document><![CDATA[And the suits ... https://t.co/xd6QZZgL4A]]></document>
		<document><![CDATA[Proof ... @traverse_nz @Nigel_Corbett I've always considered @TheNBR to be a seriously accurate news source.]]></document>
		<document><![CDATA[Always good to have options. https://t.co/X2JaLQOrFh]]></document>
		<document><![CDATA[https://t.co/zOQ4dmTuqz 

This may not go well ... Snap releases Spectacles that record video to post on Snapchat!]]></document>
		<document><![CDATA[Mass market VR for your own smartphone ... great for crowds, industry launches and lighting the fire. https://t.co/yoN8gEDfrB]]></document>
		<document><![CDATA[Back at the agency, due to an internal promotion, there's an administrative assistant vacancy. Could be your break? https://t.co/zb9eDVrp9Z]]></document>
		<document><![CDATA[Cool. Wellington to launch virtual reality complex - announced in The Australian today: https://t.co/yG58d7COAZ]]></document>
		<document><![CDATA[I think Mr Cheika can kick that complaint into touch. https://t.co/BFOoo8gkJ4]]></document>
		<document><![CDATA[That's uncool. Listening device found in All Blacks hotel:  https://t.co/yewTSTq11Q]]></document>
		<document><![CDATA[Incredible. https://t.co/gEIXxJvPoL]]></document>
		<document><![CDATA[The gig economy seeks to expand, this time into real estate with RateBroker: https://t.co/lQdTTK0oYH Hotels will be next ...]]></document>
		<document><![CDATA[Island Bay chapel to be restored: https://t.co/egtOZ3xrho]]></document>
		<document><![CDATA[Wellington mayor Celia Wade-Brown pulls out of mayoral race: https://t.co/NE8y0RqODy]]></document>
		<document><![CDATA[Long overdue https://t.co/XZdQBFznN7 @joelwmaxwell #onevoicewairarapa]]></document>
		<document><![CDATA[Enjoying Saturday evening Lacrosse ahead of #NZvWAL rugby https://t.co/X0EhZpaDO0]]></document>
		<document><![CDATA[Summer was lovely today.]]></document>
		<document><![CDATA[I swear that every day in the past two weeks that I've organised for nets to come in, it rains or blows. #makesupforagreatsummerIguess]]></document>
		<document><![CDATA[It’s customers, not ‘churnalism’ that’s driving newspaper decline. https://t.co/nhqmVJGyt6]]></document>
		<document><![CDATA[Snow arrives https://t.co/3GGPpItDy8]]></document>
		<document><![CDATA[First day of pruning at St. Martin Vineyard.  Everything cleans up nicely with 120km/hr winds :-)]]></document>
		<document><![CDATA[/done installed @slash_done to @slackhq.]]></document>
		<document><![CDATA[Wow, Mark walks. I wonder if he's going to run TVNZ ;-) https://t.co/sSScpdjewC]]></document>
		<document><![CDATA[A perfect inside day to pump Pinot in the winery ... it's #barreltime]]></document>
		<document><![CDATA[Expanding Wgtn ad agency seeks junior suit with passion for great advertising.  Who can you recommend? https://t.co/vZszCpFGNV]]></document>
		<document><![CDATA[Truly amazing that we have a permanent team in the deepest South. https://t.co/2ofjXNFTop]]></document>
		<document><![CDATA[Amusing ... Snake emerged from a Nissan Leaf ... https://t.co/WtIQsoJ8RO]]></document>
		<document><![CDATA[And in 7 years or so the last bottle will be finished ... https://t.co/Abd91oaN6q]]></document>
		<document><![CDATA[@wandaharland or I could go the whole hog &amp; get a Falcon 9 so I can land it on a droneship.]]></document>
		<document><![CDATA[Checked out new Jaguar range online. Never thought I'd discount a car due to its website, but the incessant load screen ended my journey.]]></document>
		<document><![CDATA[@wilderpeople Coincidence or just good timing https://t.co/qt1k9hy3j6 @TwoPaddocks @TaikaWaititi]]></document>
		<document><![CDATA[Actually freaking excited about getting my @xdotai invite.]]></document>
		<document><![CDATA[Easter Sunday, picking Pinot ...]]></document>
		<document><![CDATA[@marthaloe #longpoint from the air https://t.co/UTcshLI2bG]]></document>
		<document><![CDATA["Those who have a 'why' to live, can bear with almost any 'how'."
Viktor Frankl]]></document>
		<document><![CDATA[@GrowFromHereNZ Its on Twitter so it must be ;-)]]></document>
		<document><![CDATA[Clever.  I love great brands that live up to their potential. https://t.co/7IofgtpnZL]]></document>
		<document><![CDATA[The common bottle size of 750mL is the average exhalation volume of our human lungs, derived from when human glass blowers were necessary!]]></document>
		<document><![CDATA[Great site to check out upcoming NZ public holidays - https://t.co/RvrBWphvao]]></document>
		<document><![CDATA[Dramatic implications as oil continues to slide below US$30 .. broke through $28 today ... https://t.co/szxqUhxoP6]]></document>
		<document><![CDATA[32•C in the shade.  And it's actually too hot to enjoy it! #martinborough]]></document>
		<document><![CDATA[perhaps time for wine bottle shapes to go full circle ... https://t.co/ntTNvDqHJw]]></document>
		<document><![CDATA[Hmmm, February gusts have arrived a little earlier than expected #tiedownhats]]></document>
		<document><![CDATA[St. Martin Chardonnay 2016 in the making #Chardonnay  #harvestestate #VNZ16 is only 2 months away https://t.co/4SYbHse2YU]]></document>
		<document><![CDATA[Join The Harvest Club https://t.co/qtVV9rgBph via @HarvestEstate]]></document>
		<document><![CDATA[Inspirational.  Love this article: https://t.co/9Gop6apqsP @YellowBkRoad]]></document>
		<document><![CDATA[Surely the pool with two teams in the Semifinals was really the pool of death #RWC2015]]></document>
		<document><![CDATA[@dbridges_nz Mmm, agree.  And I hadn't realised the RSA try could have been called back too!]]></document>
		<document><![CDATA[Great article about World Rugby after the Scotland fallout.  Good point re the #RSAvWAL try. https://t.co/sWK8xlrwkp]]></document>
		<document><![CDATA[Budburst underway in our part of the Southern Hemisphere. Contrasting pixs to the grape bunches in my twitter feed. http://t.co/vKrI0kNUzz]]></document>
		<document><![CDATA[@hazelphilli And just in time for the PR industry to claim back the content marketing space from the social media agencies ;-) @_emkaybee]]></document>
		<document><![CDATA[@_emkaybee http://t.co/nbmeQEzjEo @hazelphilli is on the money.]]></document>
		<document><![CDATA[@RockburnWinesNZ Thanks!  ;-)]]></document>
		<document><![CDATA[I wouldn't want to be judging too many of these at once! Intense nose on all three, crazy aromatics, all varietals represented well. Yum!]]></document>
		<document><![CDATA[Tasting white trio's Te Whare Ra Toru &amp; Harvest Estate Angelwind Vin Doré (PGR) &amp; Elephant Hill Le Phant Blanc (PVG) http://t.co/z8DIIhIQNp]]></document>
		<document><![CDATA[Too true http://t.co/SlTldHBuyR]]></document>
		<document><![CDATA[Frost fans whirring all around me, but it's not below zero at canopy level yet.  Chardonnay buds are all fine. Time for a cuppa.]]></document>
		<document><![CDATA[RIP.  Terrible news http://t.co/X4eXX7rCPs]]></document>
		<document><![CDATA[Overnight temperature lifted from zero at midnight to 9.4 dc at 6am this morning, as the first green leaf tissue emerges in our Chardonnay.]]></document>
		<document><![CDATA[@_emkaybee It will warm up once it's on the inside.  Have a fun weekend.]]></document>
		<document><![CDATA[@danslevin @realstevegray @HarvestEstate Sounds like you're going to need some more to continue celebrations. DM me your courier address ..]]></document>
		<document><![CDATA[is pruning Cabernet Franc today in stunning spring weather.]]></document>
		<document><![CDATA[What do you drink when in Central Otago ...? http://t.co/fDPMRAku5o]]></document>
		<document><![CDATA[Snow across the country today.  We have a lovely dusting on the hills around our vineyards. http://t.co/tq2VqvAU9n]]></document>
		<document><![CDATA[@benNorthrop what date?  I'll need to put it in my calendar - and bottle that vintage earlier than usual.]]></document>
		<document><![CDATA[@AdvintageWines needed a Picpoul!]]></document>
		<document><![CDATA[Taking advintage of being in the Bay. http://t.co/lj1me5JxGk]]></document>
		<document><![CDATA[The PM was here yesterday giving away money.  It could be a good time to invest in a bicycle company! http://t.co/EV6YMjvXCI]]></document>
		<document><![CDATA[The journey to get the wine to Auckland was challenging. http://t.co/uJcX9duLyn]]></document>
		<document><![CDATA[Topping up 2014 Syrah barrels today &amp; couldn't resist an impromptu tasting.  Mmmm, soft, velvet and decadent. Only 8 months unrtil bottling.]]></document>
		<document><![CDATA[Great editorial from Duncan Garner.  It's time to direct taxes into  making state houses into homes. http://t.co/H88SVACvKz]]></document>
	</documents>
</author>