<author lang="en">
	<documents>
		<document><![CDATA["So-called judge" https://t.co/Su1olUEMGi]]></document>
		<document><![CDATA[@nycjim Probably that he'd be easier to contain and control. And/or that Bannon wouldn't be exerting THIS much influence so soon.]]></document>
		<document><![CDATA[This is the "It's a prank, bro!" of diplomacy. https://t.co/WjIb40wKAo]]></document>
		<document><![CDATA[@asmamk So-called morning.]]></document>
		<document><![CDATA[So it is a ban then. Got it. https://t.co/2JS7nW9avu]]></document>
		<document><![CDATA["So-called judge" https://t.co/OiMIjFVWwG]]></document>
		<document><![CDATA[@rabiasquared But if they don't respect the rulings of the judiciary, does it matter?]]></document>
		<document><![CDATA[The FCC is stopping 9 companies from providing federally subsidized Internet to the poor https://t.co/wuF6Mfd7Eb]]></document>
		<document><![CDATA[“Interviewing job applicants in a coffee shop is fucking barbaric. Stop it. STOP…” — @dhh https://t.co/2G200LWoFC https://t.co/XyaQkLQ353]]></document>
		<document><![CDATA[Sadly, @samsanders was on assignment. They were disappointed. Also, meeting Sam was how I convinced my wife to go to holiday party this year]]></document>
		<document><![CDATA[While we're all sharing "OMG do you know @samsanders?" stories. Brought some people for a tour, and meeting him was only thing on agenda.]]></document>
		<document><![CDATA[@ditzkoff Looking at this photo I'm wondering why we don't have Matthew Rhys starring in an Evel Knievel biopic.]]></document>
		<document><![CDATA[This would be a sentence everyone could agree on but the quotes just add a layer of confusion. https://t.co/BnteJRBWm8]]></document>
		<document><![CDATA[@Laura_M_Wagner So is that spelled Shackquille or Shackille?]]></document>
		<document><![CDATA[@Old_schooler Hm, OK. Thanks.]]></document>
		<document><![CDATA[So is Milo in the press briefing room? Can anyone confirm?]]></document>
		<document><![CDATA[Forgetting your phone at home https://t.co/Ho1mEaRcbM]]></document>
		<document><![CDATA[What a roller coaster couple of minutes. https://t.co/wHioN0vff5]]></document>
		<document><![CDATA[Kellyanne Conway Refers To Fake Bowling Green Massacre https://t.co/u2bHP1w7Mu via @thedailybeast]]></document>
		<document><![CDATA[The Senate scheduled the vote for Betsy DeVos for education secretary for 6:30 a.m. tomorrow https://t.co/wopn5icvbD]]></document>
		<document><![CDATA[White House nixed Holocaust statement naming Jews https://t.co/S82hFfhgg4]]></document>
		<document><![CDATA[@jessesingal For every day you don't tweet, you earn two tweets. Spend them wisely.]]></document>
		<document><![CDATA[Fantastic report from @TBowmanNPR and @AliceFordham on recent Yemen raid. A lot of new details here https://t.co/HH13YOTsVV]]></document>
		<document><![CDATA[The House struck down an Obama-era regulation that sought to keep guns out of the hands of the mentally ill https://t.co/CllGRrLnCt]]></document>
		<document><![CDATA[I am both fascinated and terrified. https://t.co/Dhm2Nmed1J]]></document>
		<document><![CDATA[@digiphile Yeah, but low energy subscribers. Sad.]]></document>
		<document><![CDATA[Steve Bannon Is Making Sure There’s No White House Paper Trail, Says Intel Source https://t.co/NATkLOuqye]]></document>
		<document><![CDATA[He can't not talk about the election. https://t.co/qCAt8vrEh1 https://t.co/2iYN3ikrTB]]></document>
		<document><![CDATA[No ‘G’day, mate’: On call with Australian PM, Trump badgers and brags https://t.co/qCAt8vrEh1 https://t.co/e4YtJOblYv]]></document>
		<document><![CDATA[@pcjm08 "Not that any broadcast news platform ..."

You are literally quote tweeting a tweet with a CNN link in it.]]></document>
		<document><![CDATA[Reddit bans two prominent alt-right subreddits https://t.co/2FABkjekpE via @Verge]]></document>
		<document><![CDATA[Petraeus Warns Of Giving Ammunition To Extremists, 'Revisionist Powers' https://t.co/XJkpidtCR3]]></document>
		<document><![CDATA["They're incredible people."

They. https://t.co/ARJlF6hYFc]]></document>
		<document><![CDATA[Uh, what?

Also, logging more to stop wasting money fighting forest fires?" That's a position? https://t.co/rKiFK4UZ7g]]></document>
		<document><![CDATA[@njerieaton And exact revenge on who? The people that outed their brutality on video? This sounds like a great idea!]]></document>
		<document><![CDATA[Orly. Do tell. https://t.co/RwaDsvWlN5]]></document>
		<document><![CDATA[Sen. Franken is really holding court right now at the committee vote hearing for Sessions right now https://t.co/f2niog1p57]]></document>
		<document><![CDATA[@justinhendrix Going to have to clear out the basement for all that leaflet printing we'll be doing]]></document>
		<document><![CDATA[@yashar It seemed to me like she was just a bad, nervous interviewee and they had to pivot. Topic of interview makes it feel sinister.]]></document>
		<document><![CDATA[@pnh @GreatDismal For it's opinion section?]]></document>
		<document><![CDATA[Trump Aide’s Deal With Chinese Firm Raises Fear of Tangled Interests https://t.co/CEPwPyP6EO]]></document>
		<document><![CDATA[White House ices out CNN https://t.co/WiH1tctccX]]></document>
		<document><![CDATA[Ted Cruz doing a standup interview with @Acosta in a crowded room like he's delivering a speech in a courtroom drama]]></document>
		<document><![CDATA[Trump may be breaking Washington rules, but the tradition of secret-money politics shows no sign of ending soon https://t.co/h5FTC9jm6N]]></document>
		<document><![CDATA[But can Gorsuch use "jiggery-pokery" in a sentence? I expect this to be raised at his confirmation hearing.]]></document>
		<document><![CDATA[If they ask Sean Spicer about chem trails and turning frogs gay with fluoride: worth it. https://t.co/X4THfRcw0j]]></document>
		<document><![CDATA[This is savage. Slow clap, @jaketapper https://t.co/GTNnULfjCs]]></document>
		<document><![CDATA[@kenpaulman Which part? Someone recorded and released that audio. Or are you thinking the call was coming from inside the house (or Senate)?]]></document>
		<document><![CDATA[I find it strange they say the person "was ejected" but staff didn't think to detain the person. Wouldn't that be a security threat?]]></document>
		<document><![CDATA[A mysterious intruder managed to sneak into the GOP retreat in Philadelphia and not get caught https://t.co/bCTa54oS7r]]></document>
		<document><![CDATA[Ohhhhh, it's the media's fault. https://t.co/jmjdtjiACR]]></document>
		<document><![CDATA[Can someone please hold up President Trump's tweet calling executive order a ban to Sean Spicer?]]></document>
		<document><![CDATA[@DylanByers "I don't know how she snuck in there." (referring to WPRI reporter, I think)

What was that about?]]></document>
		<document><![CDATA[@titonka I hate that word so much and I am ashamed I just used it.]]></document>
		<document><![CDATA[@titonka @DomenicoNPR If a tweet falls in the forest does anyone give it a like? Or call it a cuck?]]></document>
		<document><![CDATA[@DomenicoNPR Other journalists and a bunch of bots and eggs.]]></document>
		<document><![CDATA[@DominicMilani @daveweigel ENHANCE! Good eye. Guess he is OK with fluoride on his crotch then.]]></document>
		<document><![CDATA[@daveweigel Also, that appears to be bottled, purified water. Unless listed, it bottled water doesn't have fluoride.]]></document>
		<document><![CDATA[@killyourfm The call to "stop reading &amp; supporting" the @washingtonpost seems equally extreme and "knee-jerky"]]></document>
		<document><![CDATA[@killyourfm That's a fair opinion, but overall I think you're attributing malice to something that is essentially a design issue.]]></document>
		<document><![CDATA[@killyourfm Most news orgs (speaking for our own) debug and refresh our stories posted to FB. It's a simple update.]]></document>
		<document><![CDATA[@killyourfm The news value of the initial story from murmurs we were hearing seems to be admin was compelled to address publicly today]]></document>
		<document><![CDATA[@killyourfm Both stories don't exist at the same time. The news changed and evolved, as did the story.]]></document>
		<document><![CDATA[@killyourfm I don't understand your issue. The update is the new timestamp. Story was first published yesterday at 6pm, when left was news]]></document>
		<document><![CDATA[@MattGertz 
"please laugh"]]></document>
		<document><![CDATA[The FBI has quietly investigated white supremacist infiltration of law enforcement https://t.co/acvzYiom66 by @alicesperi]]></document>
		<document><![CDATA[Secret rules make it pretty easy for the FBI to spy on journalists https://t.co/NgtkbmKFLr by @coracurrier]]></document>
		<document><![CDATA[Wow. A lot to digest in this @theintercept report on secret FBI rules https://t.co/TOiDcBO9PS]]></document>
		<document><![CDATA[Based on a vague tip, the feds can surveil anyone https://t.co/x5cJPoMfyS by @coracurrier]]></document>
		<document><![CDATA[Quebec City mosque attack suspect known as online troll inspired by French far-right /via @globeandmail https://t.co/ZgJLgbDH7y]]></document>
		<document><![CDATA[@robynsidersky I'll just assume they were joined by a third animal and are some grand adventure.]]></document>
		<document><![CDATA[If this Bobcat remains missing, can we call this story ... Bobcat GoldthGate?

I'll see myself out.]]></document>
		<document><![CDATA["Almost everything went wrong," U.S. official says of first military raid under President Trump. https://t.co/BYEuDk0BTI]]></document>
		<document><![CDATA[The number of people affected by Trump's travel ban: About 90,000 https://t.co/HyPa6YMbzO]]></document>
		<document><![CDATA["The cyber realm ..."
https://t.co/cFIoUVuKr6]]></document>
		<document><![CDATA[And we now go live to the United States ... https://t.co/CsafOJCzNF]]></document>
		<document><![CDATA[**SLIDE WHISTLE** https://t.co/wFT7j0GcGk]]></document>
		<document><![CDATA[.@PressSec talking "war with media" at GWU right now. Watch: https://t.co/bmodkwnNP7]]></document>
		<document><![CDATA[And I appear to be ... https://t.co/yKjELU90UQ]]></document>
		<document><![CDATA[The suspect, however, appears to be a French-Canadian "known to people who monitor far-right groups in Quebec." https://t.co/zlXoRh0TmL]]></document>
		<document><![CDATA[Today, Sean Spicer appeared to use Quebec Mosque attack to justify immigration ban. https://t.co/V06PVWlqFM]]></document>
		<document><![CDATA[Acting Attorney General Orders Justice Dept. Not to Defend Refugee Ban https://t.co/tCHt5e7vkg]]></document>
		<document><![CDATA[Trump’s hard-line actions have an intellectual godfather: Jeff Sessions https://t.co/yF5SKftWWT]]></document>
		<document><![CDATA[Hey, look at that. The "Judicial Branch" is back. Funny that. https://t.co/dZicaBBGUc https://t.co/gDWNfC2X6h]]></document>
		<document><![CDATA[@jessesingal I've seen so many people farming likes and RTs with similar tweets. No response if you request they delete.]]></document>
		<document><![CDATA[A lot of murmurs of this going around. https://t.co/Qq5u7BkgtT]]></document>
		<document><![CDATA[@MicahGrimes I've sent messages to two folks reaping attention for it and silence from both. Their "correction" tweets are not sufficient]]></document>
		<document><![CDATA[Hugh Hewitt: ‘I don’t trust Breitbart’ https://t.co/PXzLRaJEL1]]></document>
		<document><![CDATA[If SCOTUS pick is scheduled to be announced tomorrow night (which is odd), I'm curious what might be happening during the day]]></document>
		<document><![CDATA[@RyanLizza Everyone has their eyes on Bannon, but Miller's influence is flying under the radar https://t.co/cqto6kShi7]]></document>
		<document><![CDATA[@jasonsechrest Delete your original tweet. You're still spreading misinformation.]]></document>
		<document><![CDATA[Jihadist groups hail Trump’s travel ban as a victory https://t.co/HQMQZ0KyoH]]></document>
		<document><![CDATA[*as

But I think you know what I meant. 😉 https://t.co/gDWNfCkyuR]]></document>
		<document><![CDATA[The footer on the current White House website no longer lists the Judicial Branch has part of "our government." https://t.co/8qK1xBIsz6]]></document>
		<document><![CDATA[Warm up for, hopefully, an #Oscars speech. I hope he takes it. https://t.co/eHMJ87TlNh]]></document>
		<document><![CDATA[Wow, @DavidKHarbour really took everyone for a ride with this SAG speech. 👏 https://t.co/H0Do4meG5q]]></document>
		<document><![CDATA[Nice GIF game @jaketapper https://t.co/DuHaBiHw5g]]></document>
		<document><![CDATA[After calling immigration EO a "#MuslimBan," Michael Flynn's son deletes Twitter account https://t.co/bbl2cTUgFD]]></document>
		<document><![CDATA[Did she stutter? https://t.co/xlKMlt80GT]]></document>
		<document><![CDATA[@RadioFreeTom Admin is framing this as a success. Bannon is likely not in any trouble here, internally.]]></document>
	</documents>
</author>