<author lang="en">
	<documents>
		<document><![CDATA[You're aware from a rational standpoint that you should probab... More for Aries https://t.co/75QHY0dD0h]]></document>
		<document><![CDATA[The week has just started but it could feel like you're alread... More for Aries https://t.co/75QHY0dD0h]]></document>
		<document><![CDATA[You're rarely afraid to go after your heart's desires, but you... More for Aries https://t.co/75QHY0dD0h]]></document>
		<document><![CDATA[Lethargy and doubt are left in the dust as the fire within you... More for Aries https://t.co/75QHY0dD0h]]></document>
		<document><![CDATA[Taking a step back to observe your social life from a new angl... More for Aries https://t.co/75QHY0dD0h]]></document>
		<document><![CDATA[Although there are professional responsibilities to attend to ... More for Aries https://t.co/75QHY0dD0h]]></document>
		<document><![CDATA[Your coworkers may be standoffish today because you're giving ... More for Aries https://t.co/75QHY0dD0h]]></document>
		<document><![CDATA[You don't like being told no, especially when you're riding a ... More for Aries https://t.co/75QHXZW28J]]></document>
		<document><![CDATA[Separating realistic objectives from impossible dreams is such... More for Aries https://t.co/75QHY0dD0h]]></document>
		<document><![CDATA[You want everyone to come along for the ride today because it'... More for Aries https://t.co/75QHY0dD0h]]></document>
		<document><![CDATA[You are at ease with your emotions today and willing to stretc... More for Aries https://t.co/75QHY0dD0h]]></document>
		<document><![CDATA[Listen carefully to your inner voice, especially when it encou... More for Aries https://t.co/75QHY0dD0h]]></document>
		<document><![CDATA[Although you may be anticipating the future with great enthusi... More for Aries https://t.co/75QHY0dD0h]]></document>
		<document><![CDATA[You may be convinced that pretty much anything is possible tod... More for Aries https://t.co/75QHY0dD0h]]></document>
		<document><![CDATA[Although there are chores waiting for you today, you're ready ... More for Aries https://t.co/75QHXZW28J]]></document>
		<document><![CDATA[Although there are chores waiting for you today, you're ready ... More for Aries https://t.co/75QHY0dD0h]]></document>
		<document><![CDATA[Although there are chores waiting for you today, you're ready ... More for Aries https://t.co/75QHY0dD0h]]></document>
		<document><![CDATA[Although there are chores waiting for you today, you're ready ... More for Aries https://t.co/75QHY0dD0h]]></document>
		<document><![CDATA[You may have worked yourself into a corner, believing there is... More for Aries https://t.co/75QHY0dD0h]]></document>
		<document><![CDATA[You may have worked yourself into a corner, believing there is... More for Aries https://t.co/75QHY0dD0h]]></document>
		<document><![CDATA[You are finally done running through an obstacle course and th... More for Aries https://t.co/75QHY0dD0h]]></document>
		<document><![CDATA[Thankfully, you are surrounded by positive energy today, but y... More for Aries https://t.co/75QHY0dD0h]]></document>
		<document><![CDATA[Thankfully, you are surrounded by positive energy today, but y... More for Aries https://t.co/75QHY0dD0h]]></document>
		<document><![CDATA[Although you're no stranger to impatience, your willingness to... More for Aries https://t.co/75QHY0dD0h]]></document>
		<document><![CDATA[Although you're no stranger to impatience, your willingness to... More for Aries https://t.co/75QHY0dD0h]]></document>
		<document><![CDATA[Although you're no stranger to impatience, your willingness to... More for Aries https://t.co/75QHY0dD0h]]></document>
		<document><![CDATA[Although you're no stranger to impatience, your willingness to... More for Aries https://t.co/75QHY0dD0h]]></document>
		<document><![CDATA[Although you're no stranger to impatience, your willingness to... More for Aries https://t.co/75QHY0dD0h]]></document>
		<document><![CDATA[You are about to embark on a great spiritual quest that will c... More for Aries https://t.co/75QHY0dD0h]]></document>
		<document><![CDATA[You are about to embark on a great spiritual quest that will c... More for Aries https://t.co/75QHY0dD0h]]></document>
		<document><![CDATA[You are about to embark on a great spiritual quest that will c... More for Aries https://t.co/75QHY0dD0h]]></document>
		<document><![CDATA[You've probably worked hard enough over the past few days to d... More for Aries https://t.co/75QHY0dD0h]]></document>
		<document><![CDATA[Something is different this morning, like someone sneaked an e... More for Aries https://t.co/75QHY0dD0h]]></document>
		<document><![CDATA[Something is different this morning, like someone sneaked an e... More for Aries https://t.co/75QHY0dD0h]]></document>
		<document><![CDATA[Your thoughts turn to your career accomplishments as the year ... More for Aries https://t.co/75QHY0dD0h]]></document>
		<document><![CDATA[A spike of initiative has you on the go today as you envision ... More for Aries https://t.co/75QHY0dD0h]]></document>
		<document><![CDATA[The mood is just right for a day of celebration  whether or no... More for Aries https://t.co/75QHY0dD0h]]></document>
		<document><![CDATA[The mood is just right for a day of celebration  whether or no... More for Aries https://t.co/75QHY0dD0h]]></document>
		<document><![CDATA[With one foot in a world of righteous rules and one foot leadi... More for Aries https://t.co/75QHY0dD0h]]></document>
		<document><![CDATA[With one foot in a world of righteous rules and one foot leadi... More for Aries https://t.co/75QHY0dD0h]]></document>
		<document><![CDATA[The social dynamics could rapidly fluctuate today, leaving you... More for Aries https://t.co/75QHY0dD0h]]></document>
		<document><![CDATA[The hectic hustle of the holidays may seem extra complicated t... More for Aries https://t.co/75QHY0dD0h]]></document>
		<document><![CDATA[The hectic hustle of the holidays may seem extra complicated t... More for Aries https://t.co/75QHY0dD0h]]></document>
		<document><![CDATA[The hectic hustle of the holidays may seem extra complicated t... More for Aries https://t.co/75QHY0dD0h]]></document>
		<document><![CDATA[Your thoughts and your feelings are in decidedly opposite camp... More for Aries https://t.co/75QHY0dD0h]]></document>
		<document><![CDATA[Your thoughts and your feelings are in decidedly opposite camp... More for Aries https://t.co/75QHY0dD0h]]></document>
		<document><![CDATA[Your thoughts and your feelings are in decidedly opposite camp... More for Aries https://t.co/75QHY0dD0h]]></document>
		<document><![CDATA[Your thoughts and your feelings are in decidedly opposite camp... More for Aries https://t.co/75QHY0dD0h]]></document>
		<document><![CDATA[Someone in your group of friends or social network may catch y... More for Aries https://t.co/75QHY0dD0h]]></document>
		<document><![CDATA[You're distracted, not only by the myriad of things on your to... More for Aries https://t.co/75QHY0dD0h]]></document>
		<document><![CDATA[You're distracted, not only by the myriad of things on your to... More for Aries https://t.co/75QHY0dD0h]]></document>
		<document><![CDATA[There's no time like the present, and you're ready to kick dow... More for Aries https://t.co/75QHY0dD0h]]></document>
		<document><![CDATA[There's no time like the present, and you're ready to kick dow... More for Aries https://t.co/75QHY0dD0h]]></document>
		<document><![CDATA[There's no time like the present, and you're ready to kick dow... More for Aries https://t.co/75QHY0dD0h]]></document>
		<document><![CDATA[There's no time like the present, and you're ready to kick dow... More for Aries https://t.co/75QHY0dD0h]]></document>
		<document><![CDATA[You may be wondering if you're heading in the right direction ... More for Aries https://t.co/75QHY0dD0h]]></document>
		<document><![CDATA[The world appears foggy as you look through your subjective le... More for Aries https://t.co/75QHY0dD0h]]></document>
		<document><![CDATA[On your mark, get set, go; it's time to hit the ground running... More for Aries https://t.co/75QHY0dD0h]]></document>
		<document><![CDATA[Thankfully, any leftover contention between you and your colle... More for Aries https://t.co/75QHY0dD0h]]></document>
		<document><![CDATA[Your social interactions are infused with a strong sense of et... More for Aries https://t.co/75QHY0dD0h]]></document>
		<document><![CDATA[You know what you want, and you're willing to  work for it. Yo... More for Aries https://t.co/75QHY0dD0h]]></document>
		<document><![CDATA[Every time you turn around today, someone else wants to make p... More for Aries https://t.co/75QHY0dD0h]]></document>
		<document><![CDATA[Aiming beyond the visible horizon infuses you with hope, but i... More for Aries https://t.co/75QHY0dD0h]]></document>
		<document><![CDATA[A conscious connection between purpose and possibility makes i... More for Aries https://t.co/75QHY0dD0h]]></document>
		<document><![CDATA[Trusting your rational judgments is quite a challenge today, u... More for Aries https://t.co/75QHY0dD0h]]></document>
		<document><![CDATA[You are not listening to those people who tell you to chill ou... More for Aries https://t.co/75QHY0dD0h]]></document>
		<document><![CDATA[You're more likely projecting your fantasies onto others than ... More for Aries https://t.co/75QHY0dD0h]]></document>
		<document><![CDATA[Take a deep look at the most important relationships in your l... More for Aries https://t.co/75QHY0dD0h]]></document>
		<document><![CDATA[Deep tremors of change begin to shake in a manner that may eve... More for Aries https://t.co/75QHY0dD0h]]></document>
		<document><![CDATA[A clear purpose and a tight focus inspire you to use your inte... More for Aries https://t.co/75QHY0dD0h]]></document>
		<document><![CDATA[Although you are generally upbeat about your future today, dan... More for Aries https://t.co/75QHXZW28J]]></document>
		<document><![CDATA[You are ready and able to commit to expanding your life in new... More for Aries https://t.co/75QHY0dD0h]]></document>
		<document><![CDATA[Your confidence is your best weapon for calming any resistance... More for Aries https://t.co/75QHY0dD0h]]></document>
		<document><![CDATA[You might think you have your facts in order today, only to di... More for Aries https://t.co/75QHY0dD0h]]></document>
		<document><![CDATA[Deeply rooted passions fuel your desire to connect with someon... More for Aries https://t.co/75QHY0dD0h]]></document>
		<document><![CDATA[Putting your life into perspective is a formidable challenge n... More for Aries https://t.co/75QHXZW28J]]></document>
		<document><![CDATA[It's one thing to dream about jumping on an airplane for a qui... More for Aries https://t.co/75QHY0dD0h]]></document>
		<document><![CDATA[It's all too easy to drift off course today, favoring fantasy ... More for Aries https://t.co/75QHY0dD0h]]></document>
		<document><![CDATA[Although you might long for peace and quiet, you probably can'... More for Aries https://t.co/75QHY0dD0h]]></document>
		<document><![CDATA[Letting down your guard without thinking about the possible co... More for Aries https://t.co/75QHY0dD0h]]></document>
		<document><![CDATA[Expressing your feelings is unavoidable now as your version of... More for Aries https://t.co/75QHY0dD0h]]></document>
		<document><![CDATA[Adrenaline surges throughout your body today as you receive an... More for Aries https://t.co/75QHY0dD0h]]></document>
		<document><![CDATA[You might not be happy about the intensity of your current fee... More for Aries https://t.co/75QHY0dD0h]]></document>
		<document><![CDATA[You are boarding a fast train to the future only to discover t... More for Aries https://t.co/75QHY0dD0h]]></document>
		<document><![CDATA[Wrapping your mind around another strange twist of fate seems ... More for Aries https://t.co/75QHY0dD0h]]></document>
		<document><![CDATA[You may be grinning from ear to ear today, even if you don't k... More for Aries https://t.co/75QHY0dD0h]]></document>
		<document><![CDATA[You have a choice to make every time you open your mouth today... More for Aries https://t.co/75QHY0dD0h]]></document>
		<document><![CDATA[Exploring new territory with a friend or lover can be invigora... More for Aries https://t.co/75QHY0dD0h]]></document>
		<document><![CDATA[The pressure is turned up several notches because you want to ... More for Aries https://t.co/75QHY0dD0h]]></document>
		<document><![CDATA[You are off and running again without much to impede your prog... More for Aries https://t.co/75QHY0dD0h]]></document>
		<document><![CDATA[Although the central plot of your story may be unfolding as ex... More for Aries https://t.co/75QHY0dD0h]]></document>
		<document><![CDATA[You're back in your own element today, but your enthusiasm cou... More for Aries https://t.co/75QHY0dD0h]]></document>
		<document><![CDATA[You can conjure up a fantastic future by using creative visual... More for Aries https://t.co/75QHY0dD0h]]></document>
		<document><![CDATA[You are hitting the restart button today to align an intimate ... More for Aries https://t.co/75QHY0dD0h]]></document>
		<document><![CDATA[Although you're known for initiating action without a lot of f... More for Aries https://t.co/75QHY0dD0h]]></document>
		<document><![CDATA[The energetic imbalances of the day have your name written all... More for Aries https://t.co/75QHY0dD0h]]></document>
		<document><![CDATA[You are tired of all the personal and political unrest and may... More for Aries https://t.co/75QHY0dD0h]]></document>
		<document><![CDATA[Although responsibilities continue to pile up at work today, y... More for Aries https://t.co/75QHY0dD0h]]></document>
		<document><![CDATA[There's an amazing array of possibilities right at your feet, ... More for Aries https://t.co/75QHY0dD0h]]></document>
		<document><![CDATA[If you've been playing the waiting game in the emotional arena... More for Aries https://t.co/75QHY0dD0h]]></document>
	</documents>
</author>