<author lang="en">
	<documents>
		<document><![CDATA[@Darlo84 He will hit 30 goals this year]]></document>
		<document><![CDATA[@Darlo84 He was crap against them 15 years ago!!!!! LEGEND.]]></document>
		<document><![CDATA[@Condron2000 Move on. Have a pint.]]></document>
		<document><![CDATA[@Condron2000 you sound like Jose mourinho]]></document>
		<document><![CDATA[@Condron2000 That's nothing to do with Leeds being awful in 2nd half.]]></document>
		<document><![CDATA[@Condron2000 A shot on target would have been nice.]]></document>
		<document><![CDATA[@ballsdotie Outrageous shot.]]></document>
		<document><![CDATA[@dbhoy32 Enda will sort him out when he goes over for paddy's day.]]></document>
		<document><![CDATA[@dbhoy32 She would let trump grab her pussy. Crawling cunt.]]></document>
		<document><![CDATA[Very well said young man. https://t.co/s9Rwc8gdg6]]></document>
		<document><![CDATA[Rod Stewart doing the Scottish cup draw.😂😂😂]]></document>
		<document><![CDATA[@ringsendrover . Just watched gervonta Davis for the first time. WOW.]]></document>
		<document><![CDATA[@PhilHayYEP for his right leg.]]></document>
		<document><![CDATA[@neilashton_ in charge of championship play-off final]]></document>
		<document><![CDATA[Could have a falling out with the neighbours. https://t.co/Inxsxow1vY]]></document>
		<document><![CDATA[@rovershoopDOC @17Leagues24cups Great to see him back in tallaght. Serious statement by the new backers.]]></document>
		<document><![CDATA[@Condron2000 Great performance considering the players were missing.]]></document>
		<document><![CDATA[@Condron2000 You can have a drink tonight. Huge win.]]></document>
		<document><![CDATA[@Darlo84 Should get a lengthy ban for that.]]></document>
		<document><![CDATA[@jimmyedwards41 Check out the new stones album. Back to their very best.]]></document>
		<document><![CDATA[Big money going into Irish league grounds. https://t.co/hV1zdfm76B]]></document>
		<document><![CDATA[Millwall start them young. https://t.co/jRts9DefRt]]></document>
		<document><![CDATA[Well worth a watch. Not for the faint hearted. https://t.co/St47FfOdua]]></document>
		<document><![CDATA[@carr_richie Are you not watching the Leeds game.]]></document>
		<document><![CDATA[@Condron2000 @D4Rover What game were u watching.]]></document>
		<document><![CDATA[@Condron2000 @D4Rover we are living off scraps.]]></document>
		<document><![CDATA[@Condron2000 @D4Rover we are getting outclassed Sean.  Newcastle to good.]]></document>
		<document><![CDATA[@Condron2000 Who did devine play for?]]></document>
		<document><![CDATA[@rovershoopDOC @17Leagues24cups He will fold when the fans turn on him.]]></document>
		<document><![CDATA[@rovershoopDOC @17Leagues24cups Are you getting a season ticket doc.]]></document>
		<document><![CDATA[@CiaranStaff95 There's ur answer.]]></document>
		<document><![CDATA[@cooper_m And Leeds in the top 6. What a day.]]></document>
		<document><![CDATA[@pajoflynn @wordpressdotcom Brought a tear to the eye reading that. Thanks for giving rovers everything pat, good luck in retirement.]]></document>
		<document><![CDATA[The good old days. https://t.co/Mjo3gE2jzD]]></document>
		<document><![CDATA[@carr_richie @TXFMDublin roll on Christmas FM.😂😂]]></document>
		<document><![CDATA[@paddypower would rather see his girlfriend.]]></document>
		<document><![CDATA[@dbhoy32 leave the cunt there.]]></document>
		<document><![CDATA[@Condron2000 Going nowhere until that nutcase goes.]]></document>
		<document><![CDATA[@Davidsmyth20 You would have been a Leeds fans.]]></document>
		<document><![CDATA[@CiaranStaff95 @Condron2000 what score was it.]]></document>
		<document><![CDATA[@Davidsmyth20 Fucking depressing station.]]></document>
		<document><![CDATA[@CiaranStaff95 The experienced players let us down tonight. Never mind the young lads.]]></document>
		<document><![CDATA[@ringsendrover 
What was Scott Brown on tonight? Great effort by celtic]]></document>
		<document><![CDATA[@ringsendrover what a goal.]]></document>
		<document><![CDATA[@dbhoy32 @Darlo84 The cunt will bag a hat- trick next week.]]></document>
		<document><![CDATA[@Darlo84 completed 94 passes in 90 min, crazy gang football.]]></document>
		<document><![CDATA[@Darlo84 He's a Fucking dinosaur.]]></document>
		<document><![CDATA[@SkySportsNewsHQ Another tattoo so.]]></document>
		<document><![CDATA[@Davidsmyth20 You should have stayed in Athlone longer.😃]]></document>
		<document><![CDATA[@CiaranStaff95 last thing leeds needed was another average midfielder]]></document>
		<document><![CDATA[@Davidsmyth20 He has a very young family, that's why he stayed in England.]]></document>
		<document><![CDATA[@Davidsmyth20 l think he has it, but needs to play 30+ games this season.]]></document>
		<document><![CDATA[@Davidsmyth20 Nobody has seen him play enough games to see what he can do.]]></document>
		<document><![CDATA[@PhilHayYEP Has he got money to spend?]]></document>
		<document><![CDATA[@Condron2000 Jesus this is too much, a positive Sean condron. Are u ok.]]></document>
		<document><![CDATA[@CiaranStaff95 I know how you feel. Waves crashing on to the beach woke me up.]]></document>
		<document><![CDATA[@ringsendrover Some very tempting trips for u.]]></document>
		<document><![CDATA[Watching people running on hot sand and screaming like a bitch is hilarious.]]></document>
		<document><![CDATA[@Condron2000 Happy on twitter at last. Is this the new Seán condron.]]></document>
		<document><![CDATA[@D4Rover @Condron2000 That's what we're looking at.]]></document>
		<document><![CDATA[@dbhoy32 Yes. His face is in bits by all accounts.]]></document>
		<document><![CDATA[@dbhoy32 Now they are saying he will decide in the morning to fight or not.]]></document>
		<document><![CDATA[@dbhoy32 The Russian who conlon battered is out off the semi-final. Took too much punishment. Unbelievable.]]></document>
		<document><![CDATA[@dbhoy32 The Russian looked embarrassed by the decision.]]></document>
		<document><![CDATA[@Team_Jackal Shocking to put it mildly.]]></document>
		<document><![CDATA[@Condron2000 £1000 for a season ticket to watch a poor team. They can boo all they want.]]></document>
		<document><![CDATA[@CiaranStaff95 Took Liverpool 45 min to realise it's a poor arsenal team.]]></document>
		<document><![CDATA[@CiaranStaff95 Leeds have a good young left back who wants out.]]></document>
		<document><![CDATA[@CiaranStaff95 Pool to win 3-1]]></document>
		<document><![CDATA[@CiaranStaff95 The hole team looks very average.]]></document>
		<document><![CDATA[Unreal game of hurling.]]></document>
		<document><![CDATA[2 cork lads giving it all for their country. Unlike 2 other cork cunts.]]></document>
		<document><![CDATA[@CiaranStaff95 give them to ur mother.]]></document>
		<document><![CDATA[@TTsrfc @17Leagues24cups @davidmalone310 they will need to upgrade oriel. Should cost a few million.]]></document>
		<document><![CDATA[How much will it cost to upgrade oriel park.]]></document>
		<document><![CDATA[@Ui_Maine @FM_Ireland was he at the game tonight?]]></document>
		<document><![CDATA[@Condron2000 @johnbarry1937 West brom with a sell on clause.]]></document>
		<document><![CDATA[@Condron2000 One good season in the championship and u thing he should sign for Liverpool or spurs. You got to much sun on holidays.]]></document>
		<document><![CDATA[@ringsendrover that's all he is Ed.]]></document>
		<document><![CDATA[@carr_richie if ur red &amp; black ur going to get a smack.]]></document>
		<document><![CDATA[Dundalk will spend that money wisely.]]></document>
		<document><![CDATA[@ShamrockRovers Is Peter Mumby the last rovers player to score hat- trick against bohs.?]]></document>
		<document><![CDATA[@kaaaaner @ShamrockRovers @LUFC Brings a tear to the eye.#quality.]]></document>
		<document><![CDATA[@DaveLUFCWatkins @ShamrockRovers Tell all Leeds fans to go that game. Stephen mc phail should be playing.]]></document>
		<document><![CDATA[@Juzmason14 Faggot getting carried off.]]></document>
		<document><![CDATA[@Condron2000 @johnbarry1937 stayed up this year despite loosing several key players to long term injuries. They will be OK this year.]]></document>
		<document><![CDATA[@Condron2000 A new low. Losing your crown jewels to Bournemouth.]]></document>
		<document><![CDATA[@sport_simon @WALMOT3 You need money for that unfortunately.]]></document>
		<document><![CDATA[@simon_orourke Cook will be playing under a good manager for the first time in his career. Can't blame him for leaving.]]></document>
		<document><![CDATA[@Davidsmyth20 He's a good looking dope.]]></document>
		<document><![CDATA[@kaaaaner look for a part time dentist]]></document>
		<document><![CDATA[@ConMurphySport @ShamrockRovers put Shane Robinson and mc phail in charge until end of season]]></document>
		<document><![CDATA[@Davidsmyth20 The funniest.]]></document>
		<document><![CDATA[Fenlon on the Rops]]></document>
		<document><![CDATA[Southampton screwing Liverpool again.]]></document>
		<document><![CDATA[@RayWhelan1 Brilliant 2nd series so far.]]></document>
		<document><![CDATA[@Davidsmyth20 I hope ur sent to the Congo for 6 months.]]></document>
		<document><![CDATA[@CiaranStaff95 @Condron2000 He got raw deal, dropped for old man shay given.]]></document>
		<document><![CDATA[@CiaranStaff95 Add Henderson to that.]]></document>
		<document><![CDATA[Pat fenlon should call it a day as a manager.]]></document>
	</documents>
</author>