<author lang="en">
	<documents>
		<document><![CDATA[@BlazingOptimist They didn't announce anything to the crowd.]]></document>
		<document><![CDATA[@BlazingOptimist Seconds after that ended, Prospect ran in, died and Drew and Joe said they'd settle it another time. Was a bit confusing.]]></document>
		<document><![CDATA[Now sorry for @BlazingOptimist who doesn't get to see Prospect try and attack Drew and Joe...  That said, when I say "TRY"...]]></document>
		<document><![CDATA[@DylanWaco I think more expected Samoa Joe.  And they got a Samoan Joe...]]></document>
		<document><![CDATA[Sad they no sold us chanting "Form A Tag Team" at Lethal and Ligero... #WCPW]]></document>
		<document><![CDATA[Because news isn't important right now. https://t.co/53tTZlDOgx]]></document>
		<document><![CDATA[@natty316 The true special little snowflakes...]]></document>
		<document><![CDATA[@BlazingOptimist The ROH Title match is what got me to buy a ticket.]]></document>
		<document><![CDATA[@Antisaint13 That's the point.  They were trying to.]]></document>
		<document><![CDATA[@Antisaint13 Yes, the WH then went back and forth and it may be they get in now, but not from the beginning.]]></document>
		<document><![CDATA[@Antisaint13 They WERE told to sign form that gave up those cards without legal advicw first.]]></document>
		<document><![CDATA[@Antisaint13 Doesn't matter what Kerry said. Homeland Security sais they were included when it started.  Holders WERE turned away.]]></document>
		<document><![CDATA[@Antisaint13 Only NOW (Well, yesterday) but to say they were always OK is nonsense. https://t.co/Lg6KNpNkZ2]]></document>
		<document><![CDATA[I may have eaten too many sweets...]]></document>
		<document><![CDATA[Heartbreaking. https://t.co/s1jvh1eaLT]]></document>
		<document><![CDATA[@Antisaint13 The WH even said they were banned. Holders were pressured into giving them up. Only getting now thanks to a judge.]]></document>
		<document><![CDATA[I would like it noted that I have always been in love with Winona Ryder...]]></document>
		<document><![CDATA[@BlazingOptimist Hate to be "That guy", but as Lawler would say, I hate to see her go, but I love to see her leave... #NiceBum]]></document>
		<document><![CDATA[@NYcheesy Probably not.  Hard to get 25 new guys to blend with the guys there already.]]></document>
		<document><![CDATA[@wordsbig80s Not a huge fan of his work, but he couldn't have been nicer to anyone who approached him last night.]]></document>
		<document><![CDATA[@ssoopphhzz I'm excited to see if we beat Italy this year... It's a 50/50...]]></document>
		<document><![CDATA[@Antisaint13 Only it wasn't. Iraqis were able to enter as long as they had full visas. Not banned outright no matter what.]]></document>
		<document><![CDATA[Was at the show last night, but more than happy to watch #WCPW Loaded again!]]></document>
		<document><![CDATA[2 reasons to love @joeshendry today.  His match w/ @GallowaySpeaks on #WCPW Loaded, which was great &amp; this video. https://t.co/p4ZCdUisAe]]></document>
		<document><![CDATA[I liked a @YouTube video from @wculturegaming https://t.co/Iya7TJ6M7S 10 Most Mind Blowing Minecraft Builds]]></document>
		<document><![CDATA[https://t.co/dBWOwXBBfi Greatest video @WhatCulturePW has ever done.]]></document>
		<document><![CDATA[I liked a @YouTube video from @whatculturewwe https://t.co/OjLWPpZtKJ Royal Rumble 2017: What Just Happened!?]]></document>
		<document><![CDATA[@topclasskennedy @Kid_Fite @LouKingSharpPBW @WhatCulturePW They were hilarious.]]></document>
		<document><![CDATA[@Oatgan @SoDuTw Reverse psychology. They had you waiting for Seth to appear. And that got you, in theory, excited/intrigued.]]></document>
		<document><![CDATA[@TheGreenyTea As of current plans anyway.]]></document>
		<document><![CDATA[@TheGreenyTea It's just that these same people are online lookjng for news and should know that it's Orton vs. Wyatt.]]></document>
		<document><![CDATA[@TheGreenyTea Yeah, because complaining about something you don't have all the information for is a smart persons move.]]></document>
		<document><![CDATA[ROFLing at the bitching abput Cena vs. Orton...  There's Elimination Chamber to come...]]></document>
		<document><![CDATA[@DAsharpshooters Psst...Elimination Chamber...]]></document>
		<document><![CDATA[@jumbletv They've done this bpoking, like 4 times in the last 7/8 years.  Way overdone.]]></document>
		<document><![CDATA[Jericho is staying outside until the end, isn't he?]]></document>
		<document><![CDATA[CORBIN YA BEAUTY!!!! MY BOY!!!]]></document>
		<document><![CDATA[In my booking, I had Ellsworth going one on one with Braun!!!]]></document>
		<document><![CDATA[In my FB Fantasy booking, I had Braun clear the ring, Sami come out and hold on then Big Show...]]></document>
		<document><![CDATA[@DAsharpshooters I had Cass at 1 and Big E at 2, so New Day could promo and play on Cass and E being big.]]></document>
		<document><![CDATA[If you have me on Facebook, I called Big Cass as Number 1!!!  I had Big E as No. 2... Only time you can do promos! #RoyalRumble]]></document>
		<document><![CDATA[Did WWE just use anniversary correctly?!?!? SHOW OF THE YEAR! #RoyalRumble]]></document>
		<document><![CDATA[@natty316 Damn, must do one for my office next year...]]></document>
		<document><![CDATA[@natty316 Why those?]]></document>
		<document><![CDATA[@WWECreative_ish He's entered from commentary at least twice..]]></document>
		<document><![CDATA[I watched Omega vs. Okada.  Styles vs. Cena was Match Of The Year.]]></document>
		<document><![CDATA[Match Of The Year.]]></document>
		<document><![CDATA[Given the number of announcers, they should have their own Rumble match... #RoyalRumble]]></document>
		<document><![CDATA[Well, if I sleep, I sleep.  Wasn't supposed to be 9-5 tomorrow, but I have to be. Will see the Rumble ASAP after.]]></document>
		<document><![CDATA[@natty316 It really, really does...]]></document>
		<document><![CDATA[Wow.  The one place you wouldn't expect... https://t.co/Py6QOJTQ6e]]></document>
		<document><![CDATA[@natty316 Me too.  I want some of that KFC we will never get...]]></document>
		<document><![CDATA[Only way Sami's no. reveal could've been better was for Dean to say 10, piss off the Tye fans, and then note it was upside down &amp; was 01.]]></document>
		<document><![CDATA[Dean Ambrose with the greatest line reading in WWE history... #RoyalRumble]]></document>
		<document><![CDATA[@DAsharpshooters In what way???]]></document>
		<document><![CDATA[@NinjaPotts I didn't know he had.  I read up on, but barely watch RAW theae days.]]></document>
		<document><![CDATA[A Smackdown guys just won the Rpyal Rumble.  The RAW scene is totally storyline driven.  Doesn't need the winner. #RoyalRumble]]></document>
		<document><![CDATA[More free time to not have to put up with idiots? https://t.co/mOXHAb857Y]]></document>
		<document><![CDATA[Charlotte wins. So it's a happy wank tonight.]]></document>
		<document><![CDATA[Getting a fair ampunt of buffering on the Network, which almost NEVER happens...]]></document>
		<document><![CDATA[@DAsharpshooters High on crack?]]></document>
		<document><![CDATA[It's been well over 2 minutes.  When it someine gonna join Charlotte &amp; Bayley in the ring???]]></document>
		<document><![CDATA[@NathanCaton No wall beside the Spanish announcers...]]></document>
		<document><![CDATA[@WWECreative_ish Come to think of it, Elimination Chamber is gonna be REAL awkward for them...]]></document>
		<document><![CDATA[@DAsharpshooters You are gonna be an empty shell in a few hours...]]></document>
		<document><![CDATA[@DAsharpshooters Do you have money on it?]]></document>
		<document><![CDATA[@AdamTheBlampied I smell an Edinburgh show in this...  Pleasance Upstairs 19:40]]></document>
		<document><![CDATA[So, Seth is showing up tonight...This isn't a Trump ban... #RoyalRumble]]></document>
		<document><![CDATA[Outaide of Mnaia, no preshow shpuld be 2 hours.  It's been a chore. #RoyalRumble]]></document>
		<document><![CDATA[Woth the length of the ramp, I'm betting someone doesn't make it to the ring before the next person is out at aome point... #RoyalRumble]]></document>
		<document><![CDATA[THE GOOD BROTHERS WIN!!!]]></document>
		<document><![CDATA[@cherryb1ade In the US, there wpuld have been one mpre set of adverts right before the final scene.]]></document>
		<document><![CDATA[@AdamTheBlampied It was an excellent show, sir!]]></document>
		<document><![CDATA[And clearly proud they finagled their #MuslimBan https://t.co/3Tvz6gb9SK]]></document>
		<document><![CDATA[I spy with my little eye, my boy @TopClassKennedy wondering how that plan went tits up... #WCPW https://t.co/kEsAWgGWh1]]></document>
		<document><![CDATA[GREAT AND FUN SHOW THUS FAR!]]></document>
		<document><![CDATA[@BlazingOptimist Just for you... https://t.co/GE4FC42QeU]]></document>
		<document><![CDATA[GREAT match between @Joe_Coffey and @MooseNation69 #WCPW]]></document>
		<document><![CDATA[#WCPW @Matt_Striker_ spending the whole break with a guy in a wheelchair.  Kudos to the guy!]]></document>
		<document><![CDATA[Prince Ameen beat Doug Williams and Moss &amp; Slater beat Kid Fite and Lou King Sharp in bonus matches. #WCPW]]></document>
		<document><![CDATA[@NME That's not the full speech.]]></document>
		<document><![CDATA[Won't be too many live pics from #WCPW  frome me as I'll be using my unconnected phone for them.]]></document>
		<document><![CDATA[Here for #WCPW Loaded with @TheLethalJay and @Matt_Striker_ at the gimmick table! Welcome to Edinburgh, sirs! https://t.co/ktqo6OCTaz]]></document>
		<document><![CDATA[Note to self.  Wear the non breathable fabric shoes to prevent frostbite...]]></document>
		<document><![CDATA[Kids beside me in the #WCPW queue reminiscing about getting the free WWE POVs...on Sky Sports.  I REMEMBER CHANNEL 4 YOU LITTLE FUCKS!]]></document>
		<document><![CDATA[@timomouse While I don't necessarily disagree, he would just drive past the crowds and sell it as us coming out to see his greatness.]]></document>
		<document><![CDATA[@wordsbig80s Nah, it was a replay of the last Bellator show.]]></document>
		<document><![CDATA[@wordsbig80s Only this time, they were cut off halfway through on live TV because they ran out of time...]]></document>
		<document><![CDATA[@ssoopphhzz I have a food blender. Is that the same thing???]]></document>
		<document><![CDATA[I liked a @YouTube video from @wweonyoutube https://t.co/8d0Sb9S3iO Corey Graves stepping down as NXT announcer: NXT TakeOver: San]]></document>
		<document><![CDATA[@BoyfromAlabama @LanceStorm I recall seeing a Goon match where he body checked a guy out the ring and won by countout on Vintage Collection.]]></document>
		<document><![CDATA[SETH!!!;]]></document>
		<document><![CDATA[Well, I loved that match. #NXTTakeOver  #AOP #DIY]]></document>
		<document><![CDATA[@LanceStorm Wasn't that The Goon's finisher?]]></document>
		<document><![CDATA[Why is Ember Moon buffering?  She does just suddenly stop talking...#NXTTakeOver]]></document>
		<document><![CDATA[Has this pre-show been pre-taped?  Seeing Tyler Bate coming out a few minutes ago and there is nothing on screen. #NXTTakeOver]]></document>
		<document><![CDATA[Hearing that @WolfgangYoung worked a dark match in San Antonio.  Good for him! #NXTTakeOver]]></document>
		<document><![CDATA[Did the crowd just chant "We are boring"??? #NXTTakeOver]]></document>
		<document><![CDATA[@ssoopphhzz That'll be because it's true... lol]]></document>
		<document><![CDATA[Coming from an evil cunt who shot his friend in the face. https://t.co/os7jXpdFSM]]></document>
	</documents>
</author>