<author lang="en">
	<documents>
		<document><![CDATA[thank-u 2the reps(yes plural)fr @HardingU that reached out this week in advance of my trip 4 BisonDays, great people I cant w8 2 mt. excited]]></document>
		<document><![CDATA[@aubrey_huff @aubrey_huff there are actually more protests scheduled for 12pm today smack in middle of the work day, so it was valid concern]]></document>
		<document><![CDATA[@addisonirwin_ anyone who was a decent individual+even reasonably educated wouldn't bring health issues into political discourse. despicable]]></document>
		<document><![CDATA[@addisonirwin_ don't waste your time honestly you have nothing to gain from arguing with someone like that]]></document>
		<document><![CDATA[@BronxBomberBlog Braves and White Sox actually do.]]></document>
		<document><![CDATA[@BMOREcenter @__yankeereport how'd that work out]]></document>
		<document><![CDATA[#Top100Prospects the show is terrific but my favorite part is that "Hometown" song in the background holy smokes is that a good country song]]></document>
		<document><![CDATA[well we both underrated Frazier @NYYGOAT]]></document>
		<document><![CDATA[@jimcallisMLB Torres or Benintendi .....I'm torn]]></document>
		<document><![CDATA[Congratulations to @BlakeRuth2  on the No 37 slot for MLB #Top100Prospects ..... he has Yankees fans excited everywhere]]></document>
		<document><![CDATA[@bensousa48 I like it . what do you think?]]></document>
		<document><![CDATA[Would love to see #Yankees SS Gleyber Torres as top #MLBPipeline prospect but Id predict he gets No2 slot, btwn AB@1&amp;YM@3 just bc of MLB exp]]></document>
		<document><![CDATA[And the people who judge them based on appearance and then lecture the rest of us on how to respect all people are damn hypocrites. Period.]]></document>
		<document><![CDATA[If you look at a white guy kissing a white woman who is standing on his own two feet, that doesn't mean he doesn't have something to deal w/]]></document>
		<document><![CDATA[Newsflash. It's not just race/gender/SO that people get discriminated against. Mental disab, phys disab, learning disab, speech imped, etc.]]></document>
		<document><![CDATA[@HeatForLife713 and why]]></document>
		<document><![CDATA[@GraysonJAllen tell your long lost father I hope he runs for president in 2024]]></document>
		<document><![CDATA[@evapple13 Probably because you took French for seven years]]></document>
		<document><![CDATA[@evapple13 best part about that is the option to Translate from French]]></document>
		<document><![CDATA[8 tweets from the @POTUS today on his @RealDonaldTrump account — looks like thats the one he will be using for next 8 yrs! #LetThereBeTweets]]></document>
		<document><![CDATA[@Bumblefoot1 @GordonEdes is what possible?]]></document>
		<document><![CDATA[@GordonEdes unfortunately DR reporting has proven far more loose and less refined than here]]></document>
		<document><![CDATA[Cant ever take tomorrow, even tonight, granted........ never know what will come your way. Crying as I read  confirmation of Ventura's death]]></document>
		<document><![CDATA[@moneymatt1234 that's just sick...]]></document>
		<document><![CDATA[RIP @YordanoVentura vaya con Dios con Andy Marte, Jose Fernandez, Oscar Taveras, Tommy Hanson...just some of MLB youth taken far too soon :(]]></document>
		<document><![CDATA[@indybbt is this directed at me by any chance?]]></document>
		<document><![CDATA[was @ the draft the day Cleveland selected @JManziel2 ... was a big fan of his and now rootin harder thn evr 4 him to make a #JohnnyComeback]]></document>
		<document><![CDATA[@POTUS Let there be tweets]]></document>
		<document><![CDATA[I'm extremely thankful that we are less than 18 hours from the Trump inauguration, and I want to thank President Obama for his time as POTUS]]></document>
		<document><![CDATA[Has anyone really been far as decided to use even go want to do look more like?]]></document>
		<document><![CDATA[@Morning_Joe it actually not a "must read". If the Bible/other holy prints are not considered "must-read", then neither should 1 MSM article]]></document>
		<document><![CDATA[Making some chalk let's ship kookies. Don't slap the wheat ! @JoeSantagato]]></document>
		<document><![CDATA[Making some chalk let's ship kookies. Don't slap the wheat !]]></document>
		<document><![CDATA[Today, let us agree to shelf politics, differences in race, religion, gender, and join together to remember one of the great men in history.]]></document>
		<document><![CDATA[@bensousa48 someone forgetting about the Wentz trade?]]></document>
		<document><![CDATA[@thEMANacho I'm grateful you were in Philly the year we were at camp!! Awesome experience]]></document>
		<document><![CDATA[The number of parodies people have come up with for Bon Appetit is unfreakingbelievable]]></document>
		<document><![CDATA[@addisonirwin_ nah I don't take it that way at all 💪🏼 Hope all's well! Miss you on the course...in this weather I miss the course in general]]></document>
		<document><![CDATA[@addisonirwin_ don't worry bro not all of us DJT supporters are uneducated 👊🏻]]></document>
		<document><![CDATA[Like it or not - &amp; would have been same if HRC elected - rooting 4 DJT 2fail as president is like rooting 4the ship that we ALL r on 2sink!!]]></document>
		<document><![CDATA[@MLBNetwork @MrBrianKenny @mikelowell25 @MLB #top10rightnow Josh Donaldson now, in 5 years likely will be KB]]></document>
		<document><![CDATA[@Jim_Duquette isnt he your cousin?]]></document>
		<document><![CDATA[Bone dance the sea
Bone dance with me
Bone apple tea
Bone app the teeth

@JoeSantagato 
#BonAppetit]]></document>
		<document><![CDATA[Goodnight, puny humans.]]></document>
		<document><![CDATA[@YahooFinance ... You're Fired.]]></document>
		<document><![CDATA[Context goes a long way to helping those out of the know understand what the flick you're talking about
😂]]></document>
		<document><![CDATA[@maggiekravchuk one of the more confusing things to come across my timeline since the calendar flipped]]></document>
		<document><![CDATA[@BravesBama16 what numbers should I play on lotto this weekend?]]></document>
		<document><![CDATA[@dariusrucker favorite pastime when you aren't writing music?]]></document>
		<document><![CDATA[@EllisRickey I listen to Cash+Sinatra on a record player, hav used a working rotary phone+floppies. May b only 16yo in ROC that can say that]]></document>
		<document><![CDATA[NBC=Nothin But Clinton
ABC=All Bout Clinton
CBS=Clinton Broadcast Service
MSNBC=Must Sell Nuttin But Clinton
CNN=Clinton News Network

#MAGA]]></document>
		<document><![CDATA[@_Philly_Talk do you have multiple sources on this story?]]></document>
		<document><![CDATA[@HeatForLife713 my bad I thought you were saying both]]></document>
		<document><![CDATA[@HeatForLife713 since when did "rebuild" mean bring back all the injured  30+ year old veterans we got rid of 2 years ago]]></document>
		<document><![CDATA[@RoobCSN bills are closest team to me and are the only team in the Big 4 of pro sports to not have a playoff birth in my lifetime]]></document>
		<document><![CDATA[@matt_talbot99 @_Philly_Talk what database did you use i wanna try that]]></document>
		<document><![CDATA[@mcg222 i heard same thing. Jets, Ravens etc like him as OC candidate. I'm afraid that'd really leave a mark on Wentz and his development]]></document>
		<document><![CDATA[This is similar to what @JonNickMatt tells me all the time... potential only means you haven't done ---- yet!! Gott… https://t.co/rU9nZcGH6Q]]></document>
		<document><![CDATA[@buffalobills that says far more about bills QBs the last 10 years than anything about Tywrong Taylor]]></document>
		<document><![CDATA[if #Eagles lose any assistants I think they can stand to move on from DC Jim Schwartz. They are screwed bigly if they lose Reich/ DeFillippo]]></document>
		<document><![CDATA["Yeah I toasted you, said 'Honey, we may be through, but you'll never hear me complain!' 'Cause I got friends in low places..."-Garth Brooks]]></document>
		<document><![CDATA[@addisonirwin_ How are you doing?]]></document>
		<document><![CDATA[@addisonirwin_ Eagles beat Dallas and Chip Kelly fired. Good start to 2017 on the sports side.]]></document>
		<document><![CDATA[@addisonirwin_ Happy New Year bro!!]]></document>
		<document><![CDATA[@RipleyMatthews perhaps, but that's kind of open ended]]></document>
		<document><![CDATA[@espn hes a free agent so maybe he means his next team]]></document>
		<document><![CDATA[@HeatForLife713 think they have three 4thrdrs among 9 picks in 2018 can also use them as ammo to move up for a Fournette/Dalvin etc etc]]></document>
		<document><![CDATA[@HeatForLife713 eagles traded their draft pick in 3 of the last 4 drafts during which Roseman was in charge]]></document>
		<document><![CDATA[@jtuck151 we have Minnesota's pick from Bradford deal bud cleve has ours]]></document>
		<document><![CDATA[@JoshNorris I've never heard that about Bridgewater. I think he and Wentz are in the same boat.]]></document>
		<document><![CDATA[@TomPelissero de Fillippo is PHI QB coach I think Reich is OC]]></document>
		<document><![CDATA[@dwaininsane how is saying "nobody owes me anything" selfish?]]></document>
		<document><![CDATA[@EllisRickey #asktheexpert.   Happy New Year Rickey]]></document>
		<document><![CDATA[If the Browns dont re-sign at LEAST Pryor... wow]]></document>
		<document><![CDATA[@Arenado4MVP @ESPNNFL not official yet]]></document>
		<document><![CDATA[@ESPNNFL bet there are 10 by tomorrow night]]></document>
		<document><![CDATA[@thephillyvoice @smashmouth hey now, youre not our coach, get your bags packed, go away, hey now, take Kap too, and off with the both of you]]></document>
		<document><![CDATA[@EliotShorrParks if he goes 13-3 next year]]></document>
		<document><![CDATA[@Marissafrenett THANK YOU holy sh-- was she a mess]]></document>
		<document><![CDATA[Both are easy for me. 

Best: NSLC in Fordham. Second would be Trump election. 

Worst: Losing my grandfather with… https://t.co/Dzr8io7ZOa]]></document>
		<document><![CDATA[because they supported Donald Trump, an imperfect candidate, over Hillary Clinton, an imperfect candidate.]]></document>
		<document><![CDATA[S/o to my close friends whose terrific characters, genuine personalities, and respect for their peers is now overridden in the eyes of some,]]></document>
		<document><![CDATA[Dr MLKJr once spoke of an America where people are judged first on content of their character. This has been too forgotten in our society :(]]></document>
		<document><![CDATA[@Grace45032701 their song One was deleted off my playlist and that was my favorite by them]]></document>
		<document><![CDATA[I'm retweeting this NOT because I agree with it quite the contrary, bc I find it in such poor taste that We now pol… https://t.co/0kRQwY9l6P]]></document>
		<document><![CDATA[@NFLonCBS and this means what exactly]]></document>
		<document><![CDATA[@JonHeyman what about Quintana without DRob?]]></document>
		<document><![CDATA[@ellismitchell18 @BNightengale he said there weren't active Quintana to NYY discussions that included Robertson. Didn't rebuff Q-NYY talks]]></document>
		<document><![CDATA[@Joelsherman1 was he right about them being co-frontrunners for Quintana alone?]]></document>
		<document><![CDATA[And that's why I will never root for the #Bills]]></document>
		<document><![CDATA[Can't believe we have just 5 days left of 2016... here's wishing y'all a happy, healthy, fun-filled, productive 2017!!! God Bless You All ✌🏼]]></document>
		<document><![CDATA[@ScottPetrak maybe that was part of plan? lock up No1 pick?]]></document>
		<document><![CDATA[@MLBMayhem A track of "Keep Doin What You're Doin" by Anita Wilson for the #Yankees.]]></document>
		<document><![CDATA[@Yankees__Nation literally just said this to someone on Instagram]]></document>
		<document><![CDATA[@repubmillennial put Elizabeth Warren on the left side]]></document>
		<document><![CDATA[Mr. @JackCurryYES , have you heard anything on these 3tm McCutchen to NYY rumors? Thank you and Merry Christmas to you and yours]]></document>
		<document><![CDATA[@MLBNetwork he doesn't have a job right now but the Parrot whisperer himself has to be my pick on body of work consistency et #Top10RightNow]]></document>
		<document><![CDATA[I feel like the Marlins are going to be the team that offers too much $$$ Incarnation and on a whim he will take it and regret it big league]]></document>
		<document><![CDATA[@mlbnetwork #asktheexperts which of the NYY prospects are you most excited to see break into the Show, and why do you choose that player? Tx]]></document>
		<document><![CDATA[@JonathanMayo @MLBPipeline could any of the toptier prospects in NYY stacked farm be cogs in 2017?]]></document>
	</documents>
</author>