<author lang="en">
	<documents>
		<document><![CDATA[@tonnasellscars @NFLNCAABarbie @starfirst @AddInfoOrg Fucking bullshit, stupid, go back to Alex Jonestown.]]></document>
		<document><![CDATA[@2h_2n @cateia97 @RoguePOTUSStaff Called circumstances of Putin call accurately, SCOTUS options nailed. Real people have real quirks.]]></document>
		<document><![CDATA[@2h_2n @cateia97 @RoguePOTUSStaff I was unable to pull a thread on that tweet.]]></document>
		<document><![CDATA[Bloody nerve!  the Muslims were victims of right wing terrorist activity. Murders egged on by Trump. Guilty of inci… https://t.co/iPRH10MOAO]]></document>
		<document><![CDATA[Shame.  How fucking disconnected from the people can you be? https://t.co/YBTYobbsnJ]]></document>
		<document><![CDATA[The funny thing is that Cheeto thinks he's punishing @CNN, he's actually pushing them to do better real news. https://t.co/0Z8zz7a9iH]]></document>
		<document><![CDATA[Haha, I was refusing to watch @CNN because I didn't want to see them roll over for @KellyannePolls horrible, lying… https://t.co/lr6lWhSPUf]]></document>
		<document><![CDATA[@RoguePOTUSStaff @EdDueno64 Best place to release is here.  Other connections come with increased risk.]]></document>
		<document><![CDATA[@2h_2n @cateia97 @RoguePOTUSStaff I've been watching that account.  I could be wrong, but I don't think it is fake.]]></document>
		<document><![CDATA[Google Inslaw PROMIS (think PRISM).  The Russians got it, Pitts and Aimes, Hansen.  Back doors into the darkest pla… https://t.co/j0EVxYB3ns]]></document>
		<document><![CDATA[Protect the Water Protectors!  #TheResistance https://t.co/XkGnkr6Cph]]></document>
		<document><![CDATA[NO NO NO!!  Don't be stupid, there is a revolution going on.  The people will take back every acre!  #TheResistance… https://t.co/6SRMtjuA2F]]></document>
		<document><![CDATA[There will be no rest for the wicked as the people rise to the occasion.  #StillMarching #TheResistance https://t.co/40v9frqz0t]]></document>
		<document><![CDATA["We have a bill" YES!  Take them on! https://t.co/XiLeOozYd4]]></document>
		<document><![CDATA[New SCOTUS nomination candidate, Neil Gorsuch.  Careful you aren't repeating names unless others inside know too. I… https://t.co/u87onJ5yFu]]></document>
		<document><![CDATA[Cheeto wants to be famous.  History will remember him as the biggest human failure ever. Be careful what you wish f… https://t.co/bIIKFfXa9I]]></document>
		<document><![CDATA[This is what we want to hear!  #Rise You are part of #TheResistance https://t.co/7ZexWMIwGK]]></document>
		<document><![CDATA[You'll have to direct that question to Putin https://t.co/D0ytNwFsJh]]></document>
		<document><![CDATA[Breaking news, DT is an asshole!  For the handful who are surprised, you've been sleeping. https://t.co/lSKs6QnAHQ]]></document>
		<document><![CDATA[Show Trump, half an onion can get more followers than him. 759K so far https://t.co/oiGT5SpBHZ]]></document>
		<document><![CDATA[@J25657843J @mjlaburt Damn red herring forever.  Will hear still reported about it in the 2020 WH Kremlin Times if we don't #Impeach]]></document>
		<document><![CDATA[@LibHawker @RoguePOTUSStaff @GOP if only I could fall asleep and wake up surprised. Freaking reality.]]></document>
		<document><![CDATA[@Aprylsmithts I have a legally embroiled solar patent, people try to hold us back.  We will win.  Huge new tech waiting to come online.]]></document>
		<document><![CDATA[Yes!  #Impeach @SpeakerRyan you know what to do. https://t.co/J2Wj7dcOGf]]></document>
		<document><![CDATA[No Democracy in America now.  If you want it TAKE IT BACK.  Organized protests r important, but don't wait.  Sponta… https://t.co/lXLEMGc5dN]]></document>
		<document><![CDATA[We can do this! https://t.co/1RfvzuPviG]]></document>
		<document><![CDATA[Wouldn't want a law degree getting in the way of a rising fascist dictatorship. @SpeakerRyan Shame on you.  We will… https://t.co/79XbiodqoP]]></document>
		<document><![CDATA[Hardiman predicted for SCOTUS. https://t.co/nKuDzUWUlS]]></document>
		<document><![CDATA[@2h_2n @cateia97 which Rogue account is it? Needle in a haystack.]]></document>
		<document><![CDATA[@TenaciousMutt We'll bring more people to the streets.  It's going to get worse. @SpeakerRyan doesn't realize the danger #JailForTreason]]></document>
		<document><![CDATA[@realDonaldTrump you're a whiny little creature with a #TinyBrain to go with your #TinyHands #Constitution you  hypocrite! #TheResistance]]></document>
		<document><![CDATA[A pattern of hate, a hammer for all who oppose, disregard of the Constitution, flagrant violation of law.… https://t.co/Cina77qPmP]]></document>
		<document><![CDATA[@RoguePOTUSStaff @ceceperks Supreme Court would be my bet in an office pool.]]></document>
		<document><![CDATA[@xteahadist @RoguePOTUSStaff @jarvik7 @nytimes why would you presume this source hears every conversation?  Got to eat, sleep, and stuff.]]></document>
		<document><![CDATA[@RoguePOTUSStaff @AfterHours2020 I think it's too late for that one also. You've left a permanent Ripple.]]></document>
		<document><![CDATA[@RoguePOTUSStaff @thenorthrmembrs I'll bet staff are piling on the child king to keep him from tweeting you.]]></document>
		<document><![CDATA[@RoguePOTUSStaff @thenorthrmembrs making a mountain out of typos to put you on the defensive. Stale tactic. Sad.]]></document>
		<document><![CDATA[@GraceToy @RoguePOTUSStaff Toy, you came in rude.]]></document>
		<document><![CDATA[@DrAlParsons @SpeakerRyan @SenateMajLdr The world is watching. There is no success on this path. Fix it. #TheResistance]]></document>
		<document><![CDATA[I think we'll see American companies taking big market hits in the next couple weeks.  More pressure.  #Impeach… https://t.co/F6aWnsKYa2]]></document>
		<document><![CDATA[Gerrymandering is cheating.  It is election tampering with intent to defraud the public. There should be criminal c… https://t.co/dHLl8y9fVE]]></document>
		<document><![CDATA[@SpeakerRyan The world will make the US economy tank if you don't impeach.  Come out smelling like a rose or a turd… https://t.co/WE2gCw6Qv6]]></document>
		<document><![CDATA[America can prove that judicial #WildCard can interfere with a coup resulting in a #Revolution with #NoShotsFired… https://t.co/TUUBXeDf5b]]></document>
		<document><![CDATA[We will see large force of new leaders with integrity rise to the surface.  #Revolution #TheResistance https://t.co/EtkjuKgR0i]]></document>
		<document><![CDATA[@ezlusztig he wants to run America like just another corrupt business. Is it legal? The public is entitled to some transparency.]]></document>
		<document><![CDATA[@chrislhayes @jimsciutto guess he's going to have to get a little more "Muslim specific" in his ban or anger a few more "allies"]]></document>
		<document><![CDATA[@RoguePOTUSStaff @llwood4 @jwpetersNYT Someone is convinced that the dictator playbook will work on America. Judicial branch is the test.]]></document>
		<document><![CDATA[@RoguePOTUSStaff @llwood4 @jwpetersNYT wasn't @GOP all up in arms recently because they thought Obama might write an EO?  #OrwellOnSteroids]]></document>
		<document><![CDATA[@SpeakerRyan You may end up hated through history for supporting someone you KNOW must be impeached.  You cannot live without a spine.]]></document>
		<document><![CDATA[@realDonaldTrump You will have some explaining to do as Wall Street panics about your assholeness and the markets s… https://t.co/nyb8eECmYd]]></document>
		<document><![CDATA[She needs to get somewhere safe until #TheResistance kicks Cheeto and the gang soundly to the curb.… https://t.co/0fO8lRnp67]]></document>
		<document><![CDATA[@elizabeth28536 Yates and the ACLU could kick some serious Nazi ass.]]></document>
		<document><![CDATA[@RoguePOTUSStaff do you detect fear of FBI investigation regarding Russian connections?]]></document>
		<document><![CDATA[@RoguePOTUSStaff @Houstonbabe Just trying to draw you out.  I think we've moved from trolls to orcs.]]></document>
		<document><![CDATA[FBI can charge those around Cheeto with treason.  @SpeakerRyan will not escape our wrath.  We are #TheResistance https://t.co/TTviC1vNOH]]></document>
		<document><![CDATA[He wants to be a dictator. Sue him. Impeach him, class action for the people. Join with the ACLU. https://t.co/9THHWwV6An]]></document>
		<document><![CDATA[ACLU, team up with her. If it were legal for a POTUS to fire opposition in judiciary, Bill Clinton wouldn't have be… https://t.co/vUP8VMoH84]]></document>
		<document><![CDATA[Has @FoxNews retracted?  Have they any explanation for their fake news? #Propaganda https://t.co/63lWDUakcA]]></document>
		<document><![CDATA[It sounds like they've pretty much decided. Most are spineless as jelly. https://t.co/QHsrvyfKU4]]></document>
		<document><![CDATA[@HunkyGayJesus @DavidYankovich Republicans had better do it.  The people have decided and they will get louder and louder until it is done.]]></document>
		<document><![CDATA[@realDonaldTrump You did this! Nazi asshole!  We are coming for you, don't sleep.  #BootsOnThePeeotus #TheResistance https://t.co/Vusr2MUFRq]]></document>
		<document><![CDATA[Wow, perhaps some clue of the chaos being caused by the preschooler in chief. https://t.co/xoPOT2Vu7P]]></document>
		<document><![CDATA[Do I hear Republicans stampeding to protect the Constitution?  I'm told they have a thing for that. Waiting. More w… https://t.co/KfIrt1Y0MU]]></document>
		<document><![CDATA[@ErinSnider10 @hannahblue3 Cheeto won't tolerate opposition.  Interfering in an independent branch, sounds like an impeachable offence.]]></document>
		<document><![CDATA[Easily predictable.  The U.S. Economy will not be able to boom with trade wars. Soon,  inflation.  Best to… https://t.co/kGhxeec0P2]]></document>
		<document><![CDATA[They are out of touch, rolling over in submission.  #Cowards https://t.co/ud4hM7f7ZT]]></document>
		<document><![CDATA[Facts terrorize these creeps. https://t.co/q5f8c3YisV]]></document>
		<document><![CDATA[Seriously, the Cheeto is in a conflict of interest and must recuse himself.  Illegal firing.  Refuse to go and… https://t.co/Af5BlMgdgA]]></document>
		<document><![CDATA[@RoguePOTUSStaff @jbelcap @Messages4Trump Troll looking for cracks.]]></document>
		<document><![CDATA[@RoguePOTUSStaff @semelius Amazing how much energy trolls put into a site they think is nonsense.]]></document>
		<document><![CDATA[@mrsdianek @starincali @RoguePOTUSStaff @Headerop1 Of course you don't.  Stop commenting and it will all go away.]]></document>
		<document><![CDATA[@mrsdianek @starincali @RoguePOTUSStaff @Headerop1 @kevin_modestino Know me? Google Philip Arthur Thompson.  @GOP killer in jail, thank me.]]></document>
		<document><![CDATA[@mrsdianek @starincali @RoguePOTUSStaff @Headerop1 @kevin_modestino Canada to the rescue. Again!  I triggered this. https://t.co/ETfT1AdOJG]]></document>
		<document><![CDATA[@RoguePOTUSStaff @kevin_modestino might I suggest not feeding trolls.  I have run out of troll kibbles, entering ignore phase, then block.]]></document>
		<document><![CDATA[@mrsdianek @starincali @RoguePOTUSStaff @Headerop1 @kevin_modestino Trolling.  We have eyes, we don't need you to tell us what we see.]]></document>
		<document><![CDATA[@LouiseMensch @RoguePOTUSStaff Ignore her.  She is putting herself first.  You don't owe her anything.]]></document>
		<document><![CDATA[@theasscat @devchelle @RoguePOTUSStaff Pence was picked by a corrupted candidate.  A complete redo is in order.  Bandaids won't fix this.]]></document>
		<document><![CDATA[Heroes tend to think they aren't heroes.  It takes bravery to stand in the face of strong intimidation and conseque… https://t.co/kyAFV9D8ty]]></document>
		<document><![CDATA[@theasscat @devchelle @RoguePOTUS Crowdfunding for lawyers, it seems Cheeto has done a better job than anyone else!  #LoveACLU #ACLUImpeach]]></document>
		<document><![CDATA[@Professing_Prof @devchelle @serpico1109 @steveofthewater @RoguePOTUSStaff it's perfectly Orwellian of him. Keeping with the trends.]]></document>
		<document><![CDATA[@devchelle @theasscat @RoguePOTUSStaff there are so many ways to impeach him, at this point, it's pick and choose.]]></document>
		<document><![CDATA[@RoguePOTUSStaff @tracye_nyc True. 27 years in jail, finally before court on a 2255 innocence claim, Michael Riconosciuto. PROMIS is PRISM]]></document>
		<document><![CDATA[Ignorance is king these days.  Spicer is such an idiot. https://t.co/zUDEWta6sc]]></document>
		<document><![CDATA[@RoguePOTUSStaff @ibrake4ants We have our microscope on this, it was a big mistake.  Huge!]]></document>
		<document><![CDATA[May the leak be a torrential flood.  Bon voyage #AgentOrange https://t.co/pBafpPDfsO]]></document>
		<document><![CDATA[Cheeto better give a damn because this Canuck is coming for him.  #BootsOnThePeeotus https://t.co/iN4qSB1qHD]]></document>
		<document><![CDATA[Yes, so for those finding him acceptable, understand our contempt for you.  We are better than this.  Enablers suck. https://t.co/FgvsPkZBcR]]></document>
		<document><![CDATA[Of course, he's afraid of being laughed at through history for being brought down by protests with #NoShotsFired… https://t.co/ceixPMkDZt]]></document>
		<document><![CDATA[@Starbucks I'll be thanking your staff in person today.  Usually make my own coffee, today I'm stepping out!… https://t.co/7DHOekWQJN]]></document>
		<document><![CDATA[@anneapplebaum @UnitePink @NRO He's a Nazi.  Don't coddle and enable this shit.]]></document>
		<document><![CDATA[Honourable man takes a strong stand.  Real leaders rise and fall in a crisis.  Elected officials, THIS! We will rem… https://t.co/v5Hd5QsaSK]]></document>
		<document><![CDATA[The judicial branch is the only real threat to his power. Republican Congress is too engorged with self- interest… https://t.co/IqC16kXDzO]]></document>
		<document><![CDATA[@SenFeinstein you are betraying us.  Your husband represented Paul Morasca, you know better!  Iran-Contra Wackenhut G4S Trump #Treason]]></document>
		<document><![CDATA[Wow, you need to go back to Jonestown.  Beyond dumb.  I don't waste big time on trolls, you will be blocked if this… https://t.co/eYAvMyiGb2]]></document>
		<document><![CDATA[@RealMichaelCote @williamlegate @realDonaldTrump @washingtonpost I'm coming for your boy.  He should be very afraid of a woman.]]></document>
		<document><![CDATA[@RealMichaelCote @williamlegate @realDonaldTrump @washingtonpost Tell Nathan Baca the Emmy he won for this is fake https://t.co/Sfzbbv7uci]]></document>
		<document><![CDATA[@RealMichaelCote @williamlegate @realDonaldTrump @washingtonpost GOP killer Philip Arthur Thompson thanks me for every day he sits in jail.]]></document>
		<document><![CDATA[@RealMichaelCote @williamlegate @realDonaldTrump @washingtonpost Trump's support structure is under investigation.  Multiple homicides.]]></document>
		<document><![CDATA[@RealMichaelCote @williamlegate @realDonaldTrump @washingtonpost FBI have a lengthy statement from me and have opened several cold homicides]]></document>
		<document><![CDATA[@RealMichaelCote @williamlegate @realDonaldTrump @washingtonpost No denial.  Facts.  Nazis are bad.  Thread Trump G4S Wackenhut Iran-Contra]]></document>
	</documents>
</author>