<author lang="en">
	<documents>
		<document><![CDATA[@CaptureNZ @lanewayfestNZ @AURORAmusic  agree 'tis great.]]></document>
		<document><![CDATA[Wondering - shall I have a swim while waiting for bus to #lanewaysfestivalNZ https://t.co/RRd7JwvbAo]]></document>
		<document><![CDATA[loving the
tennis - a Classic]]></document>
		<document><![CDATA[Groovin to jazz in the Domain. Slow warm up to tomorrows #LANEWAY2017 https://t.co/Cqw8jKgeM1]]></document>
		<document><![CDATA[@DavidSlack whoa - that tweet account is no longer available]]></document>
		<document><![CDATA[@publicaddress Be kind to yourself - don't read it. Scan headlines then pick the better ones. Every 2nd day.]]></document>
		<document><![CDATA[@publicaddress then move it dear russell dear russell dear russell, then move it dear russell dear russell move it]]></document>
		<document><![CDATA[oh have to stop watching this wonder and...get ready for work!
Enjoy the moments everyone
#WomansMarch]]></document>
		<document><![CDATA[@publicaddress oh the day gets better and better reading this]]></document>
		<document><![CDATA[waking up with immense pleasure reading twitter this morning and seeing positive cheery worldwide #WomensMarch tweets]]></document>
		<document><![CDATA[retweeting for my 8 yr old great niece who loves Katy Perry - good role model https://t.co/9Mu2EEtrAi]]></document>
		<document><![CDATA[Mums and daughters abound @ the Auckland March #WM_Global https://t.co/KbBDqNtWBY]]></document>
		<document><![CDATA[@yarningwomen oops they come #WM_Global]]></document>
		<document><![CDATA[And on and on and on theyvome https://t.co/v9bKzd4MAp]]></document>
		<document><![CDATA[Women's March Auckland arriving Myers Oark https://t.co/ESNl379vfL]]></document>
		<document><![CDATA[@publicaddress thanks]]></document>
		<document><![CDATA[and I am one of those people who absolutely hate her for not controlling him. Not that I was on that plane..
Please… https://t.co/NgcsxW6Erv]]></document>
		<document><![CDATA[And I know every one - have danced or moved to every one - OMG how old am I https://t.co/QPl62xfv3p]]></document>
		<document><![CDATA[as I thought https://t.co/5OprKWvDUk]]></document>
		<document><![CDATA[The car did it all by itself apparently
Police chase down Queen St ends in arrest https://t.co/s3WzCkbFZ4 via @nzherald]]></document>
		<document><![CDATA[a surprisingly good read https://t.co/R0uBVHVCUP]]></document>
		<document><![CDATA[@twistcollective @michelet @rexparker  hank is usually another name for that 'coil of yarn' in my part of he woods]]></document>
		<document><![CDATA[@MorganGodfery Yes I will - but ignored is the sexist jab of his comment - a white MANS island - would he say that to a 'brown' man???]]></document>
		<document><![CDATA[2/2 re @radionz Matinee Idle but I can sing along as I know all the words - the power of radio and 45s in the 60s  😀]]></document>
		<document><![CDATA[@poetastrologers did both]]></document>
		<document><![CDATA[Listening to Matinee Idle on @radionz I am so in awe of my junior self for resisting marriage after all that girl band music stuff]]></document>
		<document><![CDATA[Ways to commemorate David Bowie https://t.co/3rqw2psDlj]]></document>
		<document><![CDATA[only in OZ.... https://t.co/UGYbDkTxYz]]></document>
		<document><![CDATA[My learning this year include rereads on what I think are the most important themes https://t.co/G5S0Zicx6l]]></document>
		<document><![CDATA[@JMulliganRNZ who was that making that snoring noise?]]></document>
		<document><![CDATA[@kentslundberg @TransportBlog oh...is that what a rental house looks like?]]></document>
		<document><![CDATA[@publicaddress nooooo last year was a wedding , yr b4 ... well .... its on the list tho]]></document>
		<document><![CDATA[@publicaddress I know! Will miss it as @ friends b'day weekend. :-(]]></document>
		<document><![CDATA[Great  - buses have enough on their lanes already https://t.co/3ltAD0Etp1]]></document>
		<document><![CDATA[This deserves to be bigger news - what a sacrifice https://t.co/K9xmCEXzMT]]></document>
		<document><![CDATA[Does sensitive mean politically sensitive? Twitter explain yourself. https://t.co/QGuzpbfzzO]]></document>
		<document><![CDATA[In alignment on the train https://t.co/wmWvB9Fs9y]]></document>
		<document><![CDATA[“99 Reasons 2016 Was a Good Year” by @angushervey https://t.co/v24MfgzRR9]]></document>
		<document><![CDATA[Bus driver sacked over $2.90 fare wins $20k compo https://t.co/N7lT85K0MN]]></document>
		<document><![CDATA[Bus driver's $20k payout over $2 sacking https://t.co/X5iGT1MnSi via @nzherald https://t.co/ouUA5dMpLI]]></document>
		<document><![CDATA[bus driver hell - todays duty includes runs to and from St Lukes and DressSmart. #thethingswedo]]></document>
		<document><![CDATA[Ditto - but actually no... the past few National leaders have not been aspirational https://t.co/pnjEOIP7xU]]></document>
		<document><![CDATA[@aw_nz yep can see that - but such a bad design]]></document>
		<document><![CDATA[@AklTransport @aw_nz Symonds St by overbridge - but only about 10% of cyclists use that cyclepath anyway. Too small, lamposts in the way.]]></document>
		<document><![CDATA[what.... I despair.......
Womens Affairs and Paula Bennett. Yes, she is a woman - no, she will not represent my int… https://t.co/nQ9eHrvI08]]></document>
		<document><![CDATA[love this image https://t.co/vooIHQ281t]]></document>
		<document><![CDATA[hey hey my London friends  - this looks good https://t.co/QzQ3pr7wsi]]></document>
		<document><![CDATA[Just kicked a callow youth off bus for casual ageism &amp; sexism. He &amp; mates were astounded but I felt joy @ a minor victory for the sisterhood]]></document>
		<document><![CDATA[@AliIkram just another example of ageism says another oldish idealist]]></document>
		<document><![CDATA[FYI  its 10 Gloucester Park Onehunga 1, 6, 8, 13, 15 Dec 4- 6-00pm, 83 Selwyn St,3 Dec 10-12pm
Waterfront Rd Mangere Bridge
3 Dec10-12pm]]></document>
		<document><![CDATA[Do you know where NZTA Info Hub for East-West link is? No-one else does either. Come on @NZTA at least try to consult. @TransportBlog]]></document>
		<document><![CDATA[And I really think it is because it is on the  'other' harbour. https://t.co/ZxUnk1gDEb]]></document>
		<document><![CDATA[have to champion @ubertec  - the bestest service and all my apple thingees - TV, TIme Machine and Macbook are working so well again]]></document>
		<document><![CDATA[My vote for the @NHM_WPY People's Choice Award goes to The blue trail  #MyWPY https://t.co/ixKBSXJ3Ex]]></document>
		<document><![CDATA[and Neilson St traffic is local???? - since when ????? https://t.co/CEqpzTAAe7]]></document>
		<document><![CDATA[John Key: Strip Destiny Church from TAX free status - Sign the Petition! https://t.co/3fJegO0g50 via @Change]]></document>
		<document><![CDATA[@TransportBlog so is he Auckland's new unelected mayor - oh no no no]]></document>
		<document><![CDATA[@TransportBlog of course using his left hand mirror &amp; braking before swerving could avoided this. Motorist morons come in all shapes &amp; sizes]]></document>
		<document><![CDATA[I'm listening to the Bandcamp Weekly – New Zealand Takeover: https://t.co/C2w0W6vOqS]]></document>
		<document><![CDATA[@258BusRider @AklTransport  buses would be great interim if bus lanes 6am-9pm Mon - Sat, both sides &amp; no bicycles. Have their own lane.]]></document>
		<document><![CDATA[@TransportBlog I have had TWO eggs thrown at me at different times, when driving full buses. WTF indeed. Windscreen covered @ 45kph!]]></document>
		<document><![CDATA[OMG watching Graeme Norton afta work. #kingsofleon - what an advert for corn feeding. Woah woah]]></document>
		<document><![CDATA[Looking fantastic for October https://t.co/XAcJJRaRIn]]></document>
		<document><![CDATA[Migrants housed illegally https://t.co/iGADMLV8hI via @sharethis]]></document>
		<document><![CDATA[@publicaddress of course it was, just like the US elections are - according to mr trump 😄]]></document>
		<document><![CDATA[Right on sister - after making same decisions 34 years ago (and tubes tied then) - I confirm - the comments and jud… https://t.co/5VRdQV9ZXS]]></document>
		<document><![CDATA[I scored 90% on "The South Auckland Mayoral Debate Quiz:" on Qzzr. Can you match that? https://t.co/5WQPUnrhg3 #quizzes via @Qzzr_]]></document>
		<document><![CDATA[@timmckinnel I checked out of all news 8th Sept until today when back in country. Checking out means a much more interesting life. so yea]]></document>
		<document><![CDATA[Cuba totally rocks - thunderstorms every night but hey.... https://t.co/hiKIFh89mL]]></document>
		<document><![CDATA[Woo hoo - can't wait
Laneways at Albert Park
https://t.co/HhrUNezOCN]]></document>
		<document><![CDATA[Unbelievable....... just a warning! https://t.co/eZ4OUh404S]]></document>
		<document><![CDATA[@publicaddress every time you walk past it ????]]></document>
		<document><![CDATA[Until there are roadworks and orange cones and diversions everywhere  - no not in Auckland surely https://t.co/b75ZAUF8kj]]></document>
		<document><![CDATA[@LeroyBeckett @TransportBlog and Dominion Road]]></document>
		<document><![CDATA[@TransportBlog whatever - it is far too much and totaly unnnecessary. #Idespair]]></document>
		<document><![CDATA[Budget cuts @ NZPolice. Bikes and is this the summer uniform? https://t.co/n5PMbdTwBA]]></document>
		<document><![CDATA[Not a great looking sell atm
#stjamescentre https://t.co/YWyupX0efl]]></document>
		<document><![CDATA[Said looking forward to getting something I had contributed to over 50years of working. Condescending smile from 20 something. Attitude wow]]></document>
		<document><![CDATA[Went to WINZ to make an appointment to apply for Super. Had to give full name, photo ID, DOB, street addy &amp; ph no to make the appt. wow! ½]]></document>
		<document><![CDATA[@publicaddress @DavidSlack @sonjayelich1 my favs: jam and whipped cream &amp; vegemite and potato chips (salty)  - special days only.]]></document>
		<document><![CDATA[Now thats the kind of knitting I like https://t.co/ZkvmtXY9hb]]></document>
		<document><![CDATA[Video: Futuristic Chinese bus glides over the top of cars in concept for mass transit https://t.co/Gt6iz0YZ5n via @GeekWire]]></document>
		<document><![CDATA[@AliIkram Lucky only strangers pushing and bags hitting on you. In London tubes its that #creepyguy and his appendage more often than not]]></document>
		<document><![CDATA[Finally catching up on news - well it is the weekend - and wow - two of my fav go to sites are up there! Congrats. https://t.co/DOtULJLdkW]]></document>
		<document><![CDATA[@TransportBlog and swerve in to the bus lane. It is so so dangerous.]]></document>
		<document><![CDATA[that 160 glasses of wine seems a tad low. Or is it just me https://t.co/zogEgmevd5]]></document>
		<document><![CDATA[Forgive WINZ motel emergency accommodation debt https://t.co/ofAUr36Pmf via @actionstation]]></document>
		<document><![CDATA[@TransportBlog works fine in the UK even on a busy bus to Hampstead Heath on a hot summers day. Can't wait]]></document>
		<document><![CDATA[our beautiful western harbour needs our love https://t.co/cgQxlrmmjd]]></document>
		<document><![CDATA[@DavidSlack you missed out Ritchie]]></document>
		<document><![CDATA[Sign the petition: Talleys https://t.co/JGOfs6tjZ2]]></document>
		<document><![CDATA[@martynpepperell did that last night - was good]]></document>
		<document><![CDATA[Gee - I reckon the desert will be full of glamour tents and yurts for this one. Average age of punter 75? https://t.co/IrmoW4ZuMQ]]></document>
		<document><![CDATA[Story of cities #29: Los Angeles and the 'great American streetcar scandal' https://t.co/CTLN5cw1mg]]></document>
		<document><![CDATA[so so so agree with YOUR comment @lokifer  https://t.co/LgyNGKItwU]]></document>
		<document><![CDATA[Feeling the love and the funk  - listening to @GeorgeFM , #PrinceRIP  Log Cabin special. Massive ups]]></document>
		<document><![CDATA[@AklTransport Express services - surely as they go straight up Q St they are unaffected? Confusion as yr website say via Mayoral Drive?]]></document>
		<document><![CDATA[@TransportBlog @TheStoryNZ well what can we say. Heard this for years re bus drivers]]></document>
		<document><![CDATA[@Auckland_Libs oh why only central suburbs - we read (and drink wine) in the outer suburbs too you know]]></document>
		<document><![CDATA[so love this https://t.co/crtAcMbcZG]]></document>
	</documents>
</author>