<author lang="en">
	<documents>
		<document><![CDATA[I have a few hard copy industry tickets left for both Knee Deep In Sydney (12th Feb) and Days Like This (11th... https://t.co/9c5zdvw3eE]]></document>
		<document><![CDATA[Love how our pic of Carl Cox still doing the rounds from when he headlined our Space Ibiza NYD11 Festival... I'm... https://t.co/HtkDsKZPf4]]></document>
		<document><![CDATA[Sydney you are truely blessed over these next few months with @residentadvisor voted top 2 joining us...

No.1 -... https://t.co/ymhFjx40Bs]]></document>
		<document><![CDATA[BUTCH (DJ / Producer) remix of Cassius featuring Pharell ... This is a bad bad boy... from Dc10 to Ushuaia from... https://t.co/qtDNep697S]]></document>
		<document><![CDATA[@mrafterparty knows what is what... @residentadvisor voted no.2 DJ in the one the one and only @jackmaster... https://t.co/fVJykov6RV]]></document>
		<document><![CDATA[Any FB friends work in the cinema industry in Sydney... myself and a couple other Sydney scots would love to... https://t.co/wIJXhm0d67]]></document>
		<document><![CDATA[Any FB friends work in the cinema industry in Sydney... myself and a couple other Sydney scots would love to]]></document>
		<document><![CDATA[This weeks Paul Strange Events Newsletter has landed featuring Hot Since 82 Knee Deep In Sydney full line up... https://t.co/6gFOmiLhlJ]]></document>
		<document><![CDATA[Having a sneaky look back to our first Days Like This show of the 2016/17 summer season featuring Green Velvet... https://t.co/VORyBGzTlg]]></document>
		<document><![CDATA[Looking forward to Knee Deep In Sydney... Here is a wee taster of what you can expect from Knee Deep In London 🙌🏼🔊 https://t.co/C56VjLwhte]]></document>
		<document><![CDATA[Coming soon to Sydney .... Rohad 🙌🏼 #dayslikethisfestival https://t.co/JxIrlJY3N7]]></document>
		<document><![CDATA[What a Festival... huge vibes at Electric Gardens... next up @Nights Like This at Goodbar... a Few artists from... https://t.co/n9QTFRx4Th]]></document>
		<document><![CDATA[Electric Gardens Vibing with Jamie Jones ... what a party ... well done T1000 👏🏼 https://t.co/u0W4M3Avwb]]></document>
		<document><![CDATA[A wee taster of whats to come in a couple weeks Sydney, Australia ... Check out the after-movie from Knee Deep In... https://t.co/lk6Nfrto19]]></document>
		<document><![CDATA[Just quietly... There are only 10 third release tickets left for Days Like This Festival then we are onto final release :) Chop chop]]></document>
		<document><![CDATA[Resident Advisor No.1 Dixon ... Coming soon to Sydney ... Days Like This Festival: Sat 11 March 2017  Royal... https://t.co/JbmkGskvcA]]></document>
		<document><![CDATA[The soundtrack of my Australia Day arvo... This mix is an absolute bad boy... Been loving it for a while now...... https://t.co/SKXcpik1Nt]]></document>
		<document><![CDATA[Unfortunately there are no such things as public holidays in the land of @standoutmedia as the team is out hard... https://t.co/Va0IIC5tPU]]></document>
		<document><![CDATA[Happy Burns Day to all ma neebours back in Scotland and Happy Straya Day to all my Aussies mates here in Oz]]></document>
		<document><![CDATA[Can't wait for it... Not long now T2 .... Trainspotting the sequel ... get in 👊🏼 https://t.co/9xiHSaL99b]]></document>
		<document><![CDATA[Just in case you missed the news earlier ;) ... Our Knee Deep In Sydney show with heavyweight line-up at Randwick... https://t.co/gTophKkADz]]></document>
		<document><![CDATA[This weeks Paul Strange Events E-Newsletter is out... Have a looky looky :) https://t.co/VrpgHFAGMQ]]></document>
		<document><![CDATA[This weeks Paul Strange Events Newsletter... News just in... Knee Deep In Sydney featuring Hot Since 82,... https://t.co/jUYR1ShD5W]]></document>
		<document><![CDATA[** WARNING **

We are only 9 tickets away from selling out 2nd Release...If you want to save some money jump... https://t.co/TbLIqKnPUV]]></document>
		<document><![CDATA[Winner of the 2016 BBC Radio 1 Essential Mix we are very excited indeed to have Midland as part of our inaugural... https://t.co/7kYnlC8bsm]]></document>
		<document><![CDATA[Last time Daly was in Sydney playing for us this transpired...

This time around he is bringing a few friends... https://t.co/z0CFqjwzyK]]></document>
		<document><![CDATA[Essential listening for this sunny arvo... Prob my favourite BBC Radio 1 Essential Mix of them all... Hot Since... https://t.co/CUHVJCwSv3]]></document>
		<document><![CDATA[One of our Days Like This Festival headliners, Resident Advisor No.1 Dixon at Day Zero Festival at BPM b2b with... https://t.co/Z8A2aeggby]]></document>
		<document><![CDATA[MORNING SYDNEY !!! ... Looks like its going to be another cracking weekend... To get you in the mood here is an... https://t.co/BOUbmdhVqA]]></document>
		<document><![CDATA[Cannot wait to have this absolute champ back in action for us here in Sydney, this time as part of our Hot Since... https://t.co/mAO1T4toKD]]></document>
		<document><![CDATA[The aftermovie is now in for our 8th annual Space Ibiza in Australia NYD17 party and what an amazingly epic party... https://t.co/IubCvtql39]]></document>
		<document><![CDATA[Just in case you missed it yesterday ;) ... We are buzzing to announce that man of the moment Jackmaster will be... https://t.co/PFHivNgrNZ]]></document>
		<document><![CDATA[HUGE 1st PSP E-Newsletter of 2017 ... Packed with loads of info including the announcement of Jackmaster added to... https://t.co/MdX4TUCkYH]]></document>
		<document><![CDATA[Album No.2 from our Space Ibiza in Australia NYD17 event is now out... Some more amazing pics from an EPIC... https://t.co/f6DGs2resH]]></document>
		<document><![CDATA[Now that the dust has well and truely settled from New Years its great to see all the pics from our EPIC 8th... https://t.co/j0CbR24rU1]]></document>
		<document><![CDATA[In the office on a Sunday morning 😳 as we have an absolutely huge 8 weeks coming up for @paulstrangeevents and... https://t.co/fTJHn2aiPE]]></document>
		<document><![CDATA[Great pic of one of our Knee Deep In Sydney headliners BUTCH (DJ / Producer) in action at Solomun +1 at BPM... https://t.co/iIN9id2rbC]]></document>
		<document><![CDATA[I'm only just feeling normal today after a crazy 1st half of the summer season and MASSIVE New Years... Now that... https://t.co/ZpmhHcgMp7]]></document>
		<document><![CDATA[Not long now Sydney Australia 🙌🏼 What a badboy of an event this is going to be as Daly brings a few mates along... https://t.co/iuk8nBCXKA]]></document>
		<document><![CDATA[So you though that our Space Ibiza NYD17 production and vibe was out of this world yeh... wait till you see what... https://t.co/5ASBaULwtQ]]></document>
		<document><![CDATA[Who remembers this one last year?... Was one of our biggest shows... This time round we are making it even bigger... https://t.co/lrpjmJPEWa]]></document>
		<document><![CDATA[In the words of my old boss of Tropicana in the West End of San Antonio when I was pr'ing getting girls into his... https://t.co/XeG1Y4Ndn4]]></document>
		<document><![CDATA[Great to see Mr Afterparty sharing the video of Javi Bora ripping it up on our infamous Terrace of The Greenwood... https://t.co/nLrXOQVJes]]></document>
		<document><![CDATA[Our next big outdoor event is coming in HOT next month as we take the step up to Royal Randwick Racecourse... https://t.co/zgMBEOsGhg]]></document>
		<document><![CDATA[Big thanks to Boss Hunting for their coverage of our next few events Knee Deep in Sydney and Days Like This... https://t.co/s1Fjn2uAUG]]></document>
		<document><![CDATA[After his blistering performance at our Space Ibiza NYD17 event we welcome back Javi Bora for his final Sydney... https://t.co/1uI3b9dI7T]]></document>
		<document><![CDATA[Looking forward to having our good friend and amazing DJ/Producer Javi Bora back again after his epic Space Ibiza... https://t.co/Z340FxHBdR]]></document>
		<document><![CDATA[Well just resurfaced and back in the game ... what can I say!.. That was probably my best ever NYE/NYD EVER... No... https://t.co/4vIbS6oCyD]]></document>
		<document><![CDATA[Random - did you have a good day yesterday?

Me - Well its 10am and I'm SASH so aye must have been 

😂]]></document>
		<document><![CDATA[Heading back to our 8th annual Space Ibiza NYD party in Sydney after coming back after setting up for a shower... https://t.co/2zY30x8LYK]]></document>
		<document><![CDATA[GAME DAY ... Up early and fresh and getting stuck at it setting up for today's SOLD OUT Space Ibiza NYD17 show...... https://t.co/cq9abQ42Wv]]></document>
		<document><![CDATA[Huge thanks to Essential Ibiza Sugacoat It, Charlie Chester, Iain Thomson, Jodie DS for including me with a wee... https://t.co/ypEylwU6xu]]></document>
		<document><![CDATA[Thanks Be-At TV for posting our Video of Jackmaster rocking our outdoor terrace at The Greenwood for Days Like... https://t.co/LMA0PekgF1]]></document>
		<document><![CDATA[Looking forward too NYE as well as NYD this year as taking Tamara on the fantastic Seadeck so she will be able to... https://t.co/nDmXjDhQTy]]></document>
		<document><![CDATA[Selling out shows but no rest for the wicked as out again with my @standoutmedia team on the graft helping my... https://t.co/v5n0UbrgGz]]></document>
		<document><![CDATA[Im getting hammered with messages, calls, emails, txt messages at the moment asking about Space Ibiza in... https://t.co/cQvy6e0M4f]]></document>
		<document><![CDATA[Those were the days learning the bevy apprenticeship 😂 https://t.co/phYrPaXo6U]]></document>
		<document><![CDATA[Tickets Now on Sale for our Nights Like This special featuring Oliver Huntemann for one night only at OXFORD ART... https://t.co/UsXkXMTCQQ]]></document>
		<document><![CDATA[Phoaar ... Cool stage Scott Robertson David Leeson https://t.co/4XGWcdmcjX]]></document>
		<document><![CDATA[With 2016 being the year of pre announcements and sold out shows for us its fitting that we end the year with a... https://t.co/TRHIrwiDxf]]></document>
		<document><![CDATA[The official afterparty for our SOLD OUT Space Ibiza NYD17 event at The Greenwood has just been announced and... https://t.co/nXgmATtCd8]]></document>
		<document><![CDATA[Thanks Mr After Party for sharing this video of Jackmaster rocking our open air Terrace of The Greenwood last... https://t.co/0QTdIyplSk]]></document>
		<document><![CDATA[Merry Christmas to all my family and friends throughout the world... hope you've had or about to have an amazing... https://t.co/5chu55tNhH]]></document>
		<document><![CDATA[Some listening for your Friday arvo on this sunny Sydney arvo.... Hot Since 82 x Space Ibiza x BBC Radio... https://t.co/r1RLElMYFv]]></document>
		<document><![CDATA[Great to have the man Garry Todd back in town .. Can't wait for Gazza to drop this at both

Nights Like Thisat... https://t.co/yU97lQbmla]]></document>
		<document><![CDATA[Space Ibiza resident DJ Javi Bora ripping it up on our open air terrace at Greenwood at our Space Ibiza in... https://t.co/8srTe1msih]]></document>
		<document><![CDATA[A word of warning... When they are gone, they're gone #spaceibizanyd17]]></document>
		<document><![CDATA[Here we gooooooo..... Tickets are about to go as the worlds greatest and most awarded club comes down under top... https://t.co/kpTRfb6eQW]]></document>
		<document><![CDATA[Paul Strange Events Newsletter this week featuring - Space Ibiza NYD17 Sydney about to sell out plus Days Like... https://t.co/vzkt2iVVGV]]></document>
		<document><![CDATA[The legendary BBC Radio 1 Essential Mix man himself Pete Tong bringing in the New Year at our inaugural Space... https://t.co/o2QGIrWxJL]]></document>
		<document><![CDATA[Nice work Oliver Huntemann for ranking No.4 of the Top 100 techno artists for 2016... Its going to be an absolute... https://t.co/uk1suoPU0X]]></document>
		<document><![CDATA[Choose a job you love, and you will never have to work a day in your life.
— Confucius]]></document>
		<document><![CDATA[As team Space Ibiza in Australia sit in the office putting the final touches of the close to selling out Space... https://t.co/YWHZyHrpUI]]></document>
		<document><![CDATA[Just a wee word of warning... If you are wanting to attend this bad boy event, our 8th annual Space Ibiza in... https://t.co/tY9zOc5dJd]]></document>
		<document><![CDATA[Absolutely amazing photos of an absolutely amazing event.... Circoloco delivered big time... Great tunes, crowd,... https://t.co/l7AVNPcHOX]]></document>
		<document><![CDATA[The King vs the People - 12.03.2017]]></document>
		<document><![CDATA[Big thanks to Resident Advisor for their editorial piece covering our Days Like This Festival next March :) ...... https://t.co/ycmiL7ai24]]></document>
		<document><![CDATA[Thank you inthemix for your coverage of our inaugural Days Like This Festival on March 11th 2017 :) ... Huge... https://t.co/uK6yYcjsyQ]]></document>
		<document><![CDATA[HUGE thanks to our mates Charlie Chester,Iain Thomson and the crew from Essential for them supporting and getting... https://t.co/hj9qPLU8ix]]></document>
		<document><![CDATA[Thank you @decodedmagazine and Damion Pell for the coverage on our inaugural @dayslikethis festival in Sydney...... https://t.co/Dp4CN4dhrQ]]></document>
		<document><![CDATA[Sydney, Australia.... Who is keen for a bit of this vibe hey?... Ben Klock just announced for our inaugural Days... https://t.co/SeQIrinlKM]]></document>
		<document><![CDATA[We told you it was BIG... As the shock waves not only rattle the Southern Hemisphere but all around the world the... https://t.co/KBi12Zgvbl]]></document>
		<document><![CDATA[Well ladies and gentleman here it is... The one you've all been waiting on... 

We are extremely proud and very... https://t.co/KbUMF9i3Wb]]></document>
		<document><![CDATA[30 mins until the shock waves hit Sydney Australia... So buckle up ... as Days Like This Festival line up and... https://t.co/wFohq2l0tI]]></document>
		<document><![CDATA[***PUBLIC WARNING*** 

Dance community of Sydney please take this seriously and prepare yourself for tomorrow... https://t.co/0FoTJ1QPI2]]></document>
		<document><![CDATA[Just recovered from another blockbuster event... They just seem to be getting better and better... The music,... https://t.co/HLIGNk86qM]]></document>
		<document><![CDATA[Seth Troxler in underground basement club... no photo or videos needed 😉🙌🏼🚂]]></document>
		<document><![CDATA[Seth Troxler ... CircoLoco Sydney https://t.co/IGIyDUnIv5]]></document>
		<document><![CDATA[Told you Sydney... bringing Ibiza to you... circoloco.... Seth Troxler playing and Dubfire in the booth ... yasss https://t.co/jrfBAJGK20]]></document>
		<document><![CDATA[Told you Sydney... bringing Ibiza to you... circoloco.... Seth Troxler playing and Dubfire in the booth ... yasss https://t.co/XztIaOa4zH]]></document>
		<document><![CDATA[Told you Sydney... Ibiza vibes... Dubfire in the booth loving it https://t.co/tt1h9SaM9l]]></document>
		<document><![CDATA[Me mate Garry on the Terrace ... good having you back in Sydney Toddy https://t.co/Sj0jjaz4VN]]></document>
		<document><![CDATA[Ben UFO ... what a great vibe building in here 🙌🏼 #circoloco https://t.co/cGtIEQVJag]]></document>
		<document><![CDATA[Just a wee reminder of what we do...

In the words of our good mate Jackmaster(in the video here who's  just... https://t.co/miJqsh0YmL]]></document>
		<document><![CDATA[The tunes that were vibing last Mondays morning for the kick on for us after Tell No Tales ... Yes its a beauty... https://t.co/1CVpGePTh0]]></document>
		<document><![CDATA[David Leeson... Looking forward to seeing everyones expressions when they see what we have in store for them... https://t.co/Qx3gGzb42Y]]></document>
		<document><![CDATA[HOT SINCE 82 // KNEE DEEP IN SYDNEY // ON SALE NOW

One of the hottest lineups of 2017 at one of the cities best... https://t.co/CXCCNIZrcC]]></document>
		<document><![CDATA[Yeh its that time of year once again... The countdown to New Year and our notorious Space Ibiza in Australia NYD... https://t.co/q71UhBoRHj]]></document>
		<document><![CDATA[Huge Paul Strange Events Newsletter this week ... CircoLoco this Saturday plus Hot Since 82, Butch, Christoph &amp;... https://t.co/SxRnAjBenT]]></document>
		<document><![CDATA[Wee tune thats a beauty and reminds of a good session on Monday lads Andrew Grant Adam Youness... Its all about... https://t.co/KQ3TZ9BTmJ]]></document>
	</documents>
</author>