<author lang="en">
	<documents>
		<document><![CDATA[@Yukinonmuse that'd be amazing! 😘]]></document>
		<document><![CDATA[@DateNinaVasquez thanks girl!]]></document>
		<document><![CDATA[@ladyfisher10 thank you!]]></document>
		<document><![CDATA[Dinner dates are my favourite dates. Let me be your charming companion for the evening.. xo https://t.co/d37WExVOPv]]></document>
		<document><![CDATA[@JakeBezick this is why you're the best! xox]]></document>
		<document><![CDATA[@MsCharlotteX The ideal client is someone who behaves like a gentleman. He's polite, giving, and respectful..then we want to jump his bones!]]></document>
		<document><![CDATA[@darind99 so good to finally meet you! xo]]></document>
		<document><![CDATA[More Duo's please! #Standing69optional https://t.co/YRogXwlwMh]]></document>
		<document><![CDATA[When you have a date with gentlemen who are not only amazing company, but spoil you rotten. #happygirl https://t.co/qPhLqYyULs]]></document>
		<document><![CDATA[@JakeBezick @SerenaPaxton she is something isn't she!!]]></document>
		<document><![CDATA[So excited for this week's duo with girl crush @NaomiNixion. #fireworks #Nixinthesix #getready https://t.co/FxIuNzuGT3]]></document>
		<document><![CDATA[@nshobbyist Cant wait to meet you!!]]></document>
		<document><![CDATA[@AlexQBlanton I'm loving how much you guys love this video.]]></document>
		<document><![CDATA[Just booked up for all of next week! You guys are some eager beavers! 
Reach out if you'd like to plan something for the week of the 6th xo]]></document>
		<document><![CDATA[When your friends come over with wine and Kanye... 😂 https://t.co/xAdzxedEeY]]></document>
		<document><![CDATA[@JunoxGrey they're so good!!]]></document>
		<document><![CDATA[@thekatekompton LOL What are the odds.. someone asked me today who my girl crushes were, and I was like.. KATE KOMPTON.]]></document>
		<document><![CDATA[When he brings snacks.... https://t.co/c3ztndkPa1]]></document>
		<document><![CDATA[@clairecavendish @DoppelSchoon1 Yep it's on there. As soon as I suggested social time, he decided to abruptly cancel the date.]]></document>
		<document><![CDATA[@rieper47 @Wooduck1969 @LozzaAnderson I don't think any lady has enormous expectations here. Just be a gentleman.]]></document>
		<document><![CDATA[@buxom_bunny Exactly! 😂]]></document>
		<document><![CDATA[@DoppelSchoon1 I thought so too! 🤔]]></document>
		<document><![CDATA[Clients who request 5+ hour dates, but become abrasive when I suggest including some social time.. Go buy a blow up doll. #screeningcomplete]]></document>
		<document><![CDATA[@laceyxjade I'm at the same intersection. Let me know if you want lunch plans! ;)]]></document>
		<document><![CDATA[That feeling when you walk out of the gym after weight training... 
I AM IRON MAN.]]></document>
		<document><![CDATA[@iambeccawinter Cant think of anything hotter!! heh #Dadjoke]]></document>
		<document><![CDATA[in the darkness, she is allllllllll IIIIII seeeeeee!!  @mr_wingman]]></document>
		<document><![CDATA[@25JJ_ I agree, I like to take my time with you! ;)]]></document>
		<document><![CDATA[@musclecat513 it's so accurate!]]></document>
		<document><![CDATA[Shopping day... nearly snagged myself this. 😂 https://t.co/GikqraTfnW]]></document>
		<document><![CDATA[@xxHeidiCameron Thanks lovely! Hope your birthday was amazing!!]]></document>
		<document><![CDATA[@BenLFranklin88 what wait list?]]></document>
		<document><![CDATA[@hksex1f1 Thank you!!]]></document>
		<document><![CDATA[@Jaymasters10 Thank you thank you!! hehehe and yes, I loved your review!]]></document>
		<document><![CDATA[Hey lovers - the new website (with pics!) is up and live. Check out https://t.co/h0traDYttJ and the new information on it. xox]]></document>
		<document><![CDATA[@xxHeidiCameron Happy Birthday lovely!]]></document>
		<document><![CDATA[@hksex1f1 Thanks for starting the train!! xox]]></document>
		<document><![CDATA[@nik7322 everybody gets lunch breaks! ;)]]></document>
		<document><![CDATA[@mr_wingman THE WAY TO MY HEART.]]></document>
		<document><![CDATA[Oh Lord just discovered Wilbur down the street... now accepting donations in the form of burritos. 😍 hehe kidding.. but really tho]]></document>
		<document><![CDATA[Another awesome TER review - Thank you sir! 
"Knocked on the door and a total beauty answered, dressed in a tank top and yoga pants..."]]></document>
		<document><![CDATA[Let's stay in bed all day... https://t.co/Jb7N1NMwP2]]></document>
		<document><![CDATA[@Provocateurpics I knew it was going to be good. ;)]]></document>
		<document><![CDATA[@clairecavendish Not sure why I don't have the option to DM you! Let's chat! :)]]></document>
		<document><![CDATA[Oh web building... this should take a while.]]></document>
		<document><![CDATA[@DonDanieloPhoto I almost replied with a "multiple party" rate]]></document>
		<document><![CDATA[@nik7322 You flatterer!! :) I wanted them to be more real! Playful and natural! :D]]></document>
		<document><![CDATA[Ugh why can't I edit a tweet. *agree!*]]></document>
		<document><![CDATA[The first sneak peak!! Can we all just agrees that @Provocateurpics does amazing work?!Cant wait to completely reva… https://t.co/91886JuuMI]]></document>
		<document><![CDATA[@IvotrinoSCCS @Provocateurpics THIS MEME. I'm so impressed.]]></document>
		<document><![CDATA[@AmiAndrewsTO Are you working with a trainer? I need one!]]></document>
		<document><![CDATA[So I just got my photo proofs back from @Provocateurpics .... You guys are going to freak. They are unbelievable.]]></document>
		<document><![CDATA[@clairecavendish I've seen that too. It's really not accurate of our experiences.. at least I don't think.]]></document>
		<document><![CDATA[@crimsonrower we appreciate!]]></document>
		<document><![CDATA[For the most part, I get to see amazing gentlemen.. but then sometimes, I really don't. Moral of the story? Wash your balls, and no means no]]></document>
		<document><![CDATA[@mr_wingman so worth it. 😁]]></document>
		<document><![CDATA[I love that your avatar is Larry David. + Point. @GoJays]]></document>
		<document><![CDATA[I just forfeited mid workout to eat a pizza. It's just one of those weeks. 😂#ohwell]]></document>
		<document><![CDATA[@cassandracoxxx I get that so often!! 🙈]]></document>
		<document><![CDATA[Agh, what a dilemma. As much as I really want to show my face, this traveling issue bugs me. Such a shame! https://t.co/ZlIgEe1nRe]]></document>
		<document><![CDATA[@meetReagan WHOA GIRL.]]></document>
		<document><![CDATA[@PrecisionGuess @Provocateurpics pearls.. and inhibitions! ;)]]></document>
		<document><![CDATA[@IvotrinoSCCS thank you! :)]]></document>
		<document><![CDATA[@xxHeidiCameron I loved it too much not to post! :D]]></document>
		<document><![CDATA[@MalikaFantasy @Provocateurpics thanks lovely!!]]></document>
		<document><![CDATA[@meetReagan right?! :D]]></document>
		<document><![CDATA[@xxHeidiCameron let's go for drinks to celebrate our photoshoots 😁]]></document>
		<document><![CDATA[@xxHeidiCameron lol! Wonder if that's me. Guess we'll never know!]]></document>
		<document><![CDATA[Wait, what? #abortmission https://t.co/SIz50Y8LzE]]></document>
		<document><![CDATA[So.. I have the hottest new lingerie... and a photoshoot tomorrow with @Provocateurpics! SO EXCITED.]]></document>
		<document><![CDATA[@NaomiNixion This place (along with Nix's company) is so good!]]></document>
		<document><![CDATA[@Provocateurpics is old sofa still available? It was gorgeous!]]></document>
		<document><![CDATA[Just another day at the office 💁🏼 https://t.co/4sTmPHc1kr]]></document>
		<document><![CDATA[@ladyfisher10 the money tree! ;) ;)]]></document>
		<document><![CDATA[Perfect end to the day. Thanks to a very special gentleman for the goodies.. 👌🏻 #itswineoclock https://t.co/3StwaGvyaf]]></document>
		<document><![CDATA[Looks like it's a Winter wonderland outside.... and inside today. ;) 
(okay that was cheesy.) #cuejohnmayer]]></document>
		<document><![CDATA[Another amazing review! - This time on TERB. You guys are the best.]]></document>
		<document><![CDATA[@JohannaPotente @datawh0re I agree! Everyone can do what they like:)since I'm new to the biz-I just wanted my clients to know where I stand]]></document>
		<document><![CDATA[My first review on TER is up! Thanks to this amazing gentleman for a wonderful date, I had just as much fun as he d… https://t.co/fJUN5jGqWp]]></document>
		<document><![CDATA[@NaomiNixion Looks like a SP in Orlando. I'll send you the blog post if you like. I feel bad for clients, it's confusing for them!]]></document>
		<document><![CDATA[Seeing this circulate, and generate a lot of controversy.. 
I just wanted to note, if you've seen me, I am HAPPY to… https://t.co/PsWItVOE8A]]></document>
		<document><![CDATA[Vacation Alert: Will be away Feb 20th - 27th. Girl's week in the sun!]]></document>
		<document><![CDATA[9:00 am: 45 minute incline walk session / responding to all emails and texts session. That is what I call efficiency, my friends. #gotime]]></document>
		<document><![CDATA[@SerenaPaxton a glass of wine in my hand and your booty in my face. Not sure I could imagine a better Wednesday night! 😂]]></document>
		<document><![CDATA[You gentlemen put such a smile on my face! xoxo]]></document>
		<document><![CDATA[@horn1237 Come on by! I'll keep the sports bra on. :)]]></document>
		<document><![CDATA[Want this hanging in my condo!! :D https://t.co/9zctt3zR58]]></document>
		<document><![CDATA[Hello lovers- I'm home! Wishing you all a happy (and naughty) New Year! https://t.co/2utkplFFdz]]></document>
		<document><![CDATA[On vacay for the rest of December! See you amazing gents in the new year!]]></document>
		<document><![CDATA[You guys are all so sweet! Guess I'll have to post more pics like these ;)]]></document>
		<document><![CDATA[Sometimes I think fully dressed is sexier. What do you think? 🤔 #businesscasual https://t.co/JWRLFVYXDw]]></document>
		<document><![CDATA[@hksex1f1 hehe thank ya!]]></document>
		<document><![CDATA[It's so cold outside, I just accidentally keyed someone's car with my nipples.]]></document>
		<document><![CDATA[Made a few changes to the website in order to help some newbies out! Check it out if you're interested in meeting :)]]></document>
		<document><![CDATA[@xxHeidiCameron It takes a strong person to do what we do, and enjoy it. Usually hate is their form of jealousy. Keep doing you, girl.]]></document>
		<document><![CDATA[Friendly reminder gents to always be polite in your initial contact. It goes a long way! :) https://t.co/WrPUyqoqnX]]></document>
		<document><![CDATA[I have the best clients!! Seriously so impressed. Now excuse me while I jump his bones. 😏 https://t.co/2N1VKyZi9M]]></document>
		<document><![CDATA[@YourMuseCleo Someone better spoil you for your birthday!!]]></document>
		<document><![CDATA[A how to guide: (how to not receive a response)  😂 https://t.co/56XEqWujrd]]></document>
		<document><![CDATA[@BlameBadger LOL there needs to be more Jon Snow memes. 👌🏻😂]]></document>
	</documents>
</author>