<author lang="en">
	<documents>
		<document><![CDATA[I see my page views are up 433% of late....now that definitely has my attention.To all you lovely and supportive... https://t.co/iHs4NeQLBW]]></document>
		<document><![CDATA[Howdy fans - I've moved another 35 spots today,up the "Global Reverbnation Country Charts",getting closer to my goal.]]></document>
		<document><![CDATA[happy Memorial Day weekend this is a song I wrote for the veterans that suffer from p,d,s,d - Watch on N1M https://t.co/PTOpvojjzL]]></document>
		<document><![CDATA[More movement today folk - 47 spots up the Reverbnation "Global Country Music Charts" today. https://t.co/3nwAQSHqqw]]></document>
		<document><![CDATA[More movement today folk - 47 spots up the Reverbnation "Global Country Music Charts" today. https://t.co/EpSnvrMwga]]></document>
		<document><![CDATA[Howdy folk. :) https://t.co/ETSf7GBvFZ]]></document>
		<document><![CDATA[We recommend checking out Jessica Brown https://t.co/luctizyDV6 https://t.co/y71Znu1QTP]]></document>
		<document><![CDATA[We recommend checking out Jessica Brown https://t.co/luctizyDV6 https://t.co/EpSnvrMwga]]></document>
		<document><![CDATA[Wrong Side Of Town - Play on N1M https://t.co/a0Xs7MMlHW]]></document>
		<document><![CDATA[Posted a new photo: https://t.co/bVLIl7BcsU https://t.co/D8mVpfc4GP]]></document>
		<document><![CDATA[Posted a new photo: https://t.co/bVLIl7BcsU https://t.co/EpSnvrMwga]]></document>
		<document><![CDATA[Suppose to be doing a photo shoot today,however the Wellington weather has put a damper on that!]]></document>
		<document><![CDATA[Getting Past the Past - Play on N1M https://t.co/zR8YPSFgj5]]></document>
		<document><![CDATA[Just applied to play @SevenSenseFest in Louisville, KY. Check out the event here:  https://t.co/H7f3tlKOZh https://t.co/gE0ODnVKzS]]></document>
		<document><![CDATA[Just applied to play @SevenSenseFest in Louisville, KY. Check out the event here:  https://t.co/H7f3tlKOZh https://t.co/EpSnvrMwga]]></document>
		<document><![CDATA[Howdy folk - Glenn has moved a further 56 spots up the Reverbnation "Global Country Charts" today. https://t.co/AfXyhWQejx]]></document>
		<document><![CDATA[Howdy folk - Glenn has moved a further 56 spots up the Reverbnation "Global Country Charts" today. https://t.co/EpSnvrMwga]]></document>
		<document><![CDATA[Posted a new song: "Autograph" https://t.co/SP1hUGzGgy https://t.co/RhAHZOUoml]]></document>
		<document><![CDATA[Posted a new song: "Autograph" https://t.co/SP1hUGzGgy #music https://t.co/EpSnvrMwga]]></document>
		<document><![CDATA[This Love You're Not In - Play on N1M https://t.co/xYfjxNs9JW]]></document>
		<document><![CDATA[Posted a new song: "Sweet Surrender - Glenn Sullivan" https://t.co/yH6nR5MHpJ https://t.co/iH7Df9NN8h]]></document>
		<document><![CDATA[Posted a new song: "Sweet Surrender - Glenn Sullivan" https://t.co/yH6nR5MHpJ #music https://t.co/EpSnvrMwga]]></document>
		<document><![CDATA[Here are the top 5 fan regions for Glenn Sullivan Country at present: 1) United Kingdom  2) California  3) New York  4) Tennessee  5) Texas.]]></document>
		<document><![CDATA[Happy Monday to all my followers/fans,my page views of late are up 3000% which is mind blowing to say the... https://t.co/jDVGi7CXUh]]></document>
		<document><![CDATA[December 31st,2017:

Ok folk,here's your oppurtunity: I have New Year's eve free in 2017 so if you or your venue... https://t.co/Whp5xVW3fa]]></document>
		<document><![CDATA[https://t.co/n8qKBq2jhs

Check out the app folk. https://t.co/fLGuG25bCI]]></document>
		<document><![CDATA[Another 79 places up the Global Reverbnation Country Music Charts today Yall. https://t.co/FxOzORJCWe]]></document>
		<document><![CDATA[Another 79 places up the Global Reverbnation Country Music Charts today Yall.  https://t.co/EpSnvrMwga]]></document>
		<document><![CDATA[Center City Life - Play on N1M https://t.co/xrR0nHHzNn]]></document>
		<document><![CDATA[I would like to send my sincere thoughts to a dear friend of mine and talented artist Mr Amon Folan from... https://t.co/k9GSeJzxcH]]></document>
		<document><![CDATA[Howdy folk,I would like to take the opportunity to personally thank each and every one of you for showing the... https://t.co/rBf96Y2bda]]></document>
		<document><![CDATA[Glenn has again today moved up the Global Country Chart  (66 spots) &amp; also moved up 1 spot to #3 for Country New... https://t.co/6rhQkBGoEi]]></document>
		<document><![CDATA[Glenn has again today moved up the Global Country Chart  (66 spots) &amp; also moved up 1 spot to #3 for Country New Zealand wide folk.]]></document>
		<document><![CDATA[My thought for the week: there's a lot of us Country Artist's around New Zealand,some very nice and humble &amp; some... https://t.co/aDeFYskh7o]]></document>
		<document><![CDATA[Global Charts Update: Glenn has moved 58 spots up the Global Reverbnation Country Music Charts in the last 24 hours. https://t.co/xgrcFua8Iy]]></document>
		<document><![CDATA[Somewhere in the Night - Play on N1M https://t.co/Djs6f9V3BP]]></document>
		<document><![CDATA[DON'T START ME TO LYING - Play on N1M https://t.co/EH1TqTVcIE]]></document>
		<document><![CDATA[There's no place like home {remastered} - Play on N1M https://t.co/UukMzcfeJR]]></document>
		<document><![CDATA[There's a new dress sense "country style"on the horizon folk ,so expect some new pics to come! https://t.co/gMFV5FsPqY]]></document>
		<document><![CDATA[A life quote: do what ya love despite what others say because your dreams belong only to you! https://t.co/qxGkEZ4dXi]]></document>
		<document><![CDATA[A life quote: do what ya love despite what others say because your dreams belong only to you! https://t.co/EpSnvrMwga]]></document>
		<document><![CDATA[Im In Love - Play on N1M https://t.co/s7AGYANYo1]]></document>
		<document><![CDATA[Just submitted @ReverbNation to enter the @UnsignedOnly competition for a chance to win $20,000!... https://t.co/ZyTW4jODq8]]></document>
		<document><![CDATA[Just submitted @ReverbNation to enter the @UnsignedOnly competition for a chance to win $20,000!  https://t.co/cosif9YmVB]]></document>
		<document><![CDATA[Gosh the charts are all over the place,yesterday #3 NZ now back to #4. Let's get a new promotion going! https://t.co/9kex7z9136]]></document>
		<document><![CDATA[Gosh the charts are all over the place,yesterday #3 NZ now back to #4. Let's get a new promotion going! https://t.co/EpSnvrMwga]]></document>
		<document><![CDATA[Hello World! Listen to this song! https://t.co/UHZfKFYMHK]]></document>
		<document><![CDATA[Wrong Side Of Town - Play on N1M https://t.co/GmUIJ4d0NT]]></document>
		<document><![CDATA[Glenn has jumped 2 spots to #3 for Country music New Zealand wide  &amp; 18 spots up the Global Country music charts... https://t.co/y73O0tYGIz]]></document>
		<document><![CDATA[Glenn has jumped 2 spots to #3 for Country music New Zealand wide  &amp; 18 spots up the Global Country music charts today yall.]]></document>
		<document><![CDATA[Another good workout - 7.5km walk today....keeping that fitness going in order to keep my diabetes in check.]]></document>
		<document><![CDATA[OK folk - I'm doing a role call here to see who have already liked this fb page from my fb friends list.If you... https://t.co/nxCD1b3kgx]]></document>
		<document><![CDATA[Hiya to all those artists whom I have supported, the ones I have taken the time to 1).listen to your music... https://t.co/AylqbgjJtB]]></document>
		<document><![CDATA[We recommend checking out Joe Hester https://t.co/HqrO6yJXk1 https://t.co/du1gNV8ChG]]></document>
		<document><![CDATA[We recommend checking out Joe Hester https://t.co/HqrO6yJXk1 https://t.co/EpSnvs47EK]]></document>
		<document><![CDATA[Check out "My Sweet Lady-Glenn Sullivan" by Glenn Sullivan - (John Denver Tribute)NZ. - https://t.co/BjuaPlGGVh]]></document>
		<document><![CDATA[Glenn has moved up to #4 on the Reverbnation New Zealand Country Charts today! https://t.co/lesIcFuoHF]]></document>
		<document><![CDATA[We recommend checking out KC Sisters https://t.co/BowdPAqBvA https://t.co/EpSnvrMwga]]></document>
		<document><![CDATA[Good news folk - I've found another album producer after learning the other company that produces my albums went... https://t.co/XDqSVx5ooz]]></document>
		<document><![CDATA[I didn't manage to be in the lineup for WOMAD  NZ a few year's ago,however I will re submit a performance... https://t.co/1D3suceHWm]]></document>
		<document><![CDATA[We recommend checking out Sound InGenYes (producer/songwriter) https://t.co/F76CLMsoFT https://t.co/bkN2qOgScY]]></document>
		<document><![CDATA[https://t.co/XFhHHQjiJR

Take a leap folk and simply click and play - it won't cost you a dime https://t.co/zlxP6WL0s9]]></document>
		<document><![CDATA[Remember if you're a band or an artist - like my page as your Facebook page and I'll return the support. https://t.co/zMiv7Gf9OZ]]></document>
		<document><![CDATA[Howdy folk,Monday again and yet another week begins.
Appologies i have been a little slack on posting here of... https://t.co/O2pZSfIr7X]]></document>
		<document><![CDATA[I posted a new photo to Facebook https://t.co/aZQhuJlwKb]]></document>
		<document><![CDATA[Here's a call out to all my New Zealand fans - you never know when you too,may need to be saved! https://t.co/G23AGDVDo6]]></document>
		<document><![CDATA[Somethings not working properly when noticed  I moved 43 spots up the Global Reverbnation Country Charts... https://t.co/HP8N4RRBqe]]></document>
		<document><![CDATA[I posted a new photo to Facebook https://t.co/EJCWbacToy]]></document>
		<document><![CDATA[Take a listen folk,y'all gonna like what ya hear. https://t.co/fSRlvWYklG]]></document>
		<document><![CDATA[https://t.co/7FSL8kQOrc

Come on over to Glenn Sullivan's facebook page y'all. https://t.co/xlH8Vi3Rvr]]></document>
		<document><![CDATA[https://t.co/7FSL8kQOrc

Come on over to Glenn Sullivan's facebook page y'all. https://t.co/EpSnvrMwga]]></document>
		<document><![CDATA[We recommend checking out Kendal Conrad https://t.co/f8L1oVycoM https://t.co/w4YUXuOrSn]]></document>
		<document><![CDATA[We recommend checking out Kendal Conrad https://t.co/f8L1oVycoM https://t.co/EpSnvrMwga]]></document>
		<document><![CDATA["Songs of Yesterday" - Play on N1M https://t.co/n3TmtYHAL7]]></document>
		<document><![CDATA[Sometimes ya just gotta block some people,the ones who constantly think they're better than everyone...is not how i roll!]]></document>
		<document><![CDATA[Simply superb! https://t.co/4V8ZaRodIt]]></document>
		<document><![CDATA[@WeapnHuntrPaul Thanks so much Paul for the follow-Happy New Year from me in NZ.@gelvi11]]></document>
		<document><![CDATA[@emma_steel1 Howdy Emma from me in New Zealand,stopping by to thank you for the follow-Happy New Year.@gelvi11]]></document>
		<document><![CDATA[@CaptainSchwilly Thank ya sir for the follow.@gelvi11]]></document>
		<document><![CDATA[@nateharasim Howdy Nate,thanks for the follow sir.@gelvi11]]></document>
		<document><![CDATA[Hello World! Listen to this song! https://t.co/QqxXWzzyG7]]></document>
		<document><![CDATA[Wrong Side Of Town - Play on N1M https://t.co/z5qoKk9ddv]]></document>
		<document><![CDATA[As an artist and being around the music scene now for some year's,one often wonders how on earth ya can get your... https://t.co/TqftsbxIue]]></document>
		<document><![CDATA[There's 16 Tracks on the new album....just saying!]]></document>
		<document><![CDATA[Folk do feel free to leave a review on this Facebook page-i sure would love to learn if my music has moved y'all. X https://t.co/rDCEz5hfGk]]></document>
		<document><![CDATA[Please,if y'all have a spare minute I sure would appreciate if you could leave a comment on my page whilst your visiting.]]></document>
		<document><![CDATA[Howdy folk-just wanted to update y'all on a few points,my YouTube channel I now don't accept comments there on my... https://t.co/F3yR8tT7Fb]]></document>
		<document><![CDATA[You know in life especially in the music industry ,often there are many who call themselves your muso friends but... https://t.co/coNzVNuYp2]]></document>
		<document><![CDATA[I do know this tune is an all time favourite, but more so with the ladies-hope y'all just sit back and soak in my... https://t.co/VdSof6V5CZ]]></document>
		<document><![CDATA[Another of my tunes receiving a high volume of plays &amp; just one which will be on my new album "Glenn... https://t.co/7ggNlgBsNg]]></document>
		<document><![CDATA[For most,you will be aware this tune was on Glenn's last Album "Beyond The Gravel",still one of many receiving... https://t.co/himKKlsPzf]]></document>
		<document><![CDATA[https://t.co/EpSnvs47EK

Follow Glenn on reverbnation &amp; subscribe folk. https://t.co/tE7CdRoAuf]]></document>
		<document><![CDATA[https://t.co/XbhoO0U6FS

Here's another link to Glenn's music y'all. https://t.co/neKwa6wk83]]></document>
		<document><![CDATA[My challenge to all artist's /Musicians out there during 2017,to support a local charity....by giving back to... https://t.co/rQjTOjPZLF]]></document>
		<document><![CDATA[Ridin' On A Prayer - Play on N1M https://t.co/KiEP1nUDPE]]></document>
		<document><![CDATA[Corporations - Play on N1M https://t.co/UP3ByXIVAm]]></document>
		<document><![CDATA[Remember folk if your here to browse and enjoy the posts and Glenn's music-be sure to like this page,since your... https://t.co/1xIhtmKY1E]]></document>
		<document><![CDATA[My new sounds: My Sweet Lady https://t.co/BpO4MYlicK on #SoundCloud]]></document>
		<document><![CDATA[Always after perfection designing an album cover,yes folk it's underway...the design begins!]]></document>
		<document><![CDATA[I posted a new photo to Facebook https://t.co/0wHeCFqcAJ]]></document>
	</documents>
</author>