<author lang="en">
	<documents>
		<document><![CDATA[I think I'd hate to be second best to someone don't see how girls can stoop that low]]></document>
		<document><![CDATA[For once in my life in a very long time it feels like a weight is after being lifted up off my shoulders]]></document>
		<document><![CDATA[Irrational thoughts run wild over your mental landscape, leavi... More for Leo https://t.co/MVFBp5G5cs]]></document>
		<document><![CDATA[@queenlaqueeffa Aww fuck off no you're coming in]]></document>
		<document><![CDATA[I hate people that can't respect my personal bubble]]></document>
		<document><![CDATA[@hannahlouise120 Hopefully it's just gonna be us two in Barca think of all the fun we will have 😍😍😏]]></document>
		<document><![CDATA[@hannahlouise120 Are you implying girl on girl action Ms Goff Rock?]]></document>
		<document><![CDATA[I genuinely love the people I work with]]></document>
		<document><![CDATA[You're doing your best to stay engrossed in your daily routine... More for Leo https://t.co/MVFBp5G5cs]]></document>
		<document><![CDATA[@aislanzillotti I'm honoured to be in your profile pic 🌝🌸]]></document>
		<document><![CDATA[@hannahlouise120 Just home from work you little shit]]></document>
		<document><![CDATA[@hannahlouise120 Feel like Twitter needs proof that it's a rumour https://t.co/CI3oinf1RI]]></document>
		<document><![CDATA[You have a natural tendency to run yourself into the ground, b... More for Leo https://t.co/MVFBp5G5cs]]></document>
		<document><![CDATA[You're ready to dive headfirst into a passion project, feeling... More for Leo https://t.co/MVFBp5G5cs]]></document>
		<document><![CDATA[@DaviidFarrell Why have friends when you can have clothes ?🙂]]></document>
		<document><![CDATA[@queenlaqueeffa You've your refil pad for college 1 week early ?? Proud of u]]></document>
		<document><![CDATA[@queenlaqueeffa But you do have your life together ?]]></document>
		<document><![CDATA[You're reluctant to show your hand just yet, preferring to wat... More for Leo https://t.co/MVFBp5G5cs]]></document>
		<document><![CDATA[I feel sorry for girls who have no self-respect or self-worth for themselves 💁🏼]]></document>
		<document><![CDATA[Hate when you're in bed and you're starving and all you can think about is the rest of the pizza you couldn't finish the other day]]></document>
		<document><![CDATA[Stubborn childish human beings boil my blood]]></document>
		<document><![CDATA[A casual conversation with your partner or a close friend may ... More for Leo https://t.co/MVFBp5G5cs]]></document>
		<document><![CDATA[When you get almost triple than what you were expecting to get ha I love monthly pay 🙂]]></document>
		<document><![CDATA[Getting enough rest should be top priority now, whether or not... More for Leo https://t.co/MVFBp5G5cs]]></document>
		<document><![CDATA[@hannahlouise120 Can we start bullying nuge again please it was funner :(]]></document>
		<document><![CDATA[I really hope people aren't believing the captions my slutty friends are putting up of me]]></document>
		<document><![CDATA[I'm sorry but if Dublin bus drivers were so determined to get a salary the amount someone with a college degree would get then be on time.]]></document>
		<document><![CDATA[There's only so many chances you can give a person]]></document>
		<document><![CDATA[You take it personally when something doesn't go your way now.... More for Leo https://t.co/MVFBp5G5cs]]></document>
		<document><![CDATA[@AoifeN13 Love hurts sometimes]]></document>
		<document><![CDATA[You may be inspired or overwhelmed by irrepressible waves of c... More for Leo https://t.co/MVFBp5G5cs]]></document>
		<document><![CDATA[It's always when I need a break I'm in work]]></document>
		<document><![CDATA[Hate seeing someone going downhill and there's nothing you can do about it]]></document>
		<document><![CDATA[The more commitments you make today, the less happy you are ab... More for Leo https://t.co/MVFBp5G5cs]]></document>
		<document><![CDATA[Big Macs are the best when you're hungover]]></document>
		<document><![CDATA[And to whoever she's a €20 hanging out of the ATM outside spar I'd like to say that I hate my drunken idiocy]]></document>
		<document><![CDATA[To whoever found my €20 in the carp hope you's spent it on a nice round]]></document>
		<document><![CDATA[Someone come paint my face on please]]></document>
		<document><![CDATA[@AoifeN13 Spelt his name wrong twice now hope you get refused entry .]]></document>
		<document><![CDATA[@Amihawkins9 Damn can't believe I missed it]]></document>
		<document><![CDATA[Never underestimate your hairdressers magic hands 💇🏼]]></document>
		<document><![CDATA[You may act as if everything is copacetic today, but you're li... More for Leo https://t.co/MVFBp5G5cs]]></document>
		<document><![CDATA[Relationship dynamics grab your attention today, requiring tha... More for Leo https://t.co/MVFBp5G5cs]]></document>
		<document><![CDATA[@evanoconnor101 🌽🔫 omg they got rid of the gun emoji]]></document>
		<document><![CDATA[@evanoconnor101 Ro10 🙄 people throw sweet corn on a pizza to make themselves think they're eating healthy 🙄]]></document>
		<document><![CDATA[@jonesmoia For once, stop making it all about women 🙃]]></document>
		<document><![CDATA[Sweet corn on pizza is rotten why ruin a perfectly good pizza??]]></document>
		<document><![CDATA[Plenty of concentration and effort are necessary now to make a... More for Leo https://t.co/MVFBp5G5cs]]></document>
		<document><![CDATA[@AoifeOGorman I get them now and then but don't ever answer them they're all scams !]]></document>
		<document><![CDATA[You don't know what pain is till you go gym for the first time and train legs with Orlagh O'Riordan]]></document>
		<document><![CDATA[Everything you fix today seems to create new problems, like th... More for Leo https://t.co/MVFBp5G5cs]]></document>
		<document><![CDATA[It feels good to boldly state your needs without much of a fil... More for Leo https://t.co/MVFBp5G5cs]]></document>
		<document><![CDATA[I hate monthly pay]]></document>
		<document><![CDATA[It's a sad day when you realise you should give up getting extensions to have money for a holiday]]></document>
		<document><![CDATA[It feels good to boldly state your needs without much of a fil... More for Leo https://t.co/MVFBp5G5cs]]></document>
		<document><![CDATA[It feels good to boldly state your needs without much of a fil... More for Leo https://t.co/MVFBp5G5cs]]></document>
		<document><![CDATA[@Hollyhanvey97 She looked so fab in them pics😭😍]]></document>
		<document><![CDATA[It feels good to boldly state your needs without much of a fil... More for Leo https://t.co/MVFBp5G5cs]]></document>
		<document><![CDATA[Like when someone intentionally tries to go out of their way to hurt you and you're just in utter awe at how low they'd steep to]]></document>
		<document><![CDATA[Ever feel so much disgust towards a person that you genuinely feel ill at the thought of them? Yes me too]]></document>
		<document><![CDATA[Why is it that on my only day off for the next few days my friends are either working or studying for exams #🙂]]></document>
		<document><![CDATA[You are free to choose what to share when you are ready becaus... More for Leo https://t.co/MVFBp5G5cs]]></document>
		<document><![CDATA[You might be harboring unresolved concerns today about the bou... More for Leo https://t.co/MVFBp5G5cs]]></document>
		<document><![CDATA[Finished till FEBRUARY]]></document>
		<document><![CDATA[I hate my irrational ways]]></document>
		<document><![CDATA[I've had 5 days to study for my last exam, I chose the night before to start 🙂]]></document>
		<document><![CDATA[You possess a natural instinct for sensing what's around the n... More for Leo https://t.co/MVFBp5G5cs]]></document>
		<document><![CDATA[You possess a natural instinct for sensing what's around the n... More for Leo https://t.co/MVFBp5G5cs]]></document>
		<document><![CDATA[@aislanzillotti I know I'd love too😭]]></document>
		<document><![CDATA[@aislanzillotti Where you thinking ?]]></document>
		<document><![CDATA[@aislanzillotti Hahaha yes I wanna go away just don't wanna go through the stress of applying, don't wanna go anywh… https://t.co/1B1RXMgjD1]]></document>
		<document><![CDATA[@aislanzillotti Damn I've no idea what to do for it or when the deadline is I keep putting it off 🙄]]></document>
		<document><![CDATA[@aislanzillotti Have you applied yet ??]]></document>
		<document><![CDATA[I accidentally messaged someone a love heart on Instagram grand gonna go choke myself now]]></document>
		<document><![CDATA[Instagram is an absolute cunt]]></document>
		<document><![CDATA[You possess a natural instinct for sensing what's around the n... More for Leo https://t.co/MVFBp5G5cs]]></document>
		<document><![CDATA[It's nearly impossible to tell if you're more exciting or exci... More for Leo https://t.co/MVFBp5G5cs]]></document>
		<document><![CDATA[It's nearly impossible to tell if you're more exciting or exci... More for Leo https://t.co/MVFBp5G5cs]]></document>
		<document><![CDATA[Maybe if I let people pay me to suck my toes I won't need to go into my exam later to get my degree ? https://t.co/TpQ1EzAZyE]]></document>
		<document><![CDATA[I've the attention span of a fish]]></document>
		<document><![CDATA[Wish I cared enough to always be tanned]]></document>
		<document><![CDATA[@Christian_McM Ha not surprised darling back Sunday unfortunately:/]]></document>
		<document><![CDATA[It's nearly impossible to tell if you're more exciting or exci... More for Leo https://t.co/MVFBp5G5cs]]></document>
		<document><![CDATA[I started the fresh prince of bell air a day before my exam, why am I like dis]]></document>
		<document><![CDATA[@jonesmoia @johnlm97 @moalghazi1 guys stop don't want to make him cry]]></document>
		<document><![CDATA[It's a lot easier to study when you actually like the course you're doing]]></document>
		<document><![CDATA[Whoever said money doesn't bring you happiness is lying, if I was in the Maldives tanning right now I'd be happy]]></document>
		<document><![CDATA[It's nearly impossible to tell if you're more exciting or exci... More for Leo https://t.co/MVFBp5G5cs]]></document>
		<document><![CDATA[Pride and prejudice is such a beautiful movie 🤧✨]]></document>
		<document><![CDATA[@johnlm97 Yeah exam repeats are expensive]]></document>
		<document><![CDATA[@leahbyrne_x Aww good luck gal hope it magically arrives at your door today ✨]]></document>
		<document><![CDATA[Your tenderness is both a blessing and a curse. Your interacti... More for Leo https://t.co/MVFBp5G5cs]]></document>
		<document><![CDATA[@leahbyrne_x Try messaging them on twitter they replied to me in minutes! It's a joke I've never gotten my order in under 2 weeks]]></document>
		<document><![CDATA[@Lynchiee96 It kills me when it starts showing me suggestions at the checkout like I don't know if I can eat 24 chi… https://t.co/c3elfiB1MJ]]></document>
		<document><![CDATA[@StevenMcAdam2 Too many options too pick from, must try all.]]></document>
		<document><![CDATA[Just Eat makes it so easy for you to order food]]></document>
		<document><![CDATA[Your tenderness is both a blessing and a curse. Your interacti... More for Leo https://t.co/MVFBp5G5cs]]></document>
		<document><![CDATA[@Lynchiee96 Go doctors and get yourself some antibiotics darling x]]></document>
		<document><![CDATA[@Lynchiee96 Nurofen is shit]]></document>
		<document><![CDATA[It's great when certain things would of bothered you weeks ago but now you simply do not care anymore, feels absolutely wonderful ✨]]></document>
	</documents>
</author>