<author lang="en">
	<documents>
		<document><![CDATA[Never have I waited in line for India food.  #onlyinlondon https://t.co/ho1i8GDhYJ]]></document>
		<document><![CDATA[#shoreditch #StreetArt with @aconnnnna https://t.co/soqgi9ZHVd]]></document>
		<document><![CDATA[#shoreditch #StreetArt with @aconnnnna https://t.co/cChhhDVpA5]]></document>
		<document><![CDATA[#shoreditch #london with @aconnnnna https://t.co/G0MCSw2Ga0]]></document>
		<document><![CDATA[We've earned it after a 15,000 step day in London. @Milroys with @aconnnnna https://t.co/aUUiIzT6WV]]></document>
		<document><![CDATA[Off to London with @aconnnnna! #WestminsterAbbey]]></document>
		<document><![CDATA[Sunrise over the city and off for a Jackie O reservoir walk with @sks827 #seeyalatanyc]]></document>
		<document><![CDATA[Followed by dinner at #aquavitnyc #seeyalatanyc]]></document>
		<document><![CDATA[#seeyalatanyc starts with a cpl of hours with the best @bondurantsnyc]]></document>
		<document><![CDATA[spicy and dirty martinis...much needed after today. Thanks, @75Chestnut]]></document>
		<document><![CDATA[Badlands National Park Defies Trump on Climate Change https://t.co/IjjncRmLnz via @thedailybeast]]></document>
		<document><![CDATA[Did a dictionary diss Trump team's 'alternative facts'? https://t.co/tAZB9tOKPB]]></document>
		<document><![CDATA[#WomensMarch #WomensMarchBoston https://t.co/kakUrKEWy0]]></document>
		<document><![CDATA[#WomensMarch #WomensMarchBoston https://t.co/OhUnVYomTS]]></document>
		<document><![CDATA[#WomensMarch #WomensMarchBoston https://t.co/ynUg7wQ30B]]></document>
		<document><![CDATA[And we gather. #WomensMarch #WomensMarchBoston #womensrightsarehumanrights https://t.co/ex4KmL2GCJ]]></document>
		<document><![CDATA[Watch: Snake "Plays Dead" When Threatened https://t.co/kghXlIspzM via @NatGeo]]></document>
		<document><![CDATA[Loving the art on the #SecondAvenueSubway #IndianAmerican https://t.co/80g6jIcXuh]]></document>
		<document><![CDATA[@aconnnnna let's do them all! 15 Great Trips to Take with Your Friends  https://t.co/UV7SIvUvZk via @TravelLeisure]]></document>
		<document><![CDATA[Amazing to wake up in the morning and remember you booked a trip to London last night. And it's w @aconnnnna AND it's for your bdays!]]></document>
		<document><![CDATA[9 Branding Experts To Look Out For In 2017 https://t.co/Oygv6QiXPb via @Inc]]></document>
		<document><![CDATA[Drone video captures killer whales eating a shark alive https://t.co/Jaq87xbm5K]]></document>
		<document><![CDATA[Ludacris’s Chicken+Beer restaurant is open, serving more than chicken and beer https://t.co/5p5SAFSHbd via @atlantamagazine]]></document>
		<document><![CDATA[BBC News - The women scientists who took India into space https://t.co/w1gMXe8ez3]]></document>
		<document><![CDATA[Reebok’s new HQ will be at Design Building in Seaport District https://t.co/Z1P8icVxBn via @BostonGlobe]]></document>
		<document><![CDATA[Via @NPR: Trump's America: A Hostile Place For Huddled Masses https://t.co/CRcxpag3Zi]]></document>
		<document><![CDATA[When in Montreal, one has absinthe at @barlelab https://t.co/WV4j2WUes0]]></document>
		<document><![CDATA[When in Montreal https://t.co/SUCqAefVEP]]></document>
		<document><![CDATA[Wknd escape to Montréal with @sks827 first stop Notre Dame https://t.co/k9iI5U1Urr]]></document>
		<document><![CDATA[@iyer_prashanth @ps_iyer @sks827 still waiting..............]]></document>
		<document><![CDATA[Habits to help you develop mental strength https://t.co/gt31U1k9ca via @wef]]></document>
		<document><![CDATA[#home w/ @aconnnnna https://t.co/wvkESVCAcc]]></document>
		<document><![CDATA[The Fake Laugh, via @nytimes https://t.co/CErtPv5Lwl]]></document>
		<document><![CDATA[#nightcap @RubyCopenhagen w @sks827 @ps_iyer https://t.co/344sCbiQYc]]></document>
		<document><![CDATA[Getting in the #Copenhagen state of mind! https://t.co/yCVcPaTAUK]]></document>
		<document><![CDATA[Sometimes you just need a day off with your #bff  #walksincentralpark with @aconnnnna https://t.co/utmKSb4zJl]]></document>
		<document><![CDATA[Happy Friday! https://t.co/8K33ERNsg8]]></document>
		<document><![CDATA[#nycdaydrinking on Thursdays with @aconnnnna https://t.co/4Jnp7gGaAb]]></document>
		<document><![CDATA[BBC News - Rio Paralympics: Nobody knows our struggle, says Singaporean medallist https://t.co/Cfk9Y5rzH6]]></document>
		<document><![CDATA[Saturdays are for day drinking https://t.co/afMszzi8Py]]></document>
		<document><![CDATA[Facing drought, Worcester moves to crack down on water use https://t.co/J1XrS0xF3r via @BostonGlobe]]></document>
		<document><![CDATA[How the careless errors of credit reporting agencies are ruining people's lives https://t.co/frm9G3v8ZU]]></document>
		<document><![CDATA[A day delayed... #ImWithHer #NYFW https://t.co/OogbKv0T7A]]></document>
		<document><![CDATA[#truth #USOpen https://t.co/vjBAbn5azq]]></document>
		<document><![CDATA[Family day @usopen #usopen @iyer_prashanth @ps_iyer @sks827 https://t.co/quck5slttl]]></document>
		<document><![CDATA[@aconnnnna next summer goals?]]></document>
		<document><![CDATA[Going to miss #CharlesOsgood on @CBSSunday.]]></document>
		<document><![CDATA[An example of the wrong kind of Chinese ingenuity. https://t.co/dziz1yRsss via @BV]]></document>
		<document><![CDATA[10 New UNESCO World Heritage Sites For Your Travel List https://t.co/S8vZ4INpYc via @NatGeoTravel]]></document>
		<document><![CDATA[@iyer_prashanth I'm sorry, think you're booked... Can't wait to have you in town!]]></document>
		<document><![CDATA[Illegal in Massachusetts: Asking Your Salary in a Job Interview https://t.co/8q2D0akEmQ]]></document>
		<document><![CDATA[@aconnnnna How to visit nearly every national park in one epic road trip https://t.co/7cFZnEvKru]]></document>
		<document><![CDATA[Column: Gold rally's Achilles heel may be soft China, India demand - Russell https://t.co/NpjS6N1NQe via @ReutersIndia]]></document>
		<document><![CDATA[Watching history as it happens is amazing #ImWithHer #USA #girlboss #nomoreglassceiling]]></document>
		<document><![CDATA[Bubbles in their blood! https://t.co/lQZgJCP1Bq via @BostonGlobe]]></document>
		<document><![CDATA[Because everyone should have drinks on the 71st floor. #nofilter @71Above https://t.co/9CroNgGDxn]]></document>
		<document><![CDATA[So lucky...my first LA helicopter search...above my room...at midnight...on a   Monday...for 15 min and counting]]></document>
		<document><![CDATA[What a day in England! @F1 and @Wimbledon. One on TV and the other streaming online... Great morning!]]></document>
		<document><![CDATA[#SerenaWilliams #Wimbledon #girlpower #22]]></document>
		<document><![CDATA[Because the rain clouds were gathering and @milkbarstore was right there https://t.co/UgJ2C61BaX]]></document>
		<document><![CDATA[booked! #Copenhagen with @sks827 and @ps_iyer.  and a lucky rez @nomacph #CrossAnotherCountryOffTheList #WeGetToEatAtNoma]]></document>
		<document><![CDATA[Travels with @sks827 https://t.co/TeKy2Gegt6]]></document>
		<document><![CDATA[India's top court refuses to hear gay-sex ban challenge https://t.co/EA5KUR7tWD via @Reuters]]></document>
		<document><![CDATA[Prominent gay Indians join battle to end criminalization of homosexuality https://t.co/N9ZYy99VSd]]></document>
		<document><![CDATA[Amazing wknd w/ @sks827 &amp; @ps_iyer #family #cousins #NYC # IndianAmerican https://t.co/5aYieKaUyB]]></document>
		<document><![CDATA[#NYCPrideParade #LoveIsLove with @sks827 https://t.co/DQL9KYOyiH]]></document>
		<document><![CDATA[Proud to work for @WellsFargo #NYCPrideParade #LoveIsLove https://t.co/OmTNpNIt0r]]></document>
		<document><![CDATA[5 ground-breaking female mayors you might not have heard of https://t.co/3QFqso7wmd via @wef]]></document>
		<document><![CDATA[Moody's Analytics analysis: Trump presidency would 'significantly' hurt economy https://t.co/42rwbaKt0y]]></document>
		<document><![CDATA[#myhappyplace #hautedog @OneMileHouseNYC https://t.co/H9YpYH80o4]]></document>
		<document><![CDATA[Summer in the city #NYC https://t.co/7KBmcS7k0k]]></document>
		<document><![CDATA[Already miss you @aconnnnna. Can't wait for our next adventure #bff #roadsideattractions]]></document>
		<document><![CDATA[Who ever gets to land at #LGA 30 minutes early?! WHO?!]]></document>
		<document><![CDATA[#Whimzeyland #safetyharbor with @aconnnnna because who else would go with me?! https://t.co/optiMuzT7z]]></document>
		<document><![CDATA[#Y2KBug #Whimzeyland #nerdatheart https://t.co/SantIdsXyr]]></document>
		<document><![CDATA[Mini #roadtrip with @aconnnnna. Because it's been six mths since we took one. https://t.co/3OpfB30uCg]]></document>
		<document><![CDATA[Amazing evening with @CoolBeansFL. Thanks for having us!]]></document>
		<document><![CDATA[BBC News - If no-one helps you after a car crash in India, this is why https://t.co/zXlUw4htIz]]></document>
		<document><![CDATA[#broseallday #brosaturday @bondurantsnyc https://t.co/ENcNLdgQmG]]></document>
		<document><![CDATA[Loving the extended on board views today! @F1  #F1 #MonacoGrandPrix]]></document>
		<document><![CDATA[Again, National Spelling Bee ends in a tie #IndianAmerican https://t.co/FxIgg2LH4B]]></document>
		<document><![CDATA[All 3 lanes closed. On 95. For road work. On Mem Day wknd. Really CT?]]></document>
		<document><![CDATA[Only #Connecticut would think it's a good idea to close 2 lanes of traffic on 95 for road work on #MemorialDayWeekend #IHateCT]]></document>
		<document><![CDATA[Elephants Brutalized in Religious Ceremonies in India https://t.co/C1ZnydnUx4 via @NatGeo]]></document>
		<document><![CDATA[First one is down #HappySunday #spritzlife @bondurantsnyc https://t.co/2RpzYskL1g]]></document>
		<document><![CDATA[Perfect spring evening in the city. #NYC #nohumidity https://t.co/fPdDO9akDv]]></document>
		<document><![CDATA[3-year contract approved for superintendent of Worcester schools https://t.co/j3luRb3MbE via @telegramdotcom #home #SouthHigh]]></document>
		<document><![CDATA[Morning stroll #madisonsq #BigBling https://t.co/C1wpTatzY9]]></document>
		<document><![CDATA[Look what happens when Mercedes is out... Great racing in the field today! Love waking up with @F1 and @redbullracing  on #Sundays]]></document>
		<document><![CDATA[Indian sweets with @sks827 in Jackson Heights. # IndianAmerican https://t.co/ZwBUWFgPml]]></document>
		<document><![CDATA[Much better day for racing #AmericasCup with @sks827 https://t.co/x9YyRnyg9e]]></document>
		<document><![CDATA[Sightseeing during #racedelay @americascup https://t.co/BaLveeE4eS]]></document>
		<document><![CDATA[Cocktail testing @bondurantsnyc. I mean #HomeAwayFromHome https://t.co/VLD7peaQpU]]></document>
		<document><![CDATA[Walking the highline with @sks827 and this guy #SleepWalker https://t.co/q1n3lj0IOB]]></document>
		<document><![CDATA[Off to hair drinks! Thanks @MuzeSalon #Stephanieisthebest]]></document>
		<document><![CDATA[Amazing end to the wknd!  @Tribeca with @sks827 @gtiku. Congrats, @AdultLifeSkills!]]></document>
		<document><![CDATA[‘America’s War for the Greater Middle East,’ by Andrew J. Bacevich https://t.co/p80ERrpDlb #BU]]></document>
		<document><![CDATA[Awake. Dreaming (nightmares?) about work. Should prob just go in now.]]></document>
		<document><![CDATA[Ringo Starr cancels N.C. event over LGBT law https://t.co/mE7zNwamST]]></document>
		<document><![CDATA[Boston Globe prints fake front page satirizing Trump  https://t.co/ZfZAYbI5BJ]]></document>
	</documents>
</author>