<author lang="en">
	<documents>
		<document><![CDATA[@LewisHoldenNZ notice how the value has been increased in his companies and newly acquired rosneft shares ?]]></document>
		<document><![CDATA[@LewisHoldenNZ pondering if @realDonaldTrump will leave you a world to tell your kids this story ? https://t.co/jx9XWSdwx4]]></document>
		<document><![CDATA[@BR3NDA suggest a) fork with your proper name. b) submit with male name sock puppet. c) submit the name of the project as sexist clowns.]]></document>
		<document><![CDATA[@clarecurranmp speaking as a programmer and a multilingual, this is word salad without real meaning. https://t.co/WJ0TlzhLmo]]></document>
		<document><![CDATA[@AlisonPoulter sandwich rolls or toasties. Tomato and cheese. Cheese and cucumber. Ham and pineapple. Vegemite and cheese.]]></document>
		<document><![CDATA[@minpostel2035 so does that apply to govt propaganda, or religious claims ? #BringBackOurInternet #keepiton]]></document>
		<document><![CDATA[Professor in fight with Alt-right supporter @BR3NDA https://t.co/s2XeEKHkrb]]></document>
		<document><![CDATA[We need whistleblowers now more than ever. Join the #PardonSnowden tweetstorm to tell @POTUS to do the right thing. https://t.co/1bXV3NobxN]]></document>
		<document><![CDATA[4 days left! Take action for whistleblowers now: https://t.co/1bXV3NobxN to help #PardonSnowden. Also sending #HugsForChelsea! by @IDLtweets]]></document>
		<document><![CDATA[@Miss_Cybernaut yes, I've heard of it. We had a neighbour from a Balkan state, whose son we call "the Balkan dwarf" as a joke.]]></document>
		<document><![CDATA[@Miss_Cybernaut it's more that the statement is dated and no longer applies, much like "Auckland, city of the quick commute."]]></document>
		<document><![CDATA[However it has been not the case for several years , and so it is a statement of annexation @Miss_Cybernaut]]></document>
		<document><![CDATA[That is usually how political independence works, by progressing from historical norms @Miss_Cybernaut @UNESCO]]></document>
		<document><![CDATA[@Miss_Cybernaut @UNESCO probably when they declare an independent territory as part of another state in 20 languages on it's sides.]]></document>
		<document><![CDATA[@clarecurranmp and I would argue that it is a fool's errand to give a machine with less intelligence than @realDonaldTrump "rights".]]></document>
		<document><![CDATA[@clarecurranmp however, if we grant "rights" to algorithms, then we grant extra rights to developers over users and non-users. 2/2]]></document>
		<document><![CDATA[@clarecurranmp as an AI developer, this is a backwards step by ignorant laymen not relevant or pragmatic to the industry. 1/2]]></document>
		<document><![CDATA[It's more likely the references to annexation in 20 languages which are nationalist @Miss_Cybernaut not @UNESCO art]]></document>
		<document><![CDATA[@LewisHoldenNZ "for I did not speak of my own Accord." as the quote says.]]></document>
		<document><![CDATA[Time is running out for Chelsea Manning @xychelsea clemency. Send her your hugs at #HugsForChelsea https://t.co/GgbaBcc1KQ via @idltweets]]></document>
		<document><![CDATA[@Tanewha According to https://t.co/pVBCGxZ9HK , we are both right. Truce ? https://t.co/R4i3Tobheg]]></document>
		<document><![CDATA[@AnonyOps "This is a rebellion, right ? I rebel." https://t.co/eMk4EPQvXo]]></document>
		<document><![CDATA[Oh dear @vizcomic trolls @ProfBrianCox the "Astrologer". Nevermind, things can only get better… in violation of 2nd law of thermodynamics.]]></document>
		<document><![CDATA[Seem to be getting a lot of interference @TheZoneNZ but not the other channels on @vodafoneNZ cable. https://t.co/6gzIbw9bEU]]></document>
		<document><![CDATA[He risked everything to expose illegal mass surveillance. It's time to #PardonSnowden + bring him home! https://t.co/zfjtHqAUO9 @IDLTweets]]></document>
		<document><![CDATA[U.S. Citizenry Admits It Could Kind Of Go For Charismatic President @realDonaldTrump https://t.co/sMYmwVzXP6 via @theonion]]></document>
		<document><![CDATA[The one in Te Kauwhata @LewisHoldenNZ @damienmgrant]]></document>
		<document><![CDATA[@giveawayduuo 2 periods of sleep is the norm from pre-electricity times. relax and distract yourself then you'll sleep again.]]></document>
		<document><![CDATA[@LewisHoldenNZ safe to assume you are the perpetual candidate, right ? :-) Safe to say you need to outwit the incumbent ?]]></document>
		<document><![CDATA[Come on @LewisHoldenNZ - you're from the farmers party, it is to find the lost cows at milking and insemination time @damienmgrant]]></document>
		<document><![CDATA[@LewisHoldenNZ don't get me wrong. How are you supposed to campaign against a safe seat this year if you aren't well informed ?]]></document>
		<document><![CDATA[@damienmgrant it's funny trolling @LewisHoldenNZ , and way too easy. https://t.co/vvZLnK1RbJ]]></document>
		<document><![CDATA[@LewisHoldenNZ sorry, I forget how most people actually are barely capable of understanding basic concepts like politics or economics.]]></document>
		<document><![CDATA[@LewisHoldenNZ i'm not surprised that a @NZNationalParty pundit has trouble understanding how direct democracy works.]]></document>
		<document><![CDATA[It would be better if it's "down in the Drumpfs" @billbennettnz]]></document>
		<document><![CDATA[@LewisHoldenNZ would also suggest door knocking cult fuckwits should be banned from contacting people at stupid o'clock in the morning.]]></document>
		<document><![CDATA[@LewisHoldenNZ not fewer rights. Vegans should have no rights to be annoying wankers, which is what the Swiss people have decided. Democracy]]></document>
		<document><![CDATA[@LewisHoldenNZ I disagree. Vegans are insufferable at best, and the people have told her to grow up or no Swiss passport. That's democracy.]]></document>
		<document><![CDATA[Retweet to tell @POTUS to #PardonSnowden before it's too late! Sign up to join the twitterstorm here https://t.co/mz5LJxavOY via @idltweets]]></document>
		<document><![CDATA[@jackyan @SamsungMobile make good burner phones.]]></document>
		<document><![CDATA[Join the #PardonSnowden twitter army! Sign up here to automatically tweet at @POTUS every day until Jan 20th. https://t.co/75685CgZfu]]></document>
		<document><![CDATA[@brokep oreal.ly ? :-)]]></document>
		<document><![CDATA[Just got a "@SparkNZ technical support department" scam call from 01145474845 . I said my dad's a sparky, don't need one :-)]]></document>
		<document><![CDATA[@BR3NDA yeah, they can't count down there. (As the Aussie joke goes.)]]></document>
		<document><![CDATA[@BR3NDA A$40 might cover one fish and chip lunch in Sydney CBD.]]></document>
		<document><![CDATA[@LewisHoldenNZ You can buy my economic research for NZ$50 Million, or you could attend my brother's classes for $50k/year @robertashley83]]></document>
		<document><![CDATA[@LewisHoldenNZ @robertashley83 again, if you need a fourth form education, my brother is the high school teacher.]]></document>
		<document><![CDATA[@LewisHoldenNZ @robertashley83 I only have an entire cryptocurrency with economic system and simulation games. All you have are feelings.]]></document>
		<document><![CDATA[@jackyan in that case probably relates to previous rain, so possible bacteria runoff.]]></document>
		<document><![CDATA[@jackyan can depend on whether you got water in your ears, or temperature of water. Best to shower afterwards if it has rained last 2 days.]]></document>
		<document><![CDATA[@LewisHoldenNZ @robertashley83 however if you are capable of dealing with post-grad maths, you may be able to follow my research]]></document>
		<document><![CDATA[If you need to revisit a secondary school education @LewisHoldenNZ you can deal with my brother the teacher @robertashley83]]></document>
		<document><![CDATA[@LeaveEUOfficial @althecat "let's not listen to junior members of a protest party."]]></document>
		<document><![CDATA[@robertashley83 the problem is that @LewisHoldenNZ  doesn't understand economics, so only has mere rhetoric to offer.]]></document>
		<document><![CDATA[@izzyelle @BR3NDA imagine being someone who has only had coffee 6 times in their life.]]></document>
		<document><![CDATA[@SwiftOnSecurity no, you are describing a "soul" as an abstract concept of physicality with no real-life meaning.]]></document>
		<document><![CDATA[@LewisHoldenNZ this complete misunderstanding of economics is typical with @NZNationalParty people ?]]></document>
		<document><![CDATA[@LewisHoldenNZ falling property prices go against the majority of voter interests and are not a good sign for govt.]]></document>
		<document><![CDATA[Do you own property @LewisHoldenNZ or are you anti-success ? 😀]]></document>
		<document><![CDATA[New @internetofshit contender for worst idea of 2017, cardiac devices synched to iPhones. https://t.co/kOtElksxvF]]></document>
		<document><![CDATA[Thanks to the November 14 #eqnz , my new year's resolution is 4k !]]></document>
		<document><![CDATA[@kumararepublic @jackyan I need to retire my nexus 7 android, it's getting erratic and the incept date is approaching 4 years.]]></document>
		<document><![CDATA[Happy new year. 2016 is dead and buried.]]></document>
		<document><![CDATA[Is this @TheOnion ? No, it's faux news @fox32news @SwiftOnSecurity]]></document>
		<document><![CDATA[@StuartAMcArthur I'd consider it time to upskill if I was in tech support as a career rather than rely on software issues making work.]]></document>
		<document><![CDATA[@StuartAMcArthur as  I'm doing maths research, yes productivity counts. You could be replaced by a mobile app for tech support.]]></document>
		<document><![CDATA[@StuartAMcArthur I don't know. I don't deal with unproductive windows junk as a matter of efficiency.. Be grateful you have little real work]]></document>
		<document><![CDATA[@StuartAMcArthur you could have simply asked at the start, "is it mac or windows ?" and then decided how much to bill.]]></document>
		<document><![CDATA[@StuartAMcArthur @SwiftOnSecurity in that case, you are redundant to helping a mac user. More fool you for no unix program.]]></document>
		<document><![CDATA[@SwiftOnSecurity what does the fox say ?]]></document>
		<document><![CDATA[@SwiftOnSecurity no because that was proven to be physically impossible. (Multiverse was proven correct 30 years ago, with no gods needed.)]]></document>
		<document><![CDATA[Have you stopped to consider that I don't share details of things freely @NealCaff_ even for hopeless @torproject idiots like you ?]]></document>
		<document><![CDATA[@Conslo you joined in 2 days ago to begin with.]]></document>
		<document><![CDATA[@SwiftOnSecurity amazing how @tomscott can be such a muppet and get things wrong all the time. Guess that's why you support him.]]></document>
		<document><![CDATA[@Conslo Personally I'm surprised @NealCaff wanted to wave his. https://t.co/uJRyKPBKME]]></document>
		<document><![CDATA[Not where, who said that. @NealCaff_ @torproject (I have assumed names and disclosed names of several people.)]]></document>
		<document><![CDATA[@Conslo @NealCaff you don't get crypto if you think that documentation exists freely for sourced information from above top secret.]]></document>
		<document><![CDATA[Snowden was only lowest level clearance contractor &amp; I taught myself crypto before he was in primary school. @NealCaff_ @torproject]]></document>
		<document><![CDATA[When even the muppets at GCSB have said it's an easy target that stands out like the dog's bollocks, then @torproject has failed @NealCaff_]]></document>
		<document><![CDATA[Apologies @Conslo , dickhead @NealCaff kept you in the loop.]]></document>
		<document><![CDATA[@NealCaff_ so pedantry and idiocy are your contributions to twitter. Big fucking deal, dickhead.]]></document>
		<document><![CDATA[@NealCaff_ get a clue and take a hint before proving how foolish you are next tweet.]]></document>
		<document><![CDATA[Your ignorance is no match for my knowledge @NealCaff_ @torproject @isislovecruft @Conslo too bad you don't underst… https://t.co/PiZIDOi81X]]></document>
		<document><![CDATA[@snowghost82 usually unregistered doctors work in taxis or supermarket checkouts while waiting for NZ cert. Not driving @metlinkwgtn bus.]]></document>
		<document><![CDATA[@snowghost82 you've found a @metlinkwgtn driver saying "no, you're not blind" ?]]></document>
		<document><![CDATA[@LewisHoldenNZ and govt debt is up by how many billions since @NZNationalParty took office in 2008 ?]]></document>
		<document><![CDATA[@LewisHoldenNZ oh right. because national wants to take the credit for individuals, not accept the blame for the state failures, as usual.]]></document>
		<document><![CDATA[@LewisHoldenNZ govt debt is a more relevant statistic than combined external debt, as you can't claim credit for responsible households.]]></document>
		<document><![CDATA[@NealCaff_ @isislovecruft @torproject only the GCSB idiots mention it specifically as "a gift that keeps giving".]]></document>
		<document><![CDATA[@tizanidin3 you want crypto info released freely to muppets like @torproject and @NSAGov ? you still think a website has to be informative ?]]></document>
		<document><![CDATA[If I worked for GCSB in cryptanalysis, I would really want people to use @torproject @isislovecruft @NealCaff_ @Conslo]]></document>
		<document><![CDATA[@dtjohnnymonkey wow ! a washing machine with a setting for "downloaded porn stains" - now that's peak @internetofshit]]></document>
		<document><![CDATA[I don't help the lost causes @isislovecruft @torproject - I prefer things that make a difference to the world &amp; TOR never did.]]></document>
		<document><![CDATA[You don't need crypto that gives the @NSAGov the shits @isislovecruft @torproject and they don't have the brains for it either.]]></document>
		<document><![CDATA[@isislovecruft to be fair, @torproject is a complete failure that nobody wants tainting other crypto.]]></document>
		<document><![CDATA[@_hehir_ monarchy only works if you consider humans as primitive as ants. However all of humanity is more intelligent than mere insects.]]></document>
		<document><![CDATA[As in not in the theory of evolution @_hehir_  ? I would agree with that assessment - @LewisHoldenNZ you also ?]]></document>
		<document><![CDATA[@LewisHoldenNZ @_hehir_ Oh yes, because selecting a countries leader based on a "golden uterus" has any basis in reality. /s]]></document>
		<document><![CDATA[@kalleboo @MagnusRevang @internetofshit bluetooth keyboard will work. Even a cheap tablet BT keyboard will do.]]></document>
		<document><![CDATA[@D_Keating change your DNS servers and/or get a VPN.]]></document>
	</documents>
</author>