<author lang="en">
	<documents>
		<document><![CDATA[I cant believe that]]></document>
		<document><![CDATA[Reyt i tek that back]]></document>
		<document><![CDATA[Barneys having a neetmare]]></document>
		<document><![CDATA[@alexjrhodes do you still have the ticket?]]></document>
		<document><![CDATA[Watching liam jones eat a fucking mcflurry is like watching paint dry]]></document>
		<document><![CDATA[The most horrific words you could ever see...liam jones is typing @theshaunbarton @1NathanJPrice https://t.co/CD1uL7MBLy]]></document>
		<document><![CDATA[80% in gel exam,ill tek that]]></document>
		<document><![CDATA[Pathetic transfer window barnsley]]></document>
		<document><![CDATA[Stupid challenge from mowatt.thats the leeds in him]]></document>
		<document><![CDATA[Bogle to leeds ffs]]></document>
		<document><![CDATA[Questionable leaving bradshaw out]]></document>
		<document><![CDATA[Had the weirdest dream that trump visited my nans house to make a speech...]]></document>
		<document><![CDATA[Totally undeserved]]></document>
		<document><![CDATA[That Randall is shit.i hope barnsley don't end up getting him on loan]]></document>
		<document><![CDATA[Reyt start that #lfc]]></document>
		<document><![CDATA[Has anyone got a ticket for blossoms in at leeds in March?dont really fancy going on my own 😅]]></document>
		<document><![CDATA[Cannot wait for Black Sails on Sunday]]></document>
		<document><![CDATA[Fuck right off]]></document>
		<document><![CDATA[Inevitable,but it still fucking hurts]]></document>
		<document><![CDATA[IM THEREEEE]]></document>
		<document><![CDATA[Dom: "I'm taking Victoria out tomorrow".
Me:"Victoria who,where you going?"
Dom:"Victoria Sponge, and were having a date in my stomach"]]></document>
		<document><![CDATA[Genuinely considering benicassim if this second leeds announcement is shit]]></document>
		<document><![CDATA[Good luck at villa @Jamesbree_97,thanks for the memories 🔴🔴🔴]]></document>
		<document><![CDATA[@thetrainline hi,can you tell me if trains are running normally between sheffield and barnsley today?on the app it says buses all day]]></document>
		<document><![CDATA[Give Josh Scowen the captaincy when conor goes]]></document>
		<document><![CDATA[What the fuck is roberts doing]]></document>
		<document><![CDATA[Get me off this Bastard train.av been attacked by leeds fans]]></document>
		<document><![CDATA[Absolutely disgusting https://t.co/2adia4IIdl]]></document>
		<document><![CDATA[@jamessheehanUK yeah i know,its a ball ache but it was inevitable.at least it doesnt look hes going to wednesday]]></document>
		<document><![CDATA[If its true about conor,then what an amazing servant he has been to our club.no money can replace the memories hes made,fully deserved move.]]></document>
		<document><![CDATA[Shauns snapchat story pretty much sums up last night.filthy]]></document>
		<document><![CDATA[Every fucking time]]></document>
		<document><![CDATA[I mean what the actual fuck]]></document>
		<document><![CDATA[Not hourihane.please]]></document>
		<document><![CDATA[I swear to god if hourihane joins him...]]></document>
		<document><![CDATA[Cant believe hes actually going to wednesday...on the day of Rimmo's funeral aswell]]></document>
		<document><![CDATA[If Barnsley sell winnall and hourihane to Wednesday for peanuts i will NEVER set foot in oakwell again]]></document>
		<document><![CDATA[There is literally no better music to revise to than the lumineers]]></document>
		<document><![CDATA[Cant wait to be rid of this critical fucking geographies exam]]></document>
		<document><![CDATA[I would have rather just we just got knocked out than have to replay.its going to fuck us up in the league]]></document>
		<document><![CDATA[This critical geog exam is gonna be the death of me]]></document>
		<document><![CDATA[What the fuck is lord commander mormont doing in big brother?]]></document>
		<document><![CDATA[Modern family back tonight 👌👌👌]]></document>
		<document><![CDATA[@jamessheehanUK yes 😂 becca had to pull over on a country road,nearly got car stuck in a ditch.nana was furious]]></document>
		<document><![CDATA[Carrie fisher dying is the worst one this year for me]]></document>
		<document><![CDATA[There's some lethal old bastards with trolleys in Morrison's]]></document>
		<document><![CDATA[So hallam have randomly awarded me an 800 quid bursary...]]></document>
		<document><![CDATA[At least 20 kids shouted "Ron Weasley" at me at the Warner Bros tour today]]></document>
		<document><![CDATA[Blackpool away for a fiver,don't mind if i do]]></document>
		<document><![CDATA[Right choice alan]]></document>
		<document><![CDATA[Why do they have to come around the entire spiral just do their pitches? 😂]]></document>
		<document><![CDATA[RYAN FUCKING WILLIAMS]]></document>
		<document><![CDATA[Pathetic start]]></document>
		<document><![CDATA[Loving the CGI princess leia and tarkin #RogueOne]]></document>
		<document><![CDATA[Ridiculous how much joe donovan looks like jon snow]]></document>
		<document><![CDATA[@MatGillott but is charisma is awful.and his business idea could just be ripped off]]></document>
		<document><![CDATA[Should have been Jessica instead if Courtney #apprentice]]></document>
		<document><![CDATA[Cant wait for rogue one on friday]]></document>
		<document><![CDATA[Can someone please explain to me what happened with hammill]]></document>
		<document><![CDATA[@MatGillott the pantry beckons]]></document>
		<document><![CDATA[Cant wait to have my haircut tomorrow.right fucking mess]]></document>
		<document><![CDATA[Fucking hell fire]]></document>
		<document><![CDATA[Fucking cellino]]></document>
		<document><![CDATA[@propagandasheff getaway blossoms]]></document>
		<document><![CDATA[@_sophiesheehan think it tops it tbf 😂]]></document>
		<document><![CDATA[@_sophiesheehan classic kath]]></document>
		<document><![CDATA[Mi mums gonna and bought me 4 tickets for the red hot chili PIPERS at sheffield city hall......she genuinely thought it was the real thing]]></document>
		<document><![CDATA[Could have had a lie in for the first time in god knows how long,instead i wake up for that shower of shite]]></document>
		<document><![CDATA[What an awful,awful announcement that is]]></document>
		<document><![CDATA[Can't wait for getaway tonight @BlossomsBand]]></document>
		<document><![CDATA[Great.rents fucked]]></document>
		<document><![CDATA[@jaacob_d still angry from them cancelling 😂]]></document>
		<document><![CDATA[Literally gaining nothing from this lecture]]></document>
		<document><![CDATA[Paying 13 quid to sit in the bury end was worth it just to see jacob mellis get sent off 😂😂😂]]></document>
		<document><![CDATA[James morrison is so overrated.great goal]]></document>
		<document><![CDATA[Why the fuck would you pretend to be homeless in this weather.get art mi face]]></document>
		<document><![CDATA[Sheffields going to flood,its going to flood,its going to flood,its gonna...]]></document>
		<document><![CDATA[For the second mimutes silence in a row,the half-time draw guy has forgotten and shouted it at the top of his voice 😂]]></document>
		<document><![CDATA[Think I'm actually addicted to tea]]></document>
		<document><![CDATA[Just realised that barnsley v forest is at the same time as teeners 😭😭😭]]></document>
		<document><![CDATA[Super moon my arse]]></document>
		<document><![CDATA[Got mi blossoms ticket for leeds.who else is going?]]></document>
		<document><![CDATA[I've woke up to the news that a racist satsuma has taken over the world.Surreal]]></document>
		<document><![CDATA[Think me and matty must be the only 2 lads whove come to this together who aren't gay]]></document>
		<document><![CDATA[@avagmercerr @BlossomsBand reyt price that]]></document>
		<document><![CDATA[@avagmercerr @BlossomsBand seeing them in leicester at end of nov,but i reckon ill probably go https://t.co/yYRWuQxLA3 much are tickets?]]></document>
		<document><![CDATA[@avagmercerr @BlossomsBand im tempted]]></document>
		<document><![CDATA[@avagmercerr @BlossomsBand where at?]]></document>
		<document><![CDATA[Joel Dommett will be class on im a celeb]]></document>
		<document><![CDATA[Stinks of drains in Burton]]></document>
		<document><![CDATA[Praise the lord for Adam Davies]]></document>
		<document><![CDATA[@joehamby_22 no bud sorry]]></document>
		<document><![CDATA[Sober October?Completed it mate]]></document>
		<document><![CDATA[Liam Jones chucked art of crystal.i cant speyk]]></document>
		<document><![CDATA[2 hours til i can fucking drink]]></document>
		<document><![CDATA[Burton away next satdi anyone?spare ticket]]></document>
		<document><![CDATA[My god laura whitmore 🔥🔥🔥]]></document>
		<document><![CDATA[What a goal]]></document>
		<document><![CDATA[Well deserved tarn]]></document>
		<document><![CDATA[@jamessheehanUK he hadnt even had a sniff up til the goal]]></document>
	</documents>
</author>