<author lang="en">
	<documents>
		<document><![CDATA[Former Norway PM held at Washington airport over 2014 visit to Iran https://t.co/NmJ46oapD0]]></document>
		<document><![CDATA[@dtopping Sent along an email myself :)]]></document>
		<document><![CDATA[.@domjoly Directly correlated. https://t.co/RtuarDYKj4 https://t.co/rAhShrJGUb]]></document>
		<document><![CDATA[Hands up if you definitely still care about his tax returns https://t.co/EZ1g9wywNs]]></document>
		<document><![CDATA[@AfroStateOfMind Yeah the entire time I was watching that scene I was like...this DEFINITELY didn't happen.]]></document>
		<document><![CDATA[@elamin88 As an obvious observation, you have a great voice for radio.]]></document>
		<document><![CDATA[.@JenKirkman @RepDaveBrat Still waiting for my cheque for participation in the Women's March from...oh wait no I'm not, that's not a thing]]></document>
		<document><![CDATA[@come_back_shane Except Marine One is a helicopter so... https://t.co/014fmmF3pk]]></document>
		<document><![CDATA[@come_back_shane Pluto? Tatooine? Have they discovered Atlantis? https://t.co/Z0QcRtJCpP]]></document>
		<document><![CDATA[WHAT? WHAT? WHAT? ALSO HUH? https://t.co/4Z1pnTy6ro]]></document>
		<document><![CDATA[Someone put together a spread sheet of where U.S. elected politicians stand on the #refugeeban https://t.co/qb1uEZgRZs]]></document>
		<document><![CDATA[Look at our hella '90s poster. Also please come to our show tonight. It's the last in our VOODOO CHILD residency… https://t.co/xfbOVJiXut]]></document>
		<document><![CDATA[Look at our hella '90s poster. Also please come to our show tonight. It's the last in our VOODOO CHILD residency… https://t.co/BBSfdnjCjZ]]></document>
		<document><![CDATA[Are you near College and Bathurst? Come see my band y'all! Sets tonight @ VOODOO CHILD @ 9, 10 &amp; 11 NO COVER!… https://t.co/tYM7WO54gU]]></document>
		<document><![CDATA[Top 10 reasons Canada needs a national housing plan https://t.co/NTlsuA1Cs0 via @HuffPostCanada]]></document>
		<document><![CDATA[Look at our hella '90s poster. Also please come to our show tonight. It's the last in our VOODOO CHILD residency… https://t.co/v4D6mR2xVl]]></document>
		<document><![CDATA[Look at our hella '90s poster. Also please come to our show tonight. It's the last in our VOODOO CHILD residency… https://t.co/cGcX72wNwm]]></document>
		<document><![CDATA[The revolution will not go better with Coke. https://t.co/yyJ0btS2GV]]></document>
		<document><![CDATA[So uh guys will we be going quietly into the night here or not? What's the plan?]]></document>
		<document><![CDATA[This is full meltdown mode y'all!]]></document>
		<document><![CDATA[Sometimes they get it right, and sometimes they do not, but they should never feel afraid to exist. 7/]]></document>
		<document><![CDATA[I understand how every religion is made up of people, just people, coming together to do right by each other, and the rest of society. 6/]]></document>
		<document><![CDATA[I have felt what it is like to be openly mocked for my religion and to have no one stand up for me. 5/]]></document>
		<document><![CDATA[I have felt what it is like to have people be totally unaware of what my faith is and means to me. 4/]]></document>
		<document><![CDATA[I have felt what it is like not to have my Holy days off school and work. 3/]]></document>
		<document><![CDATA[I stand because I understand, as a Baha'i, what it's like to have a religion people don't understand nor do they care to understand. 2/]]></document>
		<document><![CDATA[I stand with Muslims today, and always, not just because it is the morally correct thing to do. 1/]]></document>
		<document><![CDATA[Statement on the Sainte-Foy attack from the Director of Public Affairs for the Baha'i community of Canada https://t.co/UVpeAzQ3Yn]]></document>
		<document><![CDATA[@mstharrington Sitting in my control room at work on a hard 6.]]></document>
		<document><![CDATA[@njaved As a woman and a fellow journalist I stand with you Noor.]]></document>
		<document><![CDATA[U.S. Consulate in Toronto has a decent crowd  in front this morning protesting the refugee ban. https://t.co/kIRTIifYdK]]></document>
		<document><![CDATA[HOOMANS! If you like you tunes you can buy them in physical form! https://t.co/zenVVfnBXm https://t.co/ZQbeajGpJn]]></document>
		<document><![CDATA[Almost forgot my cake! (This is a not subtle plug for my album) https://t.co/YkbfN7QIve https://t.co/DmIVHnowYj]]></document>
		<document><![CDATA[Also 400 sq feet for $1700 per month? GTFO. https://t.co/xRyeRjLUPo]]></document>
		<document><![CDATA[10 Tiny (But Meaningful) Ways to Protest Daily https://t.co/OCzfmBIcMG via @manrepeller]]></document>
		<document><![CDATA[It's worrying that this is one of the more rational things he's said so far... https://t.co/2JfeCm22we]]></document>
		<document><![CDATA[Yeah tell the world's journalists to just shut up. That usually works... https://t.co/kzt51fWvZH]]></document>
		<document><![CDATA[Me. At work. Everyday. https://t.co/wW2W19WQtB]]></document>
		<document><![CDATA[This sandwich is my spirit animal. https://t.co/h2N2h92IHJ]]></document>
		<document><![CDATA[@beigeshelter Meow! We're playing with y'all at Lee's on the 9th. https://t.co/wwApQeg4Py]]></document>
		<document><![CDATA[@LCoyotemusic Meow! We're playing with y'all at Lee's on the 9th. https://t.co/mbR9XnZJ1N]]></document>
		<document><![CDATA["What's next?" https://t.co/3qlIdpzdPc]]></document>
		<document><![CDATA[.@elamin88 he's busy making bad real estate deals https://t.co/kmcgM90wzj]]></document>
		<document><![CDATA[Use the EPA's Greener Living page before they take that down too https://t.co/e5i4KOWeyY https://t.co/2JJ93vf1Yy]]></document>
		<document><![CDATA[I have a headache. https://t.co/kHMo2lIo1v]]></document>
		<document><![CDATA[Been looking for the physical paper in Toronto for months, finally gave up and subscribed digitally @washingtonpost https://t.co/TbcchEC4Nb]]></document>
		<document><![CDATA[@SouthernHomo #ImWithSmokeyBear https://t.co/AUaWfpS7wS]]></document>
		<document><![CDATA[.@postgreen @bydarrylfears @KaylaEpstein #ImWithSmokeyBear https://t.co/rNKG06nuBz]]></document>
		<document><![CDATA[#ImWithSmokeyBear @AltNatParkSer https://t.co/54hPvCk6xc]]></document>
		<document><![CDATA[Goodwill on the move in the GTA | LEVY | Toronto &amp; GTA | News | Toronto Sun https://t.co/cCwvgZxZEa]]></document>
		<document><![CDATA[I'm gonna take a hard pass on the whole living in interesting times thing... https://t.co/wHCJunKSzd]]></document>
		<document><![CDATA[.@AkilahObviously I feel this super hard.]]></document>
		<document><![CDATA[Gonna spend the Trump era aggressively and MONETARILY supporting the arts. Music. Theatre. Visual. Lit. Indie Film. JOURNALISM.]]></document>
		<document><![CDATA[SUPPORT YOUR PUBLIC BROADCASTER. SUPPORT YOUR PUBLIC BROADCASTER. SUPPORT YOUR PUBLIC BROADCASTER. SUPPORT YOUR PUBLIC BROADCASTER. SUPPORT]]></document>
		<document><![CDATA[Are you near College and Bathurst? Come see my band y'all! Sets tonight @ VOODOO CHILD @ 9, 10 &amp; 11 NO COVER!… https://t.co/zkwCo3tu5F]]></document>
		<document><![CDATA[@althiaraj That's...not a no though. https://t.co/oAcGnCIfmO]]></document>
		<document><![CDATA[@reutersLjungg That's not a no. https://t.co/TElp2b85ht]]></document>
		<document><![CDATA[Can someone call @BillNye to make sure he hasn't had a heart attack and died from all this TERRIBLE news? https://t.co/4fCSD2EleK]]></document>
		<document><![CDATA[NO. NO. NO. NO. NOOOOOOOOOOOOOOOOOOOOO!
USDA Scientists Have Been Put On Lockdown Under Trump https://t.co/pD0p5yBb95 via @dino_grandoni]]></document>
		<document><![CDATA[What the what!? https://t.co/l8EBS4XhGM]]></document>
		<document><![CDATA[@katiejensen agrees. Also musicals with actors who can't sing or dance fill me with rage.]]></document>
		<document><![CDATA[My sister loves @KevinHart4real not because he's funny but because they are both short and she emulates how he dresses for his body type.]]></document>
		<document><![CDATA[Trump Has Yet To Sever Ties With Businesses, Despite Promises, Report Says https://t.co/XB3OJtLgEe]]></document>
		<document><![CDATA[This. https://t.co/uZfINRniSY]]></document>
		<document><![CDATA[This is a GREAT idea for a podcast @washingtonpost https://t.co/5fQd7Hpra7]]></document>
		<document><![CDATA['Whatever means necessary': How these insiders tricked Loblaws shoppers into signing up for credit cards https://t.co/MVR38AN8Vj]]></document>
		<document><![CDATA[It's so warm, Toronto has dispensed with having winter and we now only have one season: construction.]]></document>
		<document><![CDATA[Waiting for the 501 like "Well...I guess I live here now." @TTCwelps]]></document>
		<document><![CDATA[@JenKirkman Toronto! I had a long conversation about how great you are tonight.]]></document>
		<document><![CDATA[@Scaachi I literally have the EXACT SAME phrasing of this thought written down in a reporters pad.]]></document>
		<document><![CDATA[We are living in a time when subscribing to your local paper is a form of resistance...so...please go do that! #SeanSpicer]]></document>
		<document><![CDATA[Wondering why they made us all read 1984 in High School guys? Sean Spicer. That's why.]]></document>
		<document><![CDATA[You spelled lies wrong. https://t.co/oUEgekuJ0L]]></document>
		<document><![CDATA[Me: I'm gonna be in a bad mood for the foreseeable future.
Colleague: Minimum two years. 
@OHnewsroom]]></document>
		<document><![CDATA[.@washingtonpost International journos need fuller access to your coverage!]]></document>
		<document><![CDATA[.@washingtonpost We need you to distribute to Canada. DC has more reporters per square inch than anywhere is in the US.]]></document>
		<document><![CDATA[Can someone get Jaden like...a coffee or something? https://t.co/qbfF2R89Z1]]></document>
		<document><![CDATA[My face is genuinely starting to hurt from scowling since I woke up this morning.]]></document>
		<document><![CDATA[Remember when Trump first said some awful stuff about Mexicans and we all thought this was over before it started? Good times.]]></document>
		<document><![CDATA[I'm going to be very surprised if I get through tomorrow without throwing up out of stress at some point.]]></document>
		<document><![CDATA[@RheaButcher Wording things like it's regular folks vs. the media is dangerous. That's my issue.]]></document>
		<document><![CDATA[.@RheaButcher The media must be self-policing to improve so don't distance yourself from it. You are it. And that is good.]]></document>
		<document><![CDATA[.@RheaButcher Of course, and you should but 'the media' is something we're both inside. Own the significant power you've achieved.]]></document>
		<document><![CDATA[.@RheaButcher True. But you have your own TV show so...you're part of that media.]]></document>
		<document><![CDATA[.@mjblair @okjonblair @realDonaldTrump I mean he usually gets glossy covers for his diaries so you know this one is… https://t.co/fho3rGvNmA]]></document>
		<document><![CDATA[.@cameronesposito Thinking about Trump singing that song is bring me great joy. https://t.co/iW3fAWqw8W]]></document>
		<document><![CDATA[Wednesday is the perfect day to feel like a pile of trash with lipstick on. https://t.co/9jpynRKPjv]]></document>
		<document><![CDATA[@LRwriter For sure I get that. Just making sure you were aware of the disproportionately forceful context of the word. Many don't.]]></document>
		<document><![CDATA[@LRwriter Also I meant to say that it's worth keeping in mind that 'attitude' is a loaded term for many WoC.]]></document>
		<document><![CDATA[Are you near College and Bathurst? Come see my band y'all! Sets tonight @ VOODOO CHILD @ 9, 10 &amp; 11 NO COVER!… https://t.co/zOBZww8Pyx]]></document>
		<document><![CDATA[Are you near College and Bathurst? Come see my band y'all! Sets tonight @ VOODOO CHILD @ 9, 10 &amp; 11 NO COVER!… https://t.co/ViiEU6Tftz]]></document>
		<document><![CDATA[@LRwriter Good stuff ✌]]></document>
		<document><![CDATA[Look at our hella '90s poster. Also please come to our show tonight https://t.co/ZQc8eDFHwi https://t.co/fWnSUJKLN4]]></document>
		<document><![CDATA[@LRwriter I get your motivation, and I just think her reaction doesn't surprise me as you could have been clearer.]]></document>
		<document><![CDATA[@LRwriter Fair but that's answering a question she wasn't asking. The # in that context was super weird. So you initial comment was random.]]></document>
		<document><![CDATA[@LRwriter Well you didn't answer her question, because you didn't understand her question at first.]]></document>
		<document><![CDATA[@LRwriter Not trying to be a jerk it's just the conversation made me cringe and tone-policing is rarely helpful.]]></document>
		<document><![CDATA[@LRwriter Yeah but in context your comment wasn't helpful. It was condescending.]]></document>
		<document><![CDATA[@LRwriter You're the one who told her to "cut the attitude" which is super tone deaf.]]></document>
		<document><![CDATA[Look at our hella '90s poster. Also please come to our show tonight https://t.co/ZQc8eDFHwi https://t.co/dT42TFeGIG]]></document>
	</documents>
</author>