<author lang="en">
	<documents>
		<document><![CDATA[Drinking a Lovebeer by @camba_beer @ Countdown — https://t.co/Q9Q6Yxepxh #photo]]></document>
		<document><![CDATA[I just earned the 'Paint the Town Red (Level 10)' badge on @untappd! https://t.co/dgPlDgtRcc]]></document>
		<document><![CDATA[I just earned the 'Verified Adventure (Level 37)' badge on @untappd! https://t.co/ntPL0Ak0Zq]]></document>
		<document><![CDATA[I just earned the 'Verified Adventure (Level 36)' badge on @untappd! https://t.co/QYfLoQOHFB]]></document>
		<document><![CDATA[I just earned the '2X (Level 13)' badge on @untappd! https://t.co/XvuXWX7orF]]></document>
		<document><![CDATA[I just earned the 'Das Boot (Level 9)' badge on @untappd! https://t.co/ke1jr1XDNg]]></document>
		<document><![CDATA[#stingrayipa #stingrayipaday #uscraftbeerinnz #hashigozake #Davefest #coronadobrewing @ Hashigo… https://t.co/PgEeJz3doF]]></document>
		<document><![CDATA[I just earned the 'Danish Delight (Level 7)' badge on @untappd! https://t.co/xeJ8zGKZ3R]]></document>
		<document><![CDATA[I just earned the 'Verified Adventure (Level 35)' badge on @untappd! https://t.co/AtUzOzzo5x]]></document>
		<document><![CDATA[I just earned the 'Trip to the Farm  (Level 21)' badge on @untappd! https://t.co/BJqG5XAXZZ]]></document>
		<document><![CDATA[I just earned the 'Sky's the Limit (Level 42)' badge on @untappd! https://t.co/YyZv82MDXc]]></document>
		<document><![CDATA[I just earned the 'Verified Adventure (Level 34)' badge on @untappd! https://t.co/jQsR3y1iJE]]></document>
		<document><![CDATA[I just earned the 'Ich Bin Ein Berliner' badge on @untappd! https://t.co/OfSLVIflFv]]></document>
		<document><![CDATA[I just earned the 'Verified Adventure (Level 33)' badge on @untappd! https://t.co/GAXD2laUJS]]></document>
		<document><![CDATA[I just earned the 'Riding Steady (Level 10)' badge on @untappd! https://t.co/SMZTJwDdfK]]></document>
		<document><![CDATA[I just earned the 'Verified Adventure (Level 32)' badge on @untappd! https://t.co/hWxDhchFzi]]></document>
		<document><![CDATA[I just earned the 'Fruits of Your Labor (Level 7)' badge on @untappd! https://t.co/i9YvWLtG2X]]></document>
		<document><![CDATA[I just earned the 'Fields of Gold (Level 5)' badge on @untappd! https://t.co/Si6dxTA8Ew]]></document>
		<document><![CDATA[I just earned the 'Verified Adventure (Level 31)' badge on @untappd! https://t.co/khdfrXVxdg]]></document>
		<document><![CDATA[I just earned the 'Down In Smoke (Level 3)' badge on @untappd! https://t.co/uj41tBn4ea]]></document>
		<document><![CDATA[I just earned the 'Verified Adventure (Level 30)' badge on @untappd! https://t.co/DMu9mBpiXp]]></document>
		<document><![CDATA[I just earned the 'Das Boot (Level 8)' badge on @untappd! https://t.co/zHS201WU5i]]></document>
		<document><![CDATA[I just earned the 'Danish Delight (Level 6)' badge on @untappd! https://t.co/V7dosTgTPz]]></document>
		<document><![CDATA[I just earned the '2X (Level 12)' badge on @untappd! https://t.co/HS2mgT5Hru]]></document>
		<document><![CDATA[I just earned the 'Sky's the Limit (Level 41)' badge on @untappd! https://t.co/K9G6IkAQVp]]></document>
		<document><![CDATA[I just earned the 'Dubbel, Tripel and Quad Oh My! (Level 4)' badge on @untappd! https://t.co/zsK6tSPUXs]]></document>
		<document><![CDATA[I just earned the 'What Gose Round (Level 6)' badge on @untappd! https://t.co/Q74yw7eqdd]]></document>
		<document><![CDATA[I just earned the 'Danish Delight (Level 5)' badge on @untappd! https://t.co/QDB91nVQGt]]></document>
		<document><![CDATA[I just earned the 'Winter Wonderland (Level 5)' badge on @untappd! https://t.co/EBtDdsFmMl]]></document>
		<document><![CDATA[I just earned the 'Riding Steady (Level 9)' badge on @untappd! https://t.co/HjmjYFTN7B]]></document>
		<document><![CDATA[I just earned the 'Cheers To You! (Level 6)' badge on @untappd! https://t.co/1sTEjIbafe]]></document>
		<document><![CDATA[I just earned the 'Verified Adventure (Level 29)' badge on @untappd! https://t.co/GaHPzHSfji]]></document>
		<document><![CDATA[I just earned the 'Iron Man (Level 2)' badge on @untappd! https://t.co/CK2WauFonM]]></document>
		<document><![CDATA[I just earned the 'The Great White North (Level 2)' badge on @untappd! https://t.co/zCVhbo8Jsi]]></document>
		<document><![CDATA[I just earned the 'Paint the Town Red (Level 9)' badge on @untappd! https://t.co/0l0iY106ue]]></document>
		<document><![CDATA[I just earned the 'Wheel of Styles (Level 20)' badge on @untappd! https://t.co/UWvo0ig9JD]]></document>
		<document><![CDATA[@MiramarMike no, its now @Hopfederation]]></document>
		<document><![CDATA[@amandapalmer not seeing any New Zealand dates on there yet, when are you coming over next?]]></document>
		<document><![CDATA[I just earned the 'Verified Adventure (Level 28)' badge on @untappd! https://t.co/WUIPKdaE5e]]></document>
		<document><![CDATA[I just earned the 'Happy Brew Year (2017)' badge on @untappd! https://t.co/w6STP4ugrb #brewyear]]></document>
		<document><![CDATA[@W_T_M yep, just got the bar open, hopefully finish in 5 hours or so]]></document>
		<document><![CDATA[@W_T_M tasting the new line up, also had to add it to @untappd hard job!]]></document>
		<document><![CDATA[I just earned the 'Imperial Czar (Level 3)' badge on @untappd! https://t.co/hoZp06ZjlJ]]></document>
		<document><![CDATA[I just earned the 'Verified Adventure (Level 27)' badge on @untappd! https://t.co/7mhTNkr6mo]]></document>
		<document><![CDATA[I just earned the 'Hoppy Hanukkah (2016)' badge on @untappd! https://t.co/sjXtvHBF3j]]></document>
		<document><![CDATA[I just earned the 'Merry Brew-mas (2016)' badge on @untappd! https://t.co/wti2C8EFsc #brewmas]]></document>
		<document><![CDATA[@_vitaminK @TiamanaBrew has played around making one called Malty - @kererubrewingco make Birch Beer, its more a tasty softdrink though]]></document>
		<document><![CDATA[I just earned the 'New Brew Thursday  (Level 34)' badge on @untappd! https://t.co/yJ5OAZvKRX]]></document>
		<document><![CDATA[My type of game! #craftbeer #beer #clawgame #wellington @ The Hideaway https://t.co/VzQptEoPIb]]></document>
		<document><![CDATA[I just earned the 'Pucker Up  (Level 50)' badge on @untappd! https://t.co/5T1kpuMpKC]]></document>
		<document><![CDATA[I just earned the 'Verified Adventure (Level 26)' badge on @untappd! https://t.co/ChBbZps72d]]></document>
		<document><![CDATA[From 2012 - Drinking a Voodoo Doughnut Bacon Maple Ale by @rogueales @ Beer Without Borders  — https://t.co/ewgKiBseHw #photo]]></document>
		<document><![CDATA[I just earned the 'Riding Steady (Level 8)' badge on @untappd! https://t.co/WD2fnOJKhY]]></document>
		<document><![CDATA[I just earned the 'Hopped Up (Level 34)' badge on @untappd! https://t.co/FlOzuLmZma]]></document>
		<document><![CDATA[I just earned the '2X (Level 11)' badge on @untappd! https://t.co/1yAOwtC8Jm]]></document>
		<document><![CDATA[I just earned the 'I'll Be Bock (Level 4)' badge on @untappd! https://t.co/I1Dk1tGg2r]]></document>
		<document><![CDATA[I just earned the 'Das Boot (Level 7)' badge on @untappd! https://t.co/4rbfzZ8Snp]]></document>
		<document><![CDATA[I just earned the 'Verified Adventure (Level 25)' badge on @untappd! https://t.co/cHs8tu6MLY]]></document>
		<document><![CDATA[I just earned the 'Riding Steady (Level 7)' badge on @untappd! https://t.co/PNmtGTWHWk]]></document>
		<document><![CDATA[I just earned the 'Verified Adventure (Level 24)' badge on @untappd! https://t.co/2nhU6WNzfA]]></document>
		<document><![CDATA[I just earned the 'Belgian Holiday  (Level 13)' badge on @untappd! https://t.co/KYe4QAL0Ta]]></document>
		<document><![CDATA[I just earned the 'Photogenic Brew  (Level 50)' badge on @untappd! https://t.co/jo7XLpHcYJ]]></document>
		<document><![CDATA[I just earned the 'Crisp as Day  (Level 13)' badge on @untappd! https://t.co/FydTH39AC3]]></document>
		<document><![CDATA[I just earned the 'Verified Adventure (Level 23)' badge on @untappd! https://t.co/ivd0VZaszD]]></document>
		<document><![CDATA[I just earned the 'Hopped Up (Level 33)' badge on @untappd! https://t.co/czitsL7z6R]]></document>
		<document><![CDATA[I just earned the 'Photogenic Brew  (Level 49)' badge on @untappd! https://t.co/hNqCEm2xJM]]></document>
		<document><![CDATA[I just earned the 'Lager Jack  (Level 20)' badge on @untappd! https://t.co/OI3KFoFamh]]></document>
		<document><![CDATA[I just earned the 'Fields of Gold (Level 4)' badge on @untappd! https://t.co/1jBCmoH6qP]]></document>
		<document><![CDATA[I just earned the 'Beer-giving (2016)' badge on @untappd! https://t.co/3oyqjSrtvf #beergiving]]></document>
		<document><![CDATA[I just earned the 'Riding Steady (Level 6)' badge on @untappd! https://t.co/QTGJgih28Q]]></document>
		<document><![CDATA[I just earned the 'New Brew Thursday  (Level 33)' badge on @untappd! https://t.co/RivJZNlu6h]]></document>
		<document><![CDATA[I just earned the 'Photogenic Brew  (Level 48)' badge on @untappd! https://t.co/nxci7ZmPZG]]></document>
		<document><![CDATA[I just earned the 'Down Under  (Level 42)' badge on @untappd! https://t.co/mOZUDUciTh]]></document>
		<document><![CDATA[I just earned the 'Verified Adventure (Level 22)' badge on @untappd! https://t.co/DvxyZlBQQh]]></document>
		<document><![CDATA[Some great garageproject @kererubrewingco 8wiredbrewing moderntimesbeer modernmattbrews beer in… https://t.co/Fc0d8BhSuB]]></document>
		<document><![CDATA[I just earned the 'Wheel of Styles (Level 19)' badge on @untappd! https://t.co/1uFFMAy3jg]]></document>
		<document><![CDATA[Drinking #craftbeer #piratelife #newtown #soba @ Monterey Bar https://t.co/jfTOgdLO7v]]></document>
		<document><![CDATA[I just earned the 'Trip to the Farm  (Level 20)' badge on @untappd! https://t.co/M5MhMvL7W5]]></document>
		<document><![CDATA[I just earned the 'Riding Steady (Level 5)' badge on @untappd! https://t.co/Dtt3UVmSkB]]></document>
		<document><![CDATA[I just earned the 'Bravo for Brown (Level 7)' badge on @untappd! https://t.co/92kS0tSKNP]]></document>
		<document><![CDATA[I just earned the 'Verified Adventure (Level 21)' badge on @untappd! https://t.co/IGI23aM3sZ]]></document>
		<document><![CDATA[I just earned the 'Cheers To You! (Level 5)' badge on @untappd! https://t.co/4e7btQc4Re]]></document>
		<document><![CDATA[@jonogaluszka @BeerLibraryCHCH has one.]]></document>
		<document><![CDATA[I just earned the 'Riding Steady (Level 4)' badge on @untappd! https://t.co/IbXF2a3s4P]]></document>
		<document><![CDATA[I just earned the 'You're Extra Special (Level 3)' badge on @untappd! https://t.co/p012s1yqjG]]></document>
		<document><![CDATA[I just earned the 'Verified Adventure (Level 20)' badge on @untappd! https://t.co/4mHGIzQPnI]]></document>
		<document><![CDATA[@greigmcgill not too much work to get there! Between a trip to @Regionalbeer and @ForkandBrewer i should get there.]]></document>
		<document><![CDATA[I just earned the 'Pucker Up  (Level 49)' badge on @untappd! https://t.co/efx2BGwrsj]]></document>
		<document><![CDATA[Good time for a surf right now.. https://t.co/BDAMw53mLN]]></document>
		<document><![CDATA[From 1958? It could be.. #oldbooze @ Newtown, New Zealand https://t.co/SbrMKD7mk6]]></document>
		<document><![CDATA[I just earned the 'Rising Sun  (Level 16)' badge on @untappd! https://t.co/i1fZgkEcnN]]></document>
		<document><![CDATA[I just earned the 'Sky's the Limit (Level 40)' badge on @untappd! https://t.co/klZIbPuCeT]]></document>
		<document><![CDATA[Drinking a Triple Day Of The Dead by @garage_project @ Wellington Artificial Limb Centre — https://t.co/pAxABKoxPa #photo]]></document>
		<document><![CDATA[I just earned the '2X (Level 10)' badge on @untappd! https://t.co/ebWbj2Qm61]]></document>
		<document><![CDATA[I just earned the 'Here Come the Vikings!' badge on @untappd! https://t.co/iSUsaak3Hz]]></document>
		<document><![CDATA[I just earned the 'Photogenic Brew  (Level 47)' badge on @untappd! https://t.co/spGnyokKZS]]></document>
		<document><![CDATA[Drinking a Oak Aged Imperial Stout - Cognac by @camba_beer @ Wellington Artificial Limb Centre — https://t.co/wlakyZAZH5 #photo]]></document>
		<document><![CDATA[I just earned the 'Better Together (Level 12)' badge on @untappd! https://t.co/uJpsKf1Kc2]]></document>
		<document><![CDATA[I just earned the 'Hopped Up (Level 32)' badge on @untappd! https://t.co/bizbbhvtrC]]></document>
		<document><![CDATA[I just earned the 'Raising the Heat (Level 2)' badge on @untappd! https://t.co/zoHQosAdyW]]></document>
	</documents>
</author>