<author lang="en">
	<documents>
		<document><![CDATA[@briancarroll78 @FmckPTherapy When you see them players doing that you just realise how strong that Dublin senior squad actually is]]></document>
		<document><![CDATA[@briancarroll78 35 lads in a training camp in Johnstown the weekend. Hard to see any of them getting in the squad. Hudson Smith Reddin maybe]]></document>
		<document><![CDATA[@briancarroll78 @dublingaa Back to their clubs]]></document>
		<document><![CDATA[Putting together Ikea shite can go fuck itself too]]></document>
		<document><![CDATA[And then Thistlecrack loses fuckin hell I'm going back to bed]]></document>
		<document><![CDATA[@LFC useless fuckin twats]]></document>
		<document><![CDATA[Fuckin embarrassing at this stage]]></document>
		<document><![CDATA[There better be at least 2 changes at half time. If not it shows how much Klopp doesn't give a fuck about the competition]]></document>
		<document><![CDATA[Especially after losing the last 2 games at home. Season is pretty much finished after today. Confidence is in the toilet]]></document>
		<document><![CDATA[Absolute cunt of a decision picking that side today. As I said yesterday I 100% trust Klopp. But fuck me ya don't pick a side like that]]></document>
		<document><![CDATA[Exceptional 👌 #t2trainspotting #Chooselife #lustforlife @ Dublin, Ireland https://t.co/YqwKFovEfO]]></document>
		<document><![CDATA[@Staf9 Exactly so I don't bother talking about it anymore. I just wait until they sign. We can't effect it in any way so why bother]]></document>
		<document><![CDATA[@Staf9  It's ridiculous. Whether it's Klopp's choice or not a lot of that squad is still not his. He needs time]]></document>
		<document><![CDATA[Be careful what you wish for. Me personally I love Klopp and he needs time. #Bosstha]]></document>
		<document><![CDATA[Let's be honest about this Klopp is a top class manager. If he leaves we could end up with a Brendan Rodgers type manager again.]]></document>
		<document><![CDATA[100% I've a question for the people that want Klopp out? Who do you think is better out there than Klopp that would… https://t.co/oyQgwf6JzI]]></document>
		<document><![CDATA[@PhillyG_ what did he say can't really hear it]]></document>
		<document><![CDATA[How many followers do you get weekly? 14 awesome new followers for me! Grow with https://t.co/5jufjrdQUc]]></document>
		<document><![CDATA[@FM104 @ODEONDublin Was the winner announced of the retweet competition from last night? Thanks]]></document>
		<document><![CDATA[Exactly.....obsessed 👍 https://t.co/eyDtUDEPgM]]></document>
		<document><![CDATA[Minimum contact.....You blind twat @fizzer18 Get back on Match of the day with all the other idiots! https://t.co/dPB5mEriYn]]></document>
		<document><![CDATA[@NinaKauser @AnfieldIndex Dry January is definitely been taken literally in the Liverpool team]]></document>
		<document><![CDATA[Before Forster gets near the ball Sturridge should have been launching himself at that ball like a missile. https://t.co/Q34hyaFkWm]]></document>
		<document><![CDATA[@LFCTV Fuck off]]></document>
		<document><![CDATA[@mark_branagan If a system is built around him like LFC 2014 he's effective. Looks as if he's afraid to push himself incase of injury again]]></document>
		<document><![CDATA[Current mood #Fumin #Fuckit @ Sky Ireland https://t.co/dlz3VuxOHt]]></document>
		<document><![CDATA[Still fuckin fumin...lads in work are gonna have a great day with me https://t.co/cKJ35cUkrb]]></document>
		<document><![CDATA[@mark_branagan Yeah 100% he doesn't fit the system. Won't sprint anymore either. His finishing is even gone now too. Time to cash in]]></document>
		<document><![CDATA[@robertpurfield Win the league with him so we would]]></document>
		<document><![CDATA[@robertpurfield Taught I'd seen it somewhere. Should just sign Messi and be done with it like]]></document>
		<document><![CDATA[@vincent_kelly1 Oh jesus. Best of luck with that. Safe travels! I'm off to kick the fuck out of the neighbours cat for a while 😂😂]]></document>
		<document><![CDATA[@robertpurfield Didn't he also say "Make sure you sign that nobody from Germany that you sign on Football manager" #Genius]]></document>
		<document><![CDATA[Sure bring Sakho back in lads that will fix it]]></document>
		<document><![CDATA[@vincent_kelly1 @Carra23 Spouting loads of other shite too. Sticking the knife in and twisting it!!]]></document>
		<document><![CDATA[@PaORourke89 Being from Meath and being a Liverpool fan is like double pain isn't that right @robertpurfield 😂😂]]></document>
		<document><![CDATA[@PaulWebsterjpw Ah fuck the lot of them Paul. Fuckin fumin]]></document>
		<document><![CDATA[@savage_pencil And your shitty little club]]></document>
		<document><![CDATA[@savage_pencil Go fuck yourself]]></document>
		<document><![CDATA[Hope Southampton get tanked in the final and Shane Long breaks his legs. I'm off to bed..]]></document>
		<document><![CDATA[@vincent_kelly1 Carragher reckons Origi dived too the fuckin twat]]></document>
		<document><![CDATA[@vincent_kelly1 He can fuck off the cunt. How that Atkinson cunt isn't giving that pen I'll never know. Poor as we were. We were robbed]]></document>
		<document><![CDATA[Southampton can fuck off too hope they get murdered. That little diving cunt Long can do one too the twat.]]></document>
		<document><![CDATA[Been robbed blind there by that Martin Atkinson cunt. Fuckin scum]]></document>
		<document><![CDATA[Can instead of Wijnaldum #LFC https://t.co/zGxCIs10aA]]></document>
		<document><![CDATA[Welcome to Anfield @vincent_kelly1 @DavidHectorGray https://t.co/YURTEeLPjq]]></document>
		<document><![CDATA[@PPOffers Coutinho Liverpool 3-1 #paddyppileup]]></document>
		<document><![CDATA[Great news to wake up to today. @phil_coutinho #omágico #LFC #themagician @ Dublin, Ireland https://t.co/OnqNs2NIHN]]></document>
		<document><![CDATA[@vincent_kelly1 https://t.co/ydPLKTiciP I think his hat trick goal in this game was his best. Unbelievable player #Ijustcantgetenough]]></document>
		<document><![CDATA[Been saying it for ages. Needs dropping if we want to save our season #LFC https://t.co/smnISzyN54]]></document>
		<document><![CDATA[@AaronCGShore @JodieMarsh She blocked me too 😂😂 pure hypocrite https://t.co/rljqUusQrr]]></document>
		<document><![CDATA[@ScottGShore She blocked me too 😂😂😂 https://t.co/bE8s9geOls]]></document>
		<document><![CDATA[All the people liking and retweeting ya's would wanna be careful she'll block you too 😂😂😂 https://t.co/OPbai4L2fR]]></document>
		<document><![CDATA[Green Bay Packers defending like Liverpool here. Shocking. #ChampionshipSunday #RiseUp https://t.co/UxJaZM2dzO]]></document>
		<document><![CDATA[@andyharan9 Diego chants after 30 seconds fuckin hell. #Rentboys]]></document>
		<document><![CDATA[The rat Diego Costa starts for Chelsea again. The Chelsea fans will surely welcome him back with open arms.]]></document>
		<document><![CDATA[Dunno why the Arsenal fans are booing the ref. They just got handed a winning goal by the officials]]></document>
		<document><![CDATA[@DavidHectorGray He's off the ground though. Refs never give the benefit of the doubt there]]></document>
		<document><![CDATA[@DavidHectorGray Dives in with two feet always gonna get a red these days. Never would have been given 15-20 years ago]]></document>
		<document><![CDATA[Great result for the young Dubs playing today. The Wee county up next  #Upthedubs @DubGAAOfficial]]></document>
		<document><![CDATA[Xhaka is a dirt bag. Whatever quality he has is overshadowed by the fact that he can't tackle]]></document>
		<document><![CDATA[@piersmorgan Bit slow on the uptake there]]></document>
		<document><![CDATA[7 hours since the game and Twitter is still a no go area. Fuckin hell lads. That must be Lovren fault too. #Turnitin]]></document>
		<document><![CDATA[@richardajkeys Fuck off you hairy handed gimp]]></document>
		<document><![CDATA[Dog shite from start to finish. League is gone now. Firmino the only one to come out of that with any praise. #LFC]]></document>
		<document><![CDATA[@JodieMarsh Jesus Jodie Marsh talking about the public wanting classy https://t.co/ZXen90hxCD]]></document>
		<document><![CDATA[14 tweeps followed (thank you!) and 15 unfollowed (goodbye!) me in the past week. Thank you https://t.co/5jufjrvsiM.]]></document>
		<document><![CDATA[@willfoy316 Never too early https://t.co/mCnuMeZMuv]]></document>
		<document><![CDATA[@_Mathletics @piersmorgan Throw me in there too ya cunt https://t.co/TvTrNsfSaY]]></document>
		<document><![CDATA[Yeah this https://t.co/vfLfNVunnD]]></document>
		<document><![CDATA[Origi has been cat tonight. Should be dominating games like this #LFC]]></document>
		<document><![CDATA[@PPOffers Sturridge last goal. Bradley last card #PaddyPPileup]]></document>
		<document><![CDATA[Oh it's true it's damn true @RealKurtAngle @WWE @WWENetwork  Hall of Famer 2017 https://t.co/8kN4oIs12u]]></document>
		<document><![CDATA[@LFCTransferNRS Couple more first teamers. Possibly start Sturridge I'd say]]></document>
		<document><![CDATA[@PaulWebsterjpw I don't get it to be honest. A lot of Liverpool fans like to run him down. When Matip is in they look great together]]></document>
		<document><![CDATA[He was poor according to some on here. He's been solid most of the season. Fair play to him https://t.co/47EDoETLWx]]></document>
		<document><![CDATA[I don't know who is worse this lad or Paul  Merson. The fact that these lads get paid to talk about football baffle… https://t.co/kJLf6NpIjx]]></document>
		<document><![CDATA[Yeah that went well for him 😂😂😂 https://t.co/5svwEN4D0y]]></document>
		<document><![CDATA[That's how you deal with pressure #Packers #GBvsDAL #DallasCowboys #MasonCrosbie]]></document>
		<document><![CDATA[#Cowboys look in trouble here. Rodgers is absolutely killing it so far #packers]]></document>
		<document><![CDATA[@PeteKopite Mignolet. 3 Top class saves. Coutinho. Instant impact off the bench. Trent AA. Grew into the game and didn't looked fazed at all]]></document>
		<document><![CDATA[@Joe_Gatto @thetenderloins Great to see you in Dublin this week. Love the show!]]></document>
		<document><![CDATA[Nasri will have the whole Sevilla side onto the drip doctors after that result. #SEVRMA https://t.co/fi0E0kjyV3]]></document>
		<document><![CDATA[Mourinho's Stoke City tactics do work sometimes like. Surprised he hasn't signed Robert Huth yet. Used to love him in at centre forward]]></document>
		<document><![CDATA[Carra nor having Souness here 😂😂]]></document>
		<document><![CDATA[@Staf9 Yeah Swansea at home next week can be just as big. Need the 3 points]]></document>
		<document><![CDATA[@Staf9 Yeah Gini has 2 great chances but fuck it. Win the next 2 we'll be 4 behind Chelsea. Still there for us]]></document>
		<document><![CDATA[@Staf9 Solid front to back. Unlucky with the goal. TAA at right back was decent. Loads to play for]]></document>
		<document><![CDATA[How good was Coutinho when he came on. Kept the ball well. Much better than Origi did. Positive result. Onto the next]]></document>
		<document><![CDATA[@pboro5times @premierleague Joker of a referee. Jose's mid season moaning seems to have done the trick for him]]></document>
		<document><![CDATA[Poxy goal to concede. Gini should have wrapped it up twice. Take the point and move on. Loads to play for this season. Up the reds]]></document>
		<document><![CDATA[@jacklusby_ Poor in what regard exactly?  Are you being this on the back pass to Mignolet?]]></document>
		<document><![CDATA[@robertpurfield If you're talking about GAA I reckon I'll be ok]]></document>
		<document><![CDATA[@mark_branagan Young right back in for us too which won't be ideal]]></document>
		<document><![CDATA[@mark_branagan Yeah Mhykitarian may be the difference from the first game. We'll have Henderson and Lallana who didn't play first day too]]></document>
		<document><![CDATA[@mark_branagan @Carra23 First goal is crucial]]></document>
		<document><![CDATA[@mark_branagan Not confident at all. Can see Jose playing similar to Anfield. Long balls so we can't press up on the centre backs.]]></document>
		<document><![CDATA[Cleared out my spot behind the couch for the afternoon. Twitter ban until this all blows over #LFC https://t.co/NQrfHRJisG]]></document>
		<document><![CDATA[@mark_branagan Objective view that. He's won plenty! Hardly Alan Pardew type  achievements https://t.co/kYtOgmzNfP]]></document>
		<document><![CDATA[@dontfoul ah no defo not. Stick them in an accum for good value]]></document>
		<document><![CDATA[@dontfoul Yeah evens now. Still a good price if they are strong]]></document>
	</documents>
</author>