<author lang="en">
	<documents>
		<document><![CDATA[Frederick Douglass declares innocence in Bowling Green Massacre. Says he was framed by Harriet Tubman. #BowlingGreen]]></document>
		<document><![CDATA[Breaking: Trump administration pursuing charges against Frederick Douglass for Bowling Green Massacre.]]></document>
		<document><![CDATA[I think Trump has been reading The Life-Changing Magic of Tidying Up. https://t.co/KfeOUj4M04]]></document>
		<document><![CDATA[Even Duplo Mom is having a hard time with America right now. https://t.co/Uwm2I15g1w]]></document>
		<document><![CDATA[I might have to change my first name.]]></document>
		<document><![CDATA[“The surprising history of ‘snowflake’ as a political insult” by @jessicagolds https://t.co/40wB60IL59]]></document>
		<document><![CDATA[@OberandOut one more!  @lexiconvalley hosted by @JohnHMcWhorter]]></document>
		<document><![CDATA[Even if it would have been mostly symbolic.]]></document>
		<document><![CDATA[This flurry of executive orders (legal or not) really highlights Obama's failure to not issue one on guns, IMO.]]></document>
		<document><![CDATA[@slickteig @jacobwe @TheFaithSmith But no less tyrannical.]]></document>
		<document><![CDATA[@Jacob_Brogan Bartleby the mercenary]]></document>
		<document><![CDATA[Reminiscent of the evacuation of Saigon. https://t.co/tcPRaWHpkA]]></document>
		<document><![CDATA[That speech was an insult to every President sitting on that platform (and a few dead ones too).]]></document>
		<document><![CDATA[So glad I had the idea to ask @lizzieskurnick to guest host @slate's Mom and Dad Are Fighting! She's great!  https://t.co/PxDxQlznxH]]></document>
		<document><![CDATA[@nprmonkeysee @PJVogt The smart one is obviously better.]]></document>
		<document><![CDATA[@nprobin Man, life in podcast factories is brutal.]]></document>
		<document><![CDATA[You know how I'll know I've made it? When I need to write a threaded tweet.]]></document>
		<document><![CDATA[Reporter: Mr. President Elect I have 12 questions and a follow-up.
Trump: Pile of garbage. Tremendous. Nazi Party.
Reporter: Thank you.]]></document>
		<document><![CDATA[Michael Cohen should totally go to Prague. It's beautiful.]]></document>
		<document><![CDATA[50 Best Podcast Eps of 2016 from @indiewire. Couple of @slate shows! https://t.co/qpMbDgqbLV]]></document>
		<document><![CDATA[BREAKING: Commemorative plate confirms Trump presidency. https://t.co/4IbdVucbe1]]></document>
		<document><![CDATA[Do climate change deniers believe it's not happening at all or that it is but humans aren't to blame?]]></document>
		<document><![CDATA[Fake news spotter from @slate. Add to your Chrome browser. It works!
https://t.co/z0tDwigA5q via @slate]]></document>
		<document><![CDATA[Really great read: "The Failure Of Pearl Harbor" via @digg https://t.co/SzVqY6XGrC]]></document>
		<document><![CDATA[Final episode of the season!: 'The Quest to Make the Perfect Place' by Placemakers https://t.co/4yU0LYZLAC]]></document>
		<document><![CDATA[@mkramer we are having a Slate editorial summit tomorrow and this will be very valuable as a discussion starter.]]></document>
		<document><![CDATA[This looks great: “Introducing RadioPublic” by @jakeshapiro https://t.co/BVy0gPlOwD]]></document>
		<document><![CDATA[@jbouie @GeeDee215 apologies if you feel I misrepresented your piece. Story more nuanced than headline, but I took away same conclusion.]]></document>
		<document><![CDATA[Jeff Sessions is the love child of Elmer Fudd and Foghorn Leghorn.]]></document>
		<document><![CDATA[Facing Your Past in Trump's America:  https://t.co/gxkOcSvSyF cc: @katelaurielee]]></document>
		<document><![CDATA[After this election: "Can’t Go Home Again” @Medium  https://t.co/JrFos7oPkY]]></document>
		<document><![CDATA[Trump's America: "Can’t Go Home Again” by @slickteig https://t.co/vix8hYYV5S]]></document>
		<document><![CDATA[Trump's America: “Can’t Go Home Again” https://t.co/2jqWmjDT9o]]></document>
		<document><![CDATA[Can media outlets not put ads in front of videos showing racial harassment? I'm sure Next Day Blinds won't mind.]]></document>
		<document><![CDATA[I was so hoping for Andy Rooney at the end of #60Minutes: "You know what I hate? Electing a racist for president."]]></document>
		<document><![CDATA[Important to remember that half the country didn't vote Trump, just half of the registered voters who actually voted. Small number.]]></document>
		<document><![CDATA[I’m a Coastal Elite From the Midwest: The Real Bubble is Rural America https://t.co/3WCSVTazgf via @RollCall]]></document>
		<document><![CDATA[@brianstelter The mismeasured size was how many people stayed home. Can't be populism when Trump got less votes than Mitt.]]></document>
		<document><![CDATA[@88WhiteBoy8 @drshow same thing.]]></document>
		<document><![CDATA[.@pwthornton I grew up in rural Kansas, now live in DC. The "bubble" is in the red states, not the coasts.]]></document>
		<document><![CDATA[It wasn't populism that elected Trump. It was apathy. 47% of registered voters stayed home. Compare to 38% in 2008. Obama was the populist.]]></document>
		<document><![CDATA[@drshow But it wasn't populist. More ppl voted for Romney. It was lack of turnout that got Trump elected.]]></document>
		<document><![CDATA[The last thing I want to hear from the media that got the election wrong are predictions of what a Trump presidency will look like.]]></document>
		<document><![CDATA[Really enjoying all of these news media stories from the news media about how the news media got it wrong. #newsmedia]]></document>
		<document><![CDATA[https://t.co/qBGqZM1y8P #slatecast https://t.co/Q7qb5z3PLH]]></document>
		<document><![CDATA[@GloriaABC11 Hello.  Writing from @Slate. Can we talk to you on the phone for our podcast about long lines?]]></document>
		<document><![CDATA[We're up! 
https://t.co/qBGqZM1y8P #slatecast]]></document>
		<document><![CDATA[Starting at 9AM join @zchace for a @slate and @Panoply election day audio experiment: https://t.co/qBGqZM1y8P]]></document>
		<document><![CDATA[@ 9AM @slate delivers a constantly updated newscast all day and night. Hosted by @zchace @alisonstewart  Bookmark: https://t.co/qBGqZM1y8P]]></document>
		<document><![CDATA[@Slate and @Panoply are doing something crazy tomorrow. A rolling, constantly updated Election Day newscast:  https://t.co/qBGqZM1y8P]]></document>
		<document><![CDATA[Every studio in use @Slate preparing for #Election2016 @zchace @alisonstewart https://t.co/UrZESAufwk]]></document>
		<document><![CDATA[@davidplotz we should trade smoking tips.]]></document>
		<document><![CDATA[@davidgura @Kathleen_Hays @paulkrugman @BloombergTV I watched part of it in my work elevator!]]></document>
		<document><![CDATA[Important stuff. Please contribute! https://t.co/8iEFN5750h]]></document>
		<document><![CDATA[Fighting urban blight in St. Louis and elsewhere, one MLK Jr. Drive at a time: https://t.co/KuyPhFAmQ3]]></document>
		<document><![CDATA[D.C.’s “Warrior on the Hill” is fighting for a vote in Congress and a star on the flag: https://t.co/aF4hTrvWmO]]></document>
		<document><![CDATA[2 @Slate shows and 1 @Panoply! https://t.co/07O10wfmsj]]></document>
		<document><![CDATA[Congrats @abexlumberg. That @podcaststartup episode took guts.]]></document>
		<document><![CDATA[@nwquah Del McCoury, Flatt and Scruggs, Ralph Stanley]]></document>
		<document><![CDATA[We've got all your politics podcast needs covered: https://t.co/oEYDlnENxT]]></document>
		<document><![CDATA[It lost black voters. Now it’s losing Latinos. What’s left is a broken, white GOP: https://t.co/xB2H1yw9YA via @slate]]></document>
		<document><![CDATA[Philadelphia is getting poor people and minorities to embrace bike share. Here’s how: https://t.co/EBkqamcONK]]></document>
		<document><![CDATA['Building a Better Bike Share' by Placemakers https://t.co/XTYBJDMFpe]]></document>
		<document><![CDATA[@ArnoldcommaJon @pescami Every skip of the survey plea is like a pin in a little Steve voodoo doll.]]></document>
		<document><![CDATA[@podcaststartup @Gimletmedia To clarify, I don't think the CEO should be editing shows. I wasn't commenting on show quality!]]></document>
		<document><![CDATA[@nprmonkeysee Yeah. I don't understand, though, why the CEO is editing shows.]]></document>
		<document><![CDATA[Listening to @podcaststartup.  Hey @Gimletmedia: HIRE MORE EDITORS. I know some people!]]></document>
		<document><![CDATA[Most parents work 9 to 5. Why do most schools still end around 3? https://t.co/6VqdFJm0hW via @doublexmag]]></document>
		<document><![CDATA[@davidgura I believe the answer, my friend, is, um, in the air. Or moving rapidly through the sky.  Something like that.]]></document>
		<document><![CDATA[@SlateRepresent @craftingmystyle @veralynmedia Doing vox is the worst! I feel your pain!]]></document>
		<document><![CDATA[@sarahmccammon @LibertyU @timkaine I wonder how many times he practiced that one in the bathroom mirror?]]></document>
		<document><![CDATA[All the things Trump said tonight that pundits are shocked by (disagreeing with his VP) Trump's supporters LOVE. #PresidentialDebate]]></document>
		<document><![CDATA[This is this worst Thanksgiving dinner ever. #debate]]></document>
		<document><![CDATA[I was worried she was going to reference E.T.]]></document>
		<document><![CDATA[Trump: "ICE endorsed me."  Bullshit, federal agencies can't endorse political candidates. #factcheck]]></document>
		<document><![CDATA[Gulf states?  For a second I thought he was going after Mississippi.]]></document>
		<document><![CDATA[Acid washed emails are out. Selvedge is where it's at. #debate]]></document>
		<document><![CDATA[Me at Trump Tower Gym: Um, no locker for me. I'll just keep my stuff by the treadmill. Thanks. #PresidentialDebate]]></document>
		<document><![CDATA[And now the podcast of record on all things Trump has weighed in. @jacobwe  https://t.co/SXNCr50kZH]]></document>
		<document><![CDATA[@brianstelter @Slate And check at @pescami's @SlateGist rapid response podcast: 
https://t.co/3qXozaqQlf]]></document>
		<document><![CDATA[@pescami digs in: 'Rapid Response: Trump’s Comeuppance?' by Slate's The Gist https://t.co/3qXozaqQlf]]></document>
		<document><![CDATA[@FunnelFiasco @mfbecks all of Trump's problems can be solved by WOPR. https://t.co/oIxD2te4Lx]]></document>
		<document><![CDATA[One of the many things that concern me about Trump is all the future candidates who think, "I can do him, but I will do it better."]]></document>
		<document><![CDATA[Everybody on the cables saying that every father of a daughter should be angry. Fathers of sons should be pissed too. I am.]]></document>
		<document><![CDATA[Cable news saving time and money tonight using Hurrricane Matthew footage interchangeably with the #DonaldTrump sto… https://t.co/z7B904cZlt]]></document>
		<document><![CDATA[Everyone is using DEFCON wrong. Five is the lowest. ONE is the worst. Trump is at DEFCON ONE.   https://t.co/YR8AOZwG46 #PSA]]></document>
		<document><![CDATA[@zchace Me too. Me too.]]></document>
		<document><![CDATA[@slickteig On the bright side, he did apologize for the first time.]]></document>
		<document><![CDATA[Good lord: Trump recorded having extremely lewd conversation about women in 2005 https://t.co/87VVERMGIr]]></document>
		<document><![CDATA[@ajdukakis @jdickerson @jacobwe If you download all of the @Slate podcasts you'll want to kill me.]]></document>
		<document><![CDATA[@nwquah Did you hear the end of the episode? Very cryptic.]]></document>
		<document><![CDATA[@RadioChio he's definitely not popping his p's.]]></document>
		<document><![CDATA[How one squatter in Oakland successfully claimed an abandoned building as his home: https://t.co/ScHOdD1lW0]]></document>
		<document><![CDATA[Ex-Marine Describes Violent Hazing and the Lies That Covered It Up https://t.co/UJF10J6cTa]]></document>
		<document><![CDATA[The bass line in this song just kills me. #NowPlaying Silly Love Songs by Wings ♫ https://t.co/71BInAw4sO]]></document>
		<document><![CDATA[When a tornado destroyed Greensburg, the town rebuilt as a green city. Was it worth it? https://t.co/6EZhEsvn9W]]></document>
		<document><![CDATA[@realJeffreyLord just brought up CHESTER ARTHUR re: birtherism. Sweet jesus.]]></document>
		<document><![CDATA[Hello. I am the journo-tron 2000. I am programmed to present both sides. Death/life to America. https://t.co/cg6xixHqj1]]></document>
		<document><![CDATA[What a delightful mess this is.]]></document>
		<document><![CDATA[@nwquah I don't think that's where the pen is supposed to go.]]></document>
	</documents>
</author>