<author lang="en">
	<documents>
		<document><![CDATA[@KeirRice of course, the response to both must be clear in its intent - to prevent fuckery wherever possible. (2/2)]]></document>
		<document><![CDATA[@KeirRice oh, i think it depends hugely on which person you're talking about. education will help incompetence, not maliciousness. (1/2)]]></document>
		<document><![CDATA[Is Steve Bannon actively trying to instigate a constitutional crisis? https://t.co/StBeKff7cv]]></document>
		<document><![CDATA[@BR3NDA @aurynn @lyft @ZoomyNZ yep, can see :) just a coupla years ago :P]]></document>
		<document><![CDATA[@BR3NDA @aurynn @lyft @ZoomyNZ yeah, looking at its twitter account. Ahem #sources :P]]></document>
		<document><![CDATA[@mlascarides That's all so complicated. By that logic, I should prolly boycott NZ. #doingwhatican]]></document>
		<document><![CDATA[@paulbruere that's the thing - I don't always want to use existing taxi service. Hence wishing for good Uber alt.]]></document>
		<document><![CDATA[@BR3NDA huh, thanks! Never heard it from anyone before... @aurynn @lyft @ZoomyNZ]]></document>
		<document><![CDATA[@mlascarides they're also done far better then @Uber recently and less recently. I've had some pretty bad taxi moments. * sigh *]]></document>
		<document><![CDATA[Really wishing @lyft was available here in Wellington (NZ) :(]]></document>
		<document><![CDATA[Worth the read.

 https://t.co/D535bqMFG3]]></document>
		<document><![CDATA[Echoing intnl research re UK etc, high #immigration levels to NZ [carry] a net +ve, despite perceptions to contrary https://t.co/zFC5X8sm6W]]></document>
		<document><![CDATA[NZ leaders' stunning silence in the face of what's happening in the US is craven and hypocritical at best. We need to step foward. Now.]]></document>
		<document><![CDATA[@TProphet @ClipperChip  also being awesome :P #notjustaboutthemoney]]></document>
		<document><![CDATA[@blangry oh my giddy aunt. they're looking for automatons they can exploit (at best). run away. RUN AWAY!! https://t.co/BVMD5Mwr3H]]></document>
		<document><![CDATA[So very many puns in here...   https://t.co/yeMVrnoiWg]]></document>
		<document><![CDATA[Donated to  @ACLU.

You? https://t.co/ackgkuVPFH]]></document>
		<document><![CDATA[@ellis2013nz you may also enjoy @Civicist - long form articles as well as the near-daily First Post newsletter/series]]></document>
		<document><![CDATA[If I wanted possum fur/possum pelts, where'd be a good place to source them?]]></document>
		<document><![CDATA[@codeforaotearoa @petejakey @ethernetsalad @gabrielle_why et al - keen for a catchup soon? #wants]]></document>
		<document><![CDATA[Work in the Welly CBD and want tasty healthy lunch noms delivered? And the food's made by refugees, so #helping :) https://t.co/V14prUtPfC]]></document>
		<document><![CDATA[Could come in useful for deciding which mood I'm going to be in...  https://t.co/7tKPX0x6FC]]></document>
		<document><![CDATA[@nicgaston couldn't agree more :)]]></document>
		<document><![CDATA[@nicgaston @hylopsar @TheAtlantic I thought it happened even earlier :( And yeah. Blerg.]]></document>
		<document><![CDATA[Eeeeee! Another SUPER exciting meeting re @GovHackNZ 2017 today :) And looking for sponsors, local + national organisers! #opendata #opengov]]></document>
		<document><![CDATA[.@mr45144 Have a listen to the "Embrace the ugly" piece :) https://t.co/y1gayadYId]]></document>
		<document><![CDATA[@KeirRice never heard of 0% churn :P]]></document>
		<document><![CDATA[@KeirRice check out https://t.co/hm3nqDZizv :)]]></document>
		<document><![CDATA[@KeirRice totally depends on industry :P]]></document>
		<document><![CDATA[@MxDEJ ohai! Still want us to fill out they survey?]]></document>
		<document><![CDATA[@MxDEJ i'm a content designer, if that fits... (not a marketer, heh) :P]]></document>
		<document><![CDATA[At the "Attracting more Māori in ICT careers" talk and korero at @InternetNZ - seeing what I can learn for @GovHackNZ this year!]]></document>
		<document><![CDATA[Loving the concept behind New America #civictech #tech #gov  https://t.co/zUzRsJecDE]]></document>
		<document><![CDATA["Fuckery is ascendant in our time, and...[Trump] is its most effective practitioner at the moment." https://t.co/nCUIqp78PL #willusethisterm]]></document>
		<document><![CDATA[Ifsomeone you know is curious/confused about #agile vs #waterfall, show them this lovely poster from @CrispSweden :) https://t.co/vkpFIyWyC1]]></document>
		<document><![CDATA[THIS GAME  https://t.co/IWTchy6Z61]]></document>
		<document><![CDATA[@ogpnz Wee typo on https://t.co/Tz7rjHXOQt - "There we five stages", instead of "there were five stages" :)]]></document>
		<document><![CDATA[I _literally_ LOLd https://t.co/MUSYuayulP]]></document>
		<document><![CDATA[@medickinson /runs around wif flailing arms of pure joy and enthuse @NASA @SpaceX]]></document>
		<document><![CDATA[@medickinson definition of variables?]]></document>
		<document><![CDATA[OK, this is pretty damn cool :) https://t.co/KDkh7UKgNR]]></document>
		<document><![CDATA[Interesting way to tackle #eWaste... Seen this, @sustaintrust? https://t.co/kaM9bog2GJ]]></document>
		<document><![CDATA[Just got access to @StashHQ! Interested to try - it organises bookedmarks using AI... https://t.co/b4cEat1nkT]]></document>
		<document><![CDATA[Interested in #futurism? One of the peeps I follow just published their book; the electronic version is v cheap atm! https://t.co/O0zkN453z9]]></document>
		<document><![CDATA[Check out the Internet Health Report if you've not already - interesting-looking resource! h/t @eey0re  https://t.co/Pai1619gI5]]></document>
		<document><![CDATA[@kamal_hothi oh gods, and there's the quicksand blog and writing stuff. * sigh * it's why i've decided to ++ reduce paid hours/day job...]]></document>
		<document><![CDATA[@ok_lyndsey :D (Apols: I think my default stance as non-dev is defensive of still having value) @kamal_hothi]]></document>
		<document><![CDATA[@kamal_hothi let alone keeping abreast of international and local stuff, sleeping and occasionally exercising :P]]></document>
		<document><![CDATA[@kamal_hothi of course! It's a matter of having time - day job + GovHack (almost a full time job) + civictech group I organise + GovWorks...]]></document>
		<document><![CDATA[@ok_lyndsey I have 1 hashtag with "data" in it :) @kamal_hothi]]></document>
		<document><![CDATA[@ok_lyndsey @kamal_hothi (I play a bit with code/tools/data viz, but not at that level :P) I do community-building stuff too.]]></document>
		<document><![CDATA[@kamal_hothi * sigh * Wishing (once again) I had those skills :)]]></document>
		<document><![CDATA[@lightweight of course i'm not! /looks irritated. Hence asking to move this convo - we agree in principle, but words matter.]]></document>
		<document><![CDATA[@lightweight suggest we have this convo in a better medium - twitter terrible for this sort of thing :)]]></document>
		<document><![CDATA[@lightweight Govt is part of it, but of course not all. That would be absurd .]]></document>
		<document><![CDATA[@lightweight esp wrt to some of the elitism it implies. One doesn't need to be clever to make change, nor does it rest in the hands of a few]]></document>
		<document><![CDATA[@lightweight i know, and I agree 
- I just don't love the term or some of what it implies :) Tweeting prolly not great for that debate.]]></document>
		<document><![CDATA[.@babycommie666 @pepperraccoon @glsignal @colinmegill  this just makes me think of Bryan from Spaced :) https://t.co/fAC5X1WFps]]></document>
		<document><![CDATA[@lightweight but yes - breaking issues into goals, and then sorting short, medium and long-term actions is deffo critical :)]]></document>
		<document><![CDATA[@lightweight I don't think we need to "hack culture" - allowing and encouraging discourse would be a great start.]]></document>
		<document><![CDATA[@lightweight Agreed! We need firm goals, though, rather than more ethereal concepts, if that tipping point is to happen/work :)]]></document>
		<document><![CDATA[I've seen this a lot: experts abdicating their responsibility &amp; pushing it onto non-experts, while blaming them for being non-expert :( #rpt]]></document>
		<document><![CDATA[#Privacy guides for apps are "like instructions for putting antifreeze in a car w/ a leaky radiator". cc @CreetureNZ https://t.co/KGojmHLv7V]]></document>
		<document><![CDATA[@lightweight Ah, but to do what, exactly?]]></document>
		<document><![CDATA[Lazyweb: any hot tips on good possum fur providers in NZ? #dontask]]></document>
		<document><![CDATA["...people are realizing that #democracy is their responsibility.”" Inspiring stuff, and relevent to us all :) https://t.co/Jrakl38XQX]]></document>
		<document><![CDATA[For those curious, in NZ that's only 166,344 people (using today's population clock of 4,752,678 from @statsnz)    https://t.co/tczAIrxuJF]]></document>
		<document><![CDATA["...whenever a nonviolent movement achieves the active &amp; engaged participn of 3.5% of its country's popn, it wins" https://t.co/9wyG3HdQcb]]></document>
		<document><![CDATA[@oiwoods @chambersjosh govt's always involved in the economy :) Also, who shouldn't be afraid?]]></document>
		<document><![CDATA[Well, that was unexpected :)

https://t.co/M6rN76hNrv]]></document>
		<document><![CDATA[@VicLeeCrockford @PeterNewport1 This is partly why we're working w/ regions' #localgov to #design/#engage better :) https://t.co/6k8BXVUxWK]]></document>
		<document><![CDATA[@xurizaemon no doubt :) #toomanypodcastsnotenoughtime]]></document>
		<document><![CDATA[I think NZ's #govt could learn some serious lessons from Singapore's ito #govtech, #procurement and #innovation https://t.co/iGIeGUOrHj]]></document>
		<document><![CDATA[Wow! Singapore govt depts can buy lines of code directly from programmers for microprojects (under S$5k) https://t.co/iGIeGUOrHj #govtech]]></document>
		<document><![CDATA[How can we help #localgov design better services? @mashmatix and I are working on just that :) https://t.co/xvgJyGCTxW]]></document>
		<document><![CDATA[NZ peeps: 6 areas left to make it into the Global #OpenData Index: submissions due today :) Please submit! Deets at https://t.co/z6V08KIdIA.]]></document>
		<document><![CDATA[Rank underemployment has its advantages... Like long morning walkies with @RufusFoscroft :) https://t.co/OvI68LdEFQ]]></document>
		<document><![CDATA[@cloudoperator Excellent! Pop us an email? Deets on the contact page on https://t.co/mzMAk5N9GW (use the info@ address) :) cc @GovHackNZ]]></document>
		<document><![CDATA[@EcvanGils @LinkedIn yeah. but uncool, especially with no notifications their stuff was b0rked. super scary for users.]]></document>
		<document><![CDATA[Much fun! More on the way :) cc @mashmatix @dibzie1 @PublicGoodANZ @NZLGmagazine @GovInsider @apoliticalco @SDinGov… https://t.co/eG0vR4yLE8]]></document>
		<document><![CDATA[@EcvanGils @LinkedIn i tried another browser, tried a few times, got in and reset.]]></document>
		<document><![CDATA[@LinkedIn ok, using a different browser and several tries, i got in and changed pword. please check your systems - VERY weird happenings.]]></document>
		<document><![CDATA[@LinkedIn Ummmm. And yeah - can't do a single thing as your system won't recognize my email addresses or pword (but… https://t.co/LFFCk30LnC]]></document>
		<document><![CDATA[@LinkedIn WTF? I can't reset my password (won't recognise my email address), can't sign in on mobile, but I AM also signed in on desktop??!]]></document>
		<document><![CDATA[@LinkedIn - why has my account summarily disappeared? And my email addresses no longer register on your system?]]></document>
		<document><![CDATA["Welcome to the #City of #Trump". Seems a good time to remind y'all of this series. 

https://t.co/1PMrlO3ZFm]]></document>
		<document><![CDATA[@Sentreh pretty sure that (except for some people), autosnotting is never intentional :P]]></document>
		<document><![CDATA[@Sentreh Have yet to blow brain out ears. Or I did, and didn't notice.]]></document>
		<document><![CDATA[@Sentreh i would, but I block my nose :P (except in motorbike helmets - then I can't, and it goes EVERYWHERE)]]></document>
		<document><![CDATA[So! Who wants to come work wif me &amp; a bunch of superb peeps on @GovHackNZ '17? We &lt;3 sponsors, organisers &amp; volunteers :) #opendata #opengov]]></document>
		<document><![CDATA[Oh, AWESOME. Like I wasn't already waaaay behind in amazing things to read :P  #datascience 

https://t.co/zLO522ZCMB]]></document>
		<document><![CDATA[@BrutalPixie lemme know how it goes :)]]></document>
		<document><![CDATA[@BrutalPixie no1fitness (online NZ store). There are far cheaper plastic options available, but I wanted bamboo :) https://t.co/mlJlboIA4n]]></document>
		<document><![CDATA[@BrutalPixie having said that, balance board is currently making a nifty lap table for my laptop :P]]></document>
		<document><![CDATA[@BrutalPixie i was thinking exactly the same! but i'd need a standing desk at work (or a desk at all at home, heh) #mycouchismydesk]]></document>
		<document><![CDATA[_This_ is how one does good, crowd-sourced #open design :) https://t.co/BIn6jf5tV3]]></document>
		<document><![CDATA[@kyhwana /gestures wildly at what's happening in rest of world, plus here in NZ.]]></document>
		<document><![CDATA[@Pipssqueaks yep - it comes back faster the second+ time (fitness), and best way is to go slowly and look after yerself :)]]></document>
		<document><![CDATA[Person tweets re candle. NZ media erupts into frenzy. 'Cause...it's a slow news day? Said person shouldn't tweet about poor products? #WTF]]></document>
		<document><![CDATA[@SiDawson yeah, enjoyed sharing that :)]]></document>
	</documents>
</author>