<author lang="en">
	<documents>
		<document><![CDATA[Huh...If this happens, I might get Prime back... https://t.co/93ygruvUGu]]></document>
		<document><![CDATA[Trump wants to make it easier for his friends to get business loans.

That's nice. How about helping me get a loan for a home for my family?]]></document>
		<document><![CDATA[Sometimes, you just gotta load up on caffeine and dance in your cubicle to Hamilton.]]></document>
		<document><![CDATA[@stephandrea_ Where can I submit my resume to? I'm quite snappy with a rhyme.]]></document>
		<document><![CDATA[@SICKOFWOLVES So Congress, then? You're describing Congress?@RebeccaEnzor]]></document>
		<document><![CDATA[Petco Employee: Sir, I can't refund you for 1500 finches.
Me: Look, @ChuckWendig was joking, apparently. I'd like to return my Air Force.]]></document>
		<document><![CDATA[@MichaelGrantBks 
Life under @BarackObama: Should I buy a house? 

Life under @realDonaldTrump: Should a buy a bomb shelter?]]></document>
		<document><![CDATA[@BraddJaffy Much like every other achievement in his life, Trump will inevitably take credit for something he inherited.]]></document>
		<document><![CDATA[@cal_beu Theoden wore it better. @ChuckWendig]]></document>
		<document><![CDATA[BREAKING: Footage of Matthew McConaughey embracing Trump. https://t.co/0zHBeDayMV]]></document>
		<document><![CDATA[When Trump said he was going to "drain the swamp", what he meant was "I literally want to destroy the wetlands and put up a hotel."]]></document>
		<document><![CDATA[So...Wait...Maybe 'Red Dawn' wasn't about Russia invading. It was about the GOP Red opening the door and kneeling down for Russia?]]></document>
		<document><![CDATA[...WHAT THE FUCKING FUCK? https://t.co/UtJKJvArbI]]></document>
		<document><![CDATA[@BernieSanders Any naturalist will tell you that evolution is very slow. Can't expect the whole species to develop spines. @CarissaAndrews]]></document>
		<document><![CDATA[@DianaUrban And we didn't even get any effing dire wolves out of it...]]></document>
		<document><![CDATA[Any day can be survived if you've got a puppy picture to start it with. https://t.co/Wv222qaHte]]></document>
		<document><![CDATA[@navahw You are my hero. #puppyfix]]></document>
		<document><![CDATA[@BookEmDonna Give it a year or two...it'll feel like it's being directed by Michael Bay.]]></document>
		<document><![CDATA[@jfreewright At this point, I'm just glad his pick was a legal judge instead of a reality show judge...]]></document>
		<document><![CDATA[Punxsutawney Phil spoiler: We've got upwards of 25 more years of nuclear winter coming.]]></document>
		<document><![CDATA[@ericgeller Whatever country rises up where the US was will have an entire chapter about these confirmations in their history books...]]></document>
		<document><![CDATA[Awesome superhero, awesome artist, awesome cause.

That's WAY too much to pass up... https://t.co/YyFWBnCW80]]></document>
		<document><![CDATA[@ianperez42 I just left MA. :( Can still donate to her campaign, though!  @Spacekatgal]]></document>
		<document><![CDATA[@SenateDems Bet you're glad you guys've been playing the honorable game and going by the rules, huh?]]></document>
		<document><![CDATA[History will remember the Senators who poured gas on the fire...I feel great pity for their descendants who will ca… https://t.co/C4TxpHrFn1]]></document>
		<document><![CDATA[Gah. I need to wake up to this every morning. Can we start something, folks? #PuppyWakeUpCall https://t.co/7wjkZJgD91]]></document>
		<document><![CDATA[I'm a legit cryptozoologist with all of these troll reports I've been making!]]></document>
		<document><![CDATA[@igorvolsky Not joining the Dems is a sign of cowardice.]]></document>
		<document><![CDATA[@ann_leckie Well said. We can't start turning on each other. That's how the election was lost. We're ALWAYS stronger together.]]></document>
		<document><![CDATA[@Susan_Hennessey @VOANews That's a lotta pink slips going out...]]></document>
		<document><![CDATA[Hey GOP? Remember how Obama had a SC pick last year? And you refused to confirm? #Karma https://t.co/XVTgFzMx6Y]]></document>
		<document><![CDATA[@SenateDems @HouseDemocrats It's time to step up, bare your teeth, and FIGHT.]]></document>
		<document><![CDATA[Attention @SenateDems @HouseDemocrats: You can either be perceived by your opponents as obstructionists, or by your constituents as cowards.]]></document>
		<document><![CDATA[@DianaUrban I tried to mitigate this by checking in every now and then, but this results in me being awake until midnight or later...Ugh...]]></document>
		<document><![CDATA[@bradfordlit Everytime I get ready for bed this past week, some horrific headline pops up and I'm awake another 4 hours...]]></document>
		<document><![CDATA[@MichaelGrantBks 100% Agree. If they're not willing to fight for us, why should we fight for them? @dscc]]></document>
		<document><![CDATA[@Spacekatgal Same goes for Vermont, @SallyQYates. Come to Burlington, you drink free.]]></document>
		<document><![CDATA[Spicer, you speak for Trump. Not the American people. Stop telling reporters what We want.]]></document>
		<document><![CDATA[@byobrooks I'm just waiting for Spicer to hold up a Mithril shirt and announce that they've killed the halfling who snuck into DC.]]></document>
		<document><![CDATA[*slow clap* https://t.co/hPYEc3Sal9]]></document>
		<document><![CDATA[@byobrooks Was Obama their president for the last 8 years? I'm betting they'd argue he wasn't...]]></document>
		<document><![CDATA[British Parliament is nailing some pretty sick burns on the Orange Fuzzy Bastard...]]></document>
		<document><![CDATA[Stunningly proud of my state... Keep up the good fight, @ACLU_VT!!! https://t.co/kWP94163Kh]]></document>
		<document><![CDATA[@MichaelGrantBks Truly hope the UK government can soundly condemn where the US government refuses to. @HoCpetitions]]></document>
		<document><![CDATA[I noticed Donald Trump acting like a human the other day. I'm gonna ask him who his acting coach is... https://t.co/v3DHr9moZu]]></document>
		<document><![CDATA[*calmly waits for RogueJudicial Twitter account to appear* https://t.co/m7fktYaU4e]]></document>
		<document><![CDATA[Look, I appreciate the statement but hand-slapping and foot-stomping got us here. 

Kick the administration in the… https://t.co/mYaU3mMfYl]]></document>
		<document><![CDATA[Fucking amazing! Keep up the heat, @ACLU!!!! https://t.co/9wAr83GTTP]]></document>
		<document><![CDATA[You listening @SenSanders and  @SenatorLeahy? We Vermonters love you, but we have a long memory... https://t.co/EePgTk0eng]]></document>
		<document><![CDATA[@ilsajbick Feel crazy-awesome to be a card-carrying member now, don't it? :)]]></document>
		<document><![CDATA[@twostepsfromhe1 Writing. Your music is on every playlist. Noir. Fantasy. Historical.]]></document>
		<document><![CDATA[Holy shit. All of these...Heroes every one of 'em... https://t.co/akiC5Kpqqp]]></document>
		<document><![CDATA[Well lookin that! The Orange Fuzzy Bastard actually DID create jobs! https://t.co/3qp9S1ajrY]]></document>
		<document><![CDATA[I think their pal Noah in the big boat faced something similar in that book they like to thump... https://t.co/pD3HcJpiZQ]]></document>
		<document><![CDATA[@Spacekatgal Even if he does. Too little, too late.]]></document>
		<document><![CDATA[Cannot be forgotten or overstated: We outnumber Them. https://t.co/GKHqAsN5wG]]></document>
		<document><![CDATA[@DavidYankovich You'd have my support if only in campaign donations. @FLGovScott]]></document>
		<document><![CDATA[Seconded. Your resounding silence and lack of action is very loud, though... https://t.co/L2YhLwEu5E]]></document>
		<document><![CDATA[American Hero. https://t.co/EAJkrvcgip]]></document>
		<document><![CDATA[A-fucking-men. https://t.co/wgqMroMi2J]]></document>
		<document><![CDATA[I want a Democrat who is willing to fight dirty to stop this monster. https://t.co/e4GrtuowJf]]></document>
		<document><![CDATA[@DavidYankovich Yeah...but at least humanity is showing itself to be better than this.]]></document>
		<document><![CDATA[@Spacekatgal I'm up in Vermont, but you've got my support!]]></document>
		<document><![CDATA[@SenSanders Apparently we do.]]></document>
		<document><![CDATA[@MichaelGrantBks On the fence for @nytimes, but I'm with @washingtonpost  all the way.]]></document>
		<document><![CDATA[GOP: "Y'know, unless it's inconvenient to oppose it." https://t.co/4OKCmMiOoJ]]></document>
		<document><![CDATA[Seeing lots of Democrat senators and reps tweeting about how disgusted they are with the refugee ban. 

Tweeting. That's all.]]></document>
		<document><![CDATA[@Spacekatgal Excellent! Definitely a good start to preventing online harassment! You've got my support.]]></document>
		<document><![CDATA[@ericgeller Gotta keep it short. Wouldn't have looked good if Trump got bored and wandered off to watch TV in the middle of it...]]></document>
		<document><![CDATA[@Spacekatgal What kind of legislation would you propose to hold people accountable for what they say/do online?]]></document>
		<document><![CDATA[@MarthaMihalick @nytimes Accurate, though.]]></document>
		<document><![CDATA[@BraddJaffy Nice to see Mike "We're Testing the Weapon On Your Home Planet" Pence came out to support some of his constituents. @MSNBC]]></document>
		<document><![CDATA[@Spacekatgal This is what I want. A Democrat who's not afraid to deliver a kick in the teeth. So sick of Dems who compromise when GOP won't.]]></document>
		<document><![CDATA[@alplicable Wikipedia has alternative facts. Should allow it!]]></document>
		<document><![CDATA[@BraddJaffy Journalism seems more alive today than it has for most of my life.]]></document>
		<document><![CDATA[WE SHALL NOT BE MOVED.

UNLESS A FORCE ACTS UPON US. #Inertia #ScienceBitches

(And then prepare for an equal and V… https://t.co/oEK4emrm4Z]]></document>
		<document><![CDATA[@arthur_affect I think we're seeing the exact reason Democrats lost. We need Dems who can fight in the mud.]]></document>
		<document><![CDATA[@SLennon573 The person who screams that she'll never stop fighting stopped fighting. Didn't take long. @SenWarren]]></document>
		<document><![CDATA[Massachusetts will remember that @SenWarren threw in the towel for Ben Carson. Had hoped to fight and vote for her in 2020. Not anymore.]]></document>
		<document><![CDATA[@SenWarren I've never been disappointed in you. Championed you. Hard to do that now. You folded. You stand for nothing now.]]></document>
		<document><![CDATA[This right here is a campaign promise I can get behind... https://t.co/WE4RSMVQVS]]></document>
		<document><![CDATA[@HouseDemocrats Stop tweeting and start doing something to stop it, then...]]></document>
		<document><![CDATA[@SenSchumer I hope and pray that this is the truth...but I've found that trusting in Congress to do what's moral is foolish.]]></document>
		<document><![CDATA[@titsvonglitz What a poor fucking snowflake.

Let's make him melt.]]></document>
		<document><![CDATA[@Spacekatgal This is the problem facing my wife and I now. It's likely she'll end up having to drop a promising career as a result.]]></document>
		<document><![CDATA[For those of you who, like me, are having daily panic attacks or getting sick to your stomach this week: https://t.co/4x40cxCLLw]]></document>
		<document><![CDATA[@navahw Getting downright sick this week from everything...Thank you for sending this along. Really needed it.]]></document>
		<document><![CDATA[@SLennon573 Yep. Might want to head north soon. Canada is right there...]]></document>
		<document><![CDATA[@ChuckWendig You want the Republic to be angry enough to blow up a planet, but not actually do it like the Empire does repeatedly.]]></document>
		<document><![CDATA[@WaysideWriter You know, I said that to my wife and she (smartly) said:

"You said he would inevitably lose in 2016..."]]></document>
		<document><![CDATA[@kylegriffin1 I believe Matthew Miller is describing the behavior of normal humans, not the invertebrate that crawls out to the podium daily]]></document>
		<document><![CDATA[@DavidYankovich 2 years worth, because the system is just that broken.]]></document>
		<document><![CDATA[@michellewitte And of course, the GOP has decided repeatedly in the time since he's taken office that they will all just tow party line.]]></document>
		<document><![CDATA[Don't you hate it when "partisan politics" keep a racist from taking office? Or "partisan politics" that put Exxon… https://t.co/93TY1Ww4zz]]></document>
		<document><![CDATA[Where did Michigan's Electoral votes go again...? https://t.co/rnx5FYqS0Q]]></document>
		<document><![CDATA[Given weekend's events, I want to retire 'Find Your Balls' in favor of 'Find Your Ovaries'. Better indicator of people getting shit done.]]></document>
		<document><![CDATA[Keep. Up. The Heat. https://t.co/v6jpU3JXlw]]></document>
		<document><![CDATA[@sarahkendzior This is why I DON'T want anyone in the administration to stop tweeting. It's a perfect chance for them to screw up royal.]]></document>
		<document><![CDATA[This Spicer press conference seems so familiar... https://t.co/GP96FCeme1]]></document>
		<document><![CDATA[Y'know, the most unbelievable part of Captain America: The Winter Soldier is that the Nazi conspiracy stopped at the secretary level.]]></document>
	</documents>
</author>