<author lang="en">
	<documents>
		<document><![CDATA[Americans aren't radical to oppose what you are supporting. #alternativefact @marcorubio https://t.co/tl7M7GxgmF]]></document>
		<document><![CDATA[@marcorubio We are not radicals. We are Americans concerned about the direction of our country and exercising our rights.]]></document>
		<document><![CDATA[@igorvolsky Emergency meeting with Russian overseers?]]></document>
		<document><![CDATA[This is saving my life right now #resist #PresidentBannon https://t.co/m7cuH9aHDF]]></document>
		<document><![CDATA["Hitler made chancellor of Germany, but coalition cabinet limits power; Centrists hold balance" #OTD in 1933 https://t.co/N0lC2krOTv]]></document>
		<document><![CDATA[@NancyPelosi It seems pretty clear that they've already decided...]]></document>
		<document><![CDATA[I know you'll make us proud @PattyMurray @SenatorCantwell #StopSessions #StopDeVos https://t.co/ClwXIaF9U0]]></document>
		<document><![CDATA[Loving @MerriamWebster these days. https://t.co/PGxB6PvnMc]]></document>
		<document><![CDATA[@RepJayapal So proud to have voted for you. Keep fighting for all of us! ✊🏼]]></document>
		<document><![CDATA[@SenatorCantwell Thank you, Senator Cantwell! I'm with you.]]></document>
		<document><![CDATA[@AltStateDpt Seattle #Resistance #NoBanNoWall https://t.co/66Xg4gtJ3J]]></document>
		<document><![CDATA[Humanity strikes back at President Dump. Join the #WorldToTrump open letter that’s sweeping the planet! #Trump https://t.co/3CKMp60NiC]]></document>
		<document><![CDATA[@ACLU @nytimes ❤Thank you ❤]]></document>
		<document><![CDATA[@GOP you've had years to think it through and plan something... clearly you were just against working with Obama.… https://t.co/MCPDGLGrnN]]></document>
		<document><![CDATA[@GovPenceIN During the campaign you came out against what the president is now ordering. When will you speak out against it??]]></document>
		<document><![CDATA[Thread 👇🏼 https://t.co/sSbH5yTK7L]]></document>
		<document><![CDATA[@SenatorCantwell Thank you for hearing us!]]></document>
		<document><![CDATA[@SenatorCantwell Yes! Oppose Devos and oppose Pruitt, and all the others who have intent to gut the agencies they seek to lead. Thanks!]]></document>
		<document><![CDATA[@WajahatAli @rezaaslan ... and LGBT people]]></document>
		<document><![CDATA[Best response to internet trolls: https://t.co/iokkXE8luZ]]></document>
		<document><![CDATA[Tweet back to @ABC asking them to stop playing ratings games like this. We need journalists to be smart, and seriou… https://t.co/peMtSBkFCq]]></document>
		<document><![CDATA[@ABC This isn't a reality show. Don't hype this for ratings. Do your job as journalists and hold this person accountable. #journalism]]></document>
		<document><![CDATA[A Rogue National Park Is Tweeting Out Climate Change Facts in Defiance of Donald Trump - TIME https://t.co/2lCWpXwkoe]]></document>
		<document><![CDATA[Congratulations @Trevornoah!! A great read, but I want to know what happened to Teddy when you escaped being caught… https://t.co/T1xJq8U4og]]></document>
		<document><![CDATA[My closest Swing District is AK-AL, won by only 44,069 votes. Find yours and help swing the House left in 2018: https://t.co/vAd5IN4JNn]]></document>
		<document><![CDATA[#WomensMarch #Seattle https://t.co/IM8PhbticV]]></document>
		<document><![CDATA[Today we march. #WomensMarch #WomensMarchOnWashington https://t.co/1FRo2KiTQr]]></document>
		<document><![CDATA[@GMA Who wrote this?!? She won the popular vote for president by nearly 3 million. Secretary of State. Senator. #WomensMarchOnWashington]]></document>
		<document><![CDATA[@MichelleObama You've earned it!  But do come back... we need you! So much ❤ to you and your family!!]]></document>
		<document><![CDATA[@SenatorCantwell @GovernorPerry Yes. He is the wrong choice. Oppose his nomination!]]></document>
		<document><![CDATA[@EWErickson People literally were calling him un-American through his whole tenure. #memoryloss]]></document>
		<document><![CDATA[@RepJayapal I very much appreciate your leadership in opposing the destructive, incoming administration. My vote counted with you!! 🗳✔️]]></document>
		<document><![CDATA[@odddelights More surface area for dressing?]]></document>
		<document><![CDATA[Michelle Obama hugging people is the hope I need right now. https://t.co/0lNH01y0qV]]></document>
		<document><![CDATA[Want to extend my lunch just to read more of BORN A CRIME by @Trevornoah. I love hearing his voice in my head. Is t… https://t.co/PR3Qy2jho9]]></document>
		<document><![CDATA[@SenatorCantwell Where do you stand on the PEOTUS nominations? We need you to be vocal now. Oppose: Sessions, Devos… https://t.co/kSx1R9qWF4]]></document>
		<document><![CDATA[@SenatorCantwell and @PattyMurray Please vigorously oppose this nomination. We need you now! https://t.co/4GTmJBZTlZ]]></document>
		<document><![CDATA[A reminder to @GOP #republicans how they respected @POTUS... worth reviewing before you tell @TheDemocrats they sho… https://t.co/82wQPVsx0I]]></document>
		<document><![CDATA[@PramilaJayapal Thank you! And keep it up... we need you! https://t.co/GLdtsUK2xl]]></document>
		<document><![CDATA[@TeenVogue article on Conway: "She said Trump supporters were "downright nasty" in an early 2016 interview."  https://t.co/LGjMw8hS4h]]></document>
		<document><![CDATA[@irrationalratio You're oddly loyal about where you pick up your Glamour magazine.]]></document>
		<document><![CDATA[When @BobsBurgersFOX is too real https://t.co/SCBvEELWjv]]></document>
		<document><![CDATA[@RepJayapal @RepRaskin @RepBarbaraLee @JacksonLeeTX18 Thank you for trying!!]]></document>
		<document><![CDATA[@SpeakerRyan maybe you should pray for the courage to pass sensible gun control  #thoughtsandprayers]]></document>
		<document><![CDATA[@GuardianUS @guardian Why are you reporting on this??]]></document>
		<document><![CDATA[I have read 27 of 55 books. https://t.co/djBsqL5tLO]]></document>
		<document><![CDATA[Best use of emoji to eradicate the T word from daily use goes to: https://t.co/k5GvJkJ0kj]]></document>
		<document><![CDATA[When a worldview is threatened, people disregard facts.  https://t.co/7QIzGMHJ3o #science]]></document>
		<document><![CDATA[Current mood https://t.co/o7yejPXZtL]]></document>
		<document><![CDATA[Goldman Sachs is literally stumping for Tr💩np now. #ResistTrump https://t.co/ZEYP4fK0J6]]></document>
		<document><![CDATA[If only we could add an unstable and erratic US administration to this situation.. https://t.co/QPcu7xkElS]]></document>
		<document><![CDATA[He's vindictive, erratic, impulsive, and prone to reactionary rants. All things I look for in a President! https://t.co/rfefmwPzp2]]></document>
		<document><![CDATA[Is anyone shocked about this? #dumptrump #electors https://t.co/rsmaXBGmmT]]></document>
		<document><![CDATA[@PattyMurray Thank you!]]></document>
		<document><![CDATA[@SpeakerRyan False. You know this is false. You are spreading misinformation.]]></document>
		<document><![CDATA[@SpeakerRyan Your plan benefits the rich, hurts the poor.]]></document>
		<document><![CDATA[@SpeakerRyan DISAGREE. You offer no valid alternative.]]></document>
		<document><![CDATA[@SpeakerRyan Now it's your turn to stand up and assist in finding out all details of Russian interference in US election.]]></document>
		<document><![CDATA[@deray I just saw it recently too. Beautiful and sad.]]></document>
		<document><![CDATA[Nadya of #PussyRiot warns US journalists: You better be ready to fight. https://t.co/eMBINlpLIp]]></document>
		<document><![CDATA[Don't know why it's taken me so long to see What Happened, Miss Simone? Beautiful. https://t.co/CdvSpGmFlE]]></document>
		<document><![CDATA[@irrationalratio Yes. His could get dangerous fast.]]></document>
		<document><![CDATA[@maevehiggins Love this! Nayyef's story is so touching... and here in Seattle!]]></document>
		<document><![CDATA[Love this podcast! https://t.co/7CPQAHRwGF]]></document>
		<document><![CDATA[@PattyMurray Thank you!!! https://t.co/OGj2ynK4Hy]]></document>
		<document><![CDATA[@Bibliocracy @giso6150 @snopes Got it thanks.]]></document>
		<document><![CDATA[@catladylib Fair. Thanks]]></document>
		<document><![CDATA[@PattyMurray Please beware of plans to privatize Medicare and erode our already tenuous healthcare system!]]></document>
		<document><![CDATA[@SpeakerRyan @GOPoversight DISAGREE. You should be concentrating on PEOTUS' myriad conflicts of interest.]]></document>
		<document><![CDATA[U.S. Senate: No confirmations for Trump nominees until Obama's nominee confirmed to Supreme Court. - ... https://t.co/fa2Sgc2rrL via @Change]]></document>
		<document><![CDATA[Democrats still have a chance to bolster the Senate against 💩Trump💩 https://t.co/jK4wsJGUsT]]></document>
		<document><![CDATA[@POTUS @MichelleObama ❤️This Thanksgiving I'm grateful for 8 years of steady, thoughtful leadership with grace and humor. ❤️#ThanksObama]]></document>
		<document><![CDATA[@jessemjen A side of side eye https://t.co/NGwwi0qIzl]]></document>
		<document><![CDATA[@MrDicksKite @TheRoachMaker @Slate Its also where most economic activity takes place:
https://t.co/iAJ6Xi72jf]]></document>
		<document><![CDATA[@nprpolitics @NPR Devos family has donated hundreds of millions to Christian conservative causes https://t.co/OM73tX525q]]></document>
		<document><![CDATA[The DeVos family has poured more than $200 million into the Christian conservative movement. https://t.co/nt83gRLVxc via @motherjones]]></document>
		<document><![CDATA[@SpeakerRyan Please explain how being paid for work done is wrong for ppl earning under $47,000. Maybe you'd change if it was for you.]]></document>
		<document><![CDATA[@CivilRights Please audit the votes in WI, MI, PA. Enough suspicion of tampering exists to call results into question. #auditthevote]]></document>
		<document><![CDATA[How can there only be 8 episodes of @insecurehbo?!? https://t.co/jwMl9IBJ8S]]></document>
		<document><![CDATA[Hmmm... such a mystery. #SteveBannon https://t.co/LUM6xMLBKr]]></document>
		<document><![CDATA[@lizzo Seattle! https://t.co/PBnAHzHm6r]]></document>
		<document><![CDATA[But he's hot af! And funny :) https://t.co/dk8ZvvwM8i]]></document>
		<document><![CDATA[@LindseyGrahamSC Please continue to push for a full investigation into the role Russia may have played in the election. Thank you!]]></document>
		<document><![CDATA[@GOPoversight Please review the apparent financial conflicts of interest with the President elect before his term begins. Thank you.]]></document>
		<document><![CDATA[Time to speak out against president elect's choice of #SteveBannon @lisamurkowski #DumpBannon https://t.co/XwDZD5ifoU]]></document>
		<document><![CDATA[@PattyMurray Please publicly oppose president elect's white supremacist #SteveBannon appointment. #DumpBannon]]></document>
		<document><![CDATA[@SenatorCantwell Please speak out against president elect's choice of white supremacist #SteveBannon as White House advisor. #DumpBannon]]></document>
		<document><![CDATA[@fivefifths Hope all is well and that you land safely soon!]]></document>
		<document><![CDATA[@deray I think partly it has to do with percentages, because the electorate has grown. https://t.co/M3h1uWGhjf]]></document>
		<document><![CDATA[@paulapoundstone Maybe it's I can't believe it's not butter? https://t.co/EmJSa4eYxw]]></document>
		<document><![CDATA[@jseattle Don't forget the library. @SPLBuzz]]></document>
		<document><![CDATA[@GuardianUS @guardian Protests in Seattle #NoTrump #dumptrump https://t.co/1wj2jUEYbL]]></document>
		<document><![CDATA[#Seattle protests tr💩mp "He's racist. He's sexist. He doesn't represent us" #dumptrump https://t.co/l0LxJ4JH6Z]]></document>
		<document><![CDATA[He's racist. He's sexist. He doesn't represent us. https://t.co/mm0kNbQjJ6]]></document>
		<document><![CDATA[#dumptrump rally #Seattle https://t.co/broG0Ry5gu]]></document>
		<document><![CDATA[This whole thread. https://t.co/4OnxWRtNBz]]></document>
		<document><![CDATA[Backwoods Nation by Pedro the Lion https://t.co/eMm2tgv7bQ]]></document>
		<document><![CDATA[@poplibrarian I don't even know how to respond. I'm so sorry this is the message being broadcast to the world.]]></document>
		<document><![CDATA[@rudygiulianiGOP #ImWithHer #ImWithThem https://t.co/wQnwhb0CQp]]></document>
		<document><![CDATA[What a hateful bully. https://t.co/91sLZOobvD]]></document>
	</documents>
</author>