<author lang="en">
	<documents>
		<document><![CDATA[when i walked into my tutorial today someone had written on the board, in french"Mr Krabs is bourgeoisie scum"]]></document>
		<document><![CDATA[@KellieLeitch how can you tell immigrants to follow these exact values when some cdns don't believe in them.. how is that fair?? 2/2]]></document>
		<document><![CDATA[@KellieLeitch but that's not true. There are cdns who were born here that don't share the values you have on you value screening test 1/2]]></document>
		<document><![CDATA[DONALD TRUMP IS AT THE CIA TALKING RIGHT NOW ABOUT TOM BRADY, HOW THE MEDIA SUCKS AND BEING ON THE COVER OF TIME MAGAZINE... this is wild]]></document>
		<document><![CDATA[this guy.... is delusional......]]></document>
		<document><![CDATA[THE UNITED STATES HASN'T WON ANY WARS LATELY BECAUSE THERE HASN'T BEEN ANY WARS!!!! WHAT IS HE SAYING!!! HOW IS THIS REAL??????]]></document>
		<document><![CDATA[Series of Unfortunate Events is on Netflix now and my 12 year old self is LIVING]]></document>
		<document><![CDATA[WALLS 👏 DON'T 👏 STOP 👏 PEOPLE 👏 FROM GETTING 👏 INTO 👏 PLACES 👏 READ 👏 A 👏 HISTORY 👏 BOOK 👏]]></document>
		<document><![CDATA[@cheydes what did u r time hop say about winter clothes yesterday??]]></document>
		<document><![CDATA[@alishajuma 1. How did you get to the bus station 2. How are you planning on walking ANYWHERE from this point forward 3. WHAT THE FUCK?]]></document>
		<document><![CDATA[@johnwhaskell do you live in the subway]]></document>
		<document><![CDATA[At a loss for words at what I just saw on the 143 this morning https://t.co/aVoWu05O55]]></document>
		<document><![CDATA[@madcar88 @KellieLeitch Do you have any links to the reports/polls? I personally hadn't seen any.]]></document>
		<document><![CDATA[Anyone going to the game tonight PLEASE buy me a hot dog horvath shirt!! @Canucks @RogersArena this is such a cool… https://t.co/VuenddqBgg]]></document>
		<document><![CDATA[@KellieLeitch going thru  proper &amp; thorough immigration process is essential but when u treat all immigrants as criminals you get resentment]]></document>
		<document><![CDATA[@KellieLeitch Saw you on Fox new...Where are you getting your facts from? 2/3 of Canadians agree for Cdn value screening? #WhereAreYourFacts]]></document>
		<document><![CDATA[WOW!!! THIS IS INSANE!! #CentennialClasic]]></document>
		<document><![CDATA[@ColeMFHoward People at @RogersArena are so unenthusiastic! I went to a concert once and was asked to sit down during the performance...]]></document>
		<document><![CDATA[GO 👏 BUY 👏 STONEY 👏 ON 👏 ITUNES 👏 JUST 👏 LISTENED 👏 TO 👏 IT 👏 , 👏 IT'S 👏 LIT 👏 @PostMalone]]></document>
		<document><![CDATA[There is NO WAY that was the first time @becbenit and kyle have kissed #SNL @nbcsnl]]></document>
		<document><![CDATA[Watching #MasterChefCanada if think chef claudio doesn't know how to cut. Seriously every episode everything is pre-cut... think about it]]></document>
		<document><![CDATA[I was getting confused reading lecture slides so my mom said go back to my lecture notes but... https://t.co/LzacuA7loe]]></document>
		<document><![CDATA[Any PRO-SNOW content will be BLOCKED #DevilsDandruff]]></document>
		<document><![CDATA[@TransLink 15 business is a bit excessive...why does it take so long to get a response]]></document>
		<document><![CDATA[@Fassbender_BC @TransLink also why change bus routes for Como lake/SFU when evergreen line doesn't reach that area???]]></document>
		<document><![CDATA[@Fassbender_BC @TransLink have yet to received a response over my concerns for th updated bus routes... why even have a feedback page???]]></document>
		<document><![CDATA[XMAS PSA: If ur a slow walker, please shop on weekdays]]></document>
		<document><![CDATA[@AlexaIshikawa but cut it off immediately after win]]></document>
		<document><![CDATA[@alishajuma THIS IS ME I ALSO HAVE 2 ESSAYS BUT I FINISHED GG AND I REGRET NOTHING]]></document>
		<document><![CDATA[@jtrenaman WHO I'D RUNNING UR ACCOUNT???]]></document>
		<document><![CDATA[route! Also that customer complains may take up to 15days! The new route starts in less than that!!! @TransLink NOT HAPPY]]></document>
		<document><![CDATA[its a bit disconcerning that @translink made their new 143 and 151 bus route decision off the opnion of around 80 people's opinions of the]]></document>
		<document><![CDATA[@jtrenaman  did u type this??]]></document>
		<document><![CDATA[@TransLink gotcha! Thanks :)]]></document>
		<document><![CDATA[.@TransLink With the new changes are the only 2 buses going to SFU the 143 and the 95?]]></document>
		<document><![CDATA[@TransLink Already filled it out!!! This is the only place you respond]]></document>
		<document><![CDATA[@TransLink You essentially altered bus routes due to consultation of 0.02 percent of the population. For coquitlam south only 80ppl!!!!!]]></document>
		<document><![CDATA[@TransLink After reviewing the link u provided me with, are u aware that u only had 687 ppl review route changes? Lowemainland pop is 2mil.]]></document>
		<document><![CDATA[@TransLink route IS better for people who live in close proximity to a new evergreen station but for those on #ComoLake it is WORSE!]]></document>
		<document><![CDATA[@TransLink do you have the individual route results? Like was the #143 better for the 72%/66% or was it the 151? Also the new 143]]></document>
		<document><![CDATA[@TransLink In the study you concluded that  "#143, #151, and “New 3” Service: Better for 72% panelists, 66% public"]]></document>
		<document><![CDATA[@TransLink thank you!]]></document>
		<document><![CDATA[@TransLink i tweeted you earlier today but got no answer.]]></document>
		<document><![CDATA[@TransLink When did the consultation take place and who exactly was consulted????]]></document>
		<document><![CDATA[@TransLink just wondering if you have found the records of public consultation you had over the new 143 and 151 route? When we the meetings?]]></document>
		<document><![CDATA[@translink Do you have records of these consultations? Minutes from meetings? Anything I can refrence? https://t.co/L4QfOscTIA]]></document>
		<document><![CDATA[@TransLink I would like you to provide me an email I can contact with my concerns.]]></document>
		<document><![CDATA[@TransLink 6. To rely on multiple buses in order to get to school!! NOT happy]]></document>
		<document><![CDATA[@TransLink 5. Your new 151 and 143 bus routes is terrible. You are taking one of the BUSIEST buses in coquitlam and forcing students to need]]></document>
		<document><![CDATA[@TransLink 4. Inconvenient I have waited thru in hopes that the new system would be beneficial. Unfortunately u have once again let me down]]></document>
		<document><![CDATA[@TransLink 3. And I was actually out of a job for 3 months due to construction that was happening over my work. While those have been]]></document>
		<document><![CDATA[@TransLink 2. Accidents due to the mismanagement of the intersection by Northgate Plaza (lack of vision due to skytrain pillar)]]></document>
		<document><![CDATA[@TransLink 1. the evergreen line has always been an inconvenience, from increased traffic on north road, to almost being in multiple]]></document>
		<document><![CDATA[@TransLink 6. I cannot risk my education and constant misses classes due to  your unpredictable buses.]]></document>
		<document><![CDATA[@TransLink 5. SFU &amp; will most likely be using my car to go to school because of the constant uncertainty provided by your "service"]]></document>
		<document><![CDATA[@TransLink 4. just wanted to know why you always tend to forget about the needs of the riders when making your plans? I live very close to]]></document>
		<document><![CDATA[@TransLink 3. is completely inconvenient.]]></document>
		<document><![CDATA[@TransLink 2. 2 buses to get to school when the old route was working perfectly. Having to plan my trip with scheduling for 2 buses in mind]]></document>
		<document><![CDATA[@TransLink 1. Hi, Translink, just wondering why you changed the 143. I live on como lake and very close to SFU and now need to take]]></document>
		<document><![CDATA[Drake is officially cancelled @meghantrenaman @jtrenaman @cheydes @courtneyperryyy https://t.co/GtwSEcT6Kb]]></document>
		<document><![CDATA[HTGAWM WHAT JUST HAPPENED!!!!!!!!!]]></document>
		<document><![CDATA[One of my absolute favorite songs of all time. Very sad day 😢 https://t.co/ZlDHOOWKga]]></document>
		<document><![CDATA[@jenee_12 she never said that she didn't accept the results. Podesta said she wouldn't speak tonight.....]]></document>
		<document><![CDATA[Core Lewandowski you are SO delusional it is incredible  #ElectionNight]]></document>
		<document><![CDATA[@alishajuma @VanJones68 this is the saddest thing I have ever seen in my entire life]]></document>
		<document><![CDATA[THANK YOU @VanJones68 !!!!! Everything you are saying right now is right on point! THANK YOU thank you THANK YOU!!!!!!!]]></document>
		<document><![CDATA[#ElectionNight https://t.co/dKbDECJx2c]]></document>
		<document><![CDATA[Nothing like watching your bus drive right past you 😊😊😊😊😊]]></document>
		<document><![CDATA[I believe that Cleveland lost because their name and logo is racist]]></document>
		<document><![CDATA[@hannibalburess can u give me tickets to your show tomorrow...I'll pay]]></document>
		<document><![CDATA[Not looking forward to the movie adaptation of the 2016 US election]]></document>
		<document><![CDATA[@TheMindyProject just followed me on twitter and it's now THE BEST DAY EVER!!!! #QueenMindy]]></document>
		<document><![CDATA[@hannibalburess you're coming to Van on my BIRTHDAY!!!!!!]]></document>
		<document><![CDATA[@tatsmagats it's SO BAD]]></document>
		<document><![CDATA[@hannahbuteau and now I'm CRYING]]></document>
		<document><![CDATA[Found out that I'm on the last episode of Gilmore girls and now I'm sad.....]]></document>
		<document><![CDATA[@hannahbuteau life is hard...]]></document>
		<document><![CDATA[@hannahbuteau and now I've done more analysis on my gilmore girls cryfest that I have on my actual essay so I started crying again]]></document>
		<document><![CDATA[@hannahbuteau but I did cry when Rory graduated Chilton so that theory is out the window]]></document>
		<document><![CDATA[@hannahbuteau side bar: I only have the intro done of my essay so that could be a reason I'm tearing up]]></document>
		<document><![CDATA[I started crying while watching my Gilmore girls because Rory is graduating from Yale and I've been writing an essay for 8hrs]]></document>
		<document><![CDATA[Either there's a weird guy on my street who dresses up like E.T for fun or someone is having a REALLY early halloween party....]]></document>
		<document><![CDATA[HE'S SO GOOD I'M CRYING https://t.co/inFxJYK5ou]]></document>
		<document><![CDATA[QUEEN HILLARY!!!!!  #debatenight]]></document>
		<document><![CDATA[How bad is it that you need real time fact checking during a PRESIDENTIAL debate.....]]></document>
		<document><![CDATA[Moment of silence to whoever left half of a cheeseburger on the floor today at work.....we're all thinking of you]]></document>
		<document><![CDATA[@Adele hi mom! Just wondering when your Christmas album is coming out!!!]]></document>
		<document><![CDATA[Tuck it in bro. @LastWeekTonight   #Emmys https://t.co/eWiR7W252r]]></document>
		<document><![CDATA[@cheydes @ladygaga YEEEESSS QUEEN MOM GAGA HAS BLESSED MY BIRTHDAY WITH AN ALBUM QUEEN]]></document>
		<document><![CDATA[Why does James want to lose big brother? #bb18]]></document>
		<document><![CDATA[@cheydes queen of relaxed fit clothing https://t.co/a0HltUyWnI]]></document>
		<document><![CDATA[@cheydes how to ruin ur Thursday https://t.co/OlT5rlREd6]]></document>
		<document><![CDATA[@cheerMEDIA @VAS_Cheer and @VarsityAllStar are a match made in heaven!! @IceQueensIQTL  never go wrong on a uniform! https://t.co/Ta3pJC5gcb]]></document>
		<document><![CDATA[@cheerMEDIA  I'M OBSESSED!! I may be a bit biased but @VAS_Cheer does it again with another FLAWLESS uniform!! https://t.co/pjcZ7mtVL7]]></document>
		<document><![CDATA[Going to live tweet my classes one day....this is WILD #YeezySeason4]]></document>
		<document><![CDATA[Was iffy at first- like with Rodeo- but Birds in the trap is a good one 👌]]></document>
		<document><![CDATA[READY TO BEAT IT https://t.co/B8K3xuaQsc]]></document>
		<document><![CDATA[Trying to figure out if this guy is serious..... https://t.co/neLFzO15vl]]></document>
		<document><![CDATA[Let's beat it!!! https://t.co/YWPh2wcPIf]]></document>
		<document><![CDATA[@alishajuma not here for it at all]]></document>
	</documents>
</author>