<author lang="en">
	<documents>
		<document><![CDATA[@nicolawillsxx yeah! Like everyone I follow is fine, but I can't stop myself going onto the explore option sometimes]]></document>
		<document><![CDATA[@nicolawillsxx seriously! This is so lame, but I've started downloading it when I want to upload something, and then deleting the app]]></document>
		<document><![CDATA[.@FoodPsychPod episodes are the perfect way to spend two hour bus journeys.]]></document>
		<document><![CDATA[Blair vs huge ass painting @ National Galleries of Scotland https://t.co/2dm7fSvk39]]></document>
		<document><![CDATA[When you've reached the halfway point for your dissertation word count, and you've only addressed one theme... I gotta chill.]]></document>
		<document><![CDATA[Mozart's Requiem has been stuck in my head continuously. I hope that this isn't an omen.]]></document>
		<document><![CDATA[I need 10 lives so that I can be a performer, food/body image counsellor, baker, historian, cat and all of the other things I want to be.]]></document>
		<document><![CDATA[@_redbelt I'm so sorry]]></document>
		<document><![CDATA[When your class starts discussing if creation is pointless, but you're so hangry you can't even focus on the wall, never mind deep questions]]></document>
		<document><![CDATA[@lesleyb112 Bonnie and Clyde the musical]]></document>
		<document><![CDATA[@becki_fay oh man now I really want ice cream]]></document>
		<document><![CDATA[@MissJenny173 yup... no Bonnie and Clyde for me :(]]></document>
		<document><![CDATA[That feel when you get a callback for a dream show, and then find out it's performing the same week that your dissertation is due. 😭]]></document>
		<document><![CDATA[@sabrinaaloueche I relate to this on a spiritual level]]></document>
		<document><![CDATA[Women in the Arts is tonight! I’ll be revisiting a song that means a lot to me, as it was my… https://t.co/xXUtLA0mtu]]></document>
		<document><![CDATA[@Sophaba if you need to talk to someone about this who'll understand, I'm here ❤️❤️]]></document>
		<document><![CDATA[That ominous throat tickle three days before a performance...]]></document>
		<document><![CDATA[Thank God peanut butter exists.]]></document>
		<document><![CDATA[@lucy_coatman mental health and happiness are just as important, and creating a bad relationship with food and exercise is damaging.]]></document>
		<document><![CDATA[@lucy_coatman If you want to do it, please do it in a healthy/sustainable way #HowToLoseWeightWell]]></document>
		<document><![CDATA[Diet culture is incredibly draining and causes so much life sapping restriction.]]></document>
		<document><![CDATA[@jlowndesx I think my grandparents just picked a really random one off amazon and it's worked fine for warming me up!]]></document>
		<document><![CDATA[P.S. had the most kickass chocolate milkshake today, 100/10, would recommend to a friend and then steal theirs.]]></document>
		<document><![CDATA[Apologies to everyone in this library who has coffee for staring longingly at you.]]></document>
		<document><![CDATA[@Rach_Mudd I can't believe the packaging expects people to share 🙊]]></document>
		<document><![CDATA[Just some cheery light reading for my dissertation on Elisabeth das Musical this afternoon... https://t.co/VDLgpv74BY]]></document>
		<document><![CDATA[To every driver in St Andrews who actually indicates: THANK YOU!]]></document>
		<document><![CDATA[Thank God for pre semester pancakes. Oh, and friends... https://t.co/B3IPxQcb8M]]></document>
		<document><![CDATA[@fyeahmfabello you are honestly my favourite twitter EVER]]></document>
		<document><![CDATA[@lucy_coatman honestly amazed by the amount of work and care Donald puts in for the welfare of staff and students.]]></document>
		<document><![CDATA[@lesleyb112 it was very informative, and there was carrot cake!]]></document>
		<document><![CDATA[@Beachammm it was pretty awesome, I have to admit! (And that galaxy bar is already gone)]]></document>
		<document><![CDATA[Pretty excited to be work shadowing Rev. Donald MacEwan tomorrow! #pastoralcare]]></document>
		<document><![CDATA[When your friend randomly shows up at your door and says "I brought you breakfast" https://t.co/6t4WkFDQzZ]]></document>
		<document><![CDATA[@Sophaba please eat sachertorte at Falko for me x]]></document>
		<document><![CDATA[Back in St Andrews for my last ever semester. Weird. Craving pretzels.]]></document>
		<document><![CDATA[My boyfriend took me out for my first ever tapas for my 22nd birthday, and now I have a chorizo… https://t.co/LAKcEryNaY]]></document>
		<document><![CDATA[@Sophaba just opened your card(s), thank you! 😘 xxx]]></document>
		<document><![CDATA[@misshazelflagg thank you! 😘😘]]></document>
		<document><![CDATA[@Sophaba thank you so much!!!]]></document>
		<document><![CDATA[Snow outside, my favourite chocolates before breakfast, my cat, going to Edinburgh later... I would call this a goo… https://t.co/vnAjfac887]]></document>
		<document><![CDATA[@jessdaggs closely followed by the Touch My Bum song by the Cheeky Girls]]></document>
		<document><![CDATA[Oh my God, I just rediscovered the Cheeky Girls]]></document>
		<document><![CDATA[Spending my final hours of being 21 by dancing to the Fast Food song in my Winnie the Pooh pyjamas.]]></document>
		<document><![CDATA[@Andree_Coatman I was too tired to realise there was any... now I'm sad.]]></document>
		<document><![CDATA[@Andree_Coatman I ran out of porridge!]]></document>
		<document><![CDATA[@JesterPilgrim I'm sad because I had such fond memories of the chocolate version. Now I don't want to eat it in case it ruins it.]]></document>
		<document><![CDATA[@JesterPilgrim okay but seriously, I loved this stuff when I was little. Just had some of my mum's because I ran out of oats and]]></document>
		<document><![CDATA[@JesterPilgrim thanks for the nightmares Jesse...]]></document>
		<document><![CDATA[Ready Brek might possibly be the most revolting thing I have had the displeasure of eating]]></document>
		<document><![CDATA[@Sophaba nooo don't! We need to seek out another yummy cake place for next time xx]]></document>
		<document><![CDATA[@Sophaba thank YOU! Sorry I was a bit out of it, headaches are a killer! X]]></document>
		<document><![CDATA[Tix now on sale for Women in the Arts. Performances by the women of St A (including myself), all for a good cause! https://t.co/5kge86Vsai]]></document>
		<document><![CDATA[Was dancing rather enthusiastically to a remix of the Lazy Town theme in my pjs and then almost knocked my light off the ceiling #adulthood]]></document>
		<document><![CDATA[Food and family... what could be better? @donmarco_mcr https://t.co/ohm5UcAL8i]]></document>
		<document><![CDATA[Early 22nd birthday celebrations (I had 3 desserts) @ Don Marco Manchester https://t.co/T9zOgWibGG]]></document>
		<document><![CDATA[Trying to learn my lines, and she plonks herself down like this... thanks https://t.co/aBRJ25i4LQ]]></document>
		<document><![CDATA[If I ever get rich, I will buy every Manchester area bus passenger headphones so that they can listen to music without annoying me.]]></document>
		<document><![CDATA[@JesterPilgrim I'll have to get that on catchup! Thanks! Always down for some Vienna fun timez]]></document>
		<document><![CDATA[@Andree_Coatman i want to go except i wouldn't come out alive]]></document>
		<document><![CDATA[@Sophaba that's good with me :) xx]]></document>
		<document><![CDATA[@Sophaba love you too!! We need to meet before I leave on the 13th! Xx]]></document>
		<document><![CDATA[Too many period dramas, too little time]]></document>
		<document><![CDATA[Honestly this was the peak of my existence and I don't know how I will top this? https://t.co/VZ6ZBxBBPu]]></document>
		<document><![CDATA[Hoping I can get ripped arms from holding books up as I read lay down in bed...]]></document>
		<document><![CDATA[@Andree_Coatman I realised it is her, every five seconds!]]></document>
		<document><![CDATA[Can't tell if it's my tummy rumbling, or my cat's...]]></document>
		<document><![CDATA[New Year's Day: wake up at 2, get a Subway sandwich, fall back asleep]]></document>
		<document><![CDATA[Made it to Edinburgh for my first ever Hogmanay! Wish me luck...]]></document>
		<document><![CDATA[Cover of Kann ich einfach geh'n? from Rudolf Affaire Mayerling by @FrankWildhorn - https://t.co/qUhtMCbSOC]]></document>
		<document><![CDATA[Sick of seeing the idea over social media that you have to punish yourself for enjoying food over Christmas. Treat yourself with kindness.]]></document>
		<document><![CDATA[The limit does not exist! https://t.co/3MAc3Pb3jD]]></document>
		<document><![CDATA[Can't wait to graduate just so that I actually have the time to read the books I got for Christmas...!]]></document>
		<document><![CDATA[I'm 21 years old, and I still woke up at every hour last night. MERRY CHRISTMAS!!!]]></document>
		<document><![CDATA[I know I am shamefully late, but I finally saw Fantastic Beasts, and I loved it!]]></document>
		<document><![CDATA[The fact it features Mayerling and is followed by a show on Ludwig II's castles is just the icing on the cake...]]></document>
		<document><![CDATA[TV show about Empress Sisi? Thank you @BBCFOUR for having my back &amp; making me feel as though I'm working on my dissertation this Xmas break!]]></document>
		<document><![CDATA[Just when I was thinking about how porridge is my true love who will never hurt me, it burnt the roof of my mouth.]]></document>
		<document><![CDATA[@tansypool taken same time this was painted. Crazy, right? https://t.co/17hlQr83oV]]></document>
		<document><![CDATA[@tansypool I mean... top right... https://t.co/UJd8tiZ7jv]]></document>
		<document><![CDATA[@Sophaba it finally happened!!!]]></document>
		<document><![CDATA[@lesleyb112 excited to watch it today! :)]]></document>
		<document><![CDATA[Me: I'm going to bed
Me: finds a private collection photo of old Empress Elisabeth in a book and freaks out]]></document>
		<document><![CDATA[@AScottishCat he was in a panto in Manchester. He called me babe and everything was surreal.]]></document>
		<document><![CDATA[Happy four year anniversary of the time I met David Hasselhoff]]></document>
		<document><![CDATA[I Don't Know How to Love Him - Jesus Christ Superstar (cover): https://t.co/GjCpF7qR86]]></document>
		<document><![CDATA[Rochdale just gets worse every time I come back.]]></document>
		<document><![CDATA[I am my own Christmas break goals https://t.co/kAXZg44FSM]]></document>
		<document><![CDATA[When you try to take a cute Christmas reunion photo with your cat and she hates every moment. https://t.co/i8HI4501MG]]></document>
		<document><![CDATA[Just had a warm mince pie topped with Ben and Jerry's Sofa So Good, and I am in SUGAR HEAVEN]]></document>
		<document><![CDATA[I relate to Eliza Doolittle, because I too can be easily convinced to do things with the offer of chocolate.]]></document>
		<document><![CDATA[Seriously awesome hang time with @Andrew_Marin &amp; @brenmarin today. But now I'm going to be craving chorizo for the next week...]]></document>
		<document><![CDATA[@JesterPilgrim I always go to SB Therapy! Think there are a couple of places in town though]]></document>
		<document><![CDATA[Nothing like a professional massage to cleanse away the semester. #andbreathe]]></document>
		<document><![CDATA[Final exam time... there is a collection of Audrey Hepburn movies in the library awaiting me on the other side...]]></document>
		<document><![CDATA[Let's be real, Aber bitte mit Sahne is my theme song]]></document>
		<document><![CDATA[but I'm listening to the Ich war noch niemals in New York cast recording on repeat...]]></document>
		<document><![CDATA[Considering my exam tomorrow, I should probably be listening to Victorian hymns...]]></document>
		<document><![CDATA[@Andree_Coatman my 15 year old dream...]]></document>
		<document><![CDATA[My problem with exams is not nerves, it's that I just can't be bothered to sit there and write for 3 hours.]]></document>
	</documents>
</author>