<author lang="en">
	<documents>
		<document><![CDATA[@1hale no I pressed share to receive free gift it's auto post]]></document>
		<document><![CDATA[@1hale I actually bought the travel pillow :)]]></document>
		<document><![CDATA[Just bought an amazing umbrella here/ https://t.co/QL6yUN6Hiz]]></document>
		<document><![CDATA[@EliasGaskin be a hard game for Arsenal on that pitch for sure as well they will have a lot of passion ! But we will win 😜👋🏻👋🏻]]></document>
		<document><![CDATA[@EliasGaskin totally agree I hope they put out a strong side so Sutton play against some of the stars Arsenal and the fans get to see them]]></document>
		<document><![CDATA[@cbradbee I have been to Sutton ground last yr with Celeb FC so admire them my 2nd team 😜]]></document>
		<document><![CDATA[Sutton - Arsenal 😀😀😀😀 seriously can't wait for this ❤❤❤ I love Arsenal but want Sutton to do well great draw]]></document>
		<document><![CDATA[@CheChesterman if you change you're @ you will lose you're verified blue tick DONT DO IT x]]></document>
		<document><![CDATA[Mental health is so important to highlight this amazing event in aid of two amazing charities that help people... https://t.co/ts1JM58IhE]]></document>
		<document><![CDATA[@EssexfamilyGB @georgegilbey as for nice George never stopped telling us all about you and what you do heart of gold ❤❤❤❤❤]]></document>
		<document><![CDATA[@EssexfamilyGB @georgegilbey ahhh he is a credit to you one of the nicest people I've met you simply must come to one of the matches xxx]]></document>
		<document><![CDATA[@Nic0381 and you Nic x]]></document>
		<document><![CDATA[@Nic0381  I'm over the moon I've never watched dragons den so I have no idea what they've cancelled 😆 but I am happy with Ronnie's result 😀x]]></document>
		<document><![CDATA[@ronnieo147 I feel like I could be a lucky charm hahaha not like he needs one I was on the edge of my seat 👋🏻👋🏻👋🏻👋🏻]]></document>
		<document><![CDATA[@MrsRazorRuddock @JodieMarsh both beauties 😍]]></document>
		<document><![CDATA[@ronnieo147 I have never watched snooker before but now I am sitting watching wishing you to win 😀 come on Ronnie you can do it x]]></document>
		<document><![CDATA[@Aaronhowlett you're welcome x]]></document>
		<document><![CDATA[@Aaronhowlett if you watch Barry and Darren's meet the bidders on DAVE website I tell you they sell burgers it's not a secret 😜 😀]]></document>
		<document><![CDATA[@robdavies1978 @TabooFX was great at the end just bit to real x]]></document>
		<document><![CDATA[@Celeb_FC @dreamertrace @phoenixfm love her ❤❤❤]]></document>
		<document><![CDATA[@DKTH2015 you got that right Kevin x]]></document>
		<document><![CDATA[@Shel1Fish I have watched them all brilliant series 😎👌]]></document>
		<document><![CDATA[Omg sooooo scary my nerves are in bits 🤒👽👽👽👀 — watching Arrival]]></document>
		<document><![CDATA[Amazing Arabella on Twitter https://t.co/dqjU72kbZx]]></document>
		<document><![CDATA[Beauty &amp; the Hulk - URBAN PANTO - Platinum Performing Arts - SHOWING NOW - OnTrax TV https://t.co/9Q4r1OStVF]]></document>
		<document><![CDATA[Please share xx https://t.co/YoWctS2VY9]]></document>
		<document><![CDATA[Have you got some tired furniture ? In need of a little jjjushh up well look no further my good friend Stewart... https://t.co/tzfLqvDyvg]]></document>
		<document><![CDATA[@bullseyeant beautiful you are so talented x]]></document>
		<document><![CDATA[Millfield Theatre Beauty and the Hulk BOOK NOW 😍😍😍😍 https://t.co/7w6tLo18Mf]]></document>
		<document><![CDATA[@Sanogology you are my new hero x]]></document>
		<document><![CDATA[@charybdis1966 I am my own team in this 😍😍😍]]></document>
		<document><![CDATA[@Sanogology I absolutely love love this]]></document>
		<document><![CDATA[This is so true people with no life concentrate to much on what others are doing ! https://t.co/3Ov6pbko7a]]></document>
		<document><![CDATA[@ParadiseWLPark thank you for many years of happy memories I love this place ❤️ Arron you're a star x https://t.co/wWE0ooAbyb]]></document>
		<document><![CDATA[@1hale in I think 86 countries not bad 😀😀😀]]></document>
		<document><![CDATA[“Saturday morning Facebook will become chargeable” hoaxes spread

January 5, 2017 by Craig Charles No Comments... https://t.co/mckePic3Si]]></document>
		<document><![CDATA[PPA (@PPArts_) posted a photo on Twitter https://t.co/zMgAhYVrXk]]></document>
		<document><![CDATA[@Lingfield_FC come on the lingers]]></document>
		<document><![CDATA[@1hale he is a bully]]></document>
		<document><![CDATA[@qmix love this ❤️]]></document>
		<document><![CDATA[@Farkinghill as an animal lover you have the right friends 😜]]></document>
		<document><![CDATA[Fake friends outcasted for 2017 #newyeareyeopener #dontcallmeiwillcallyou #never this yr my network will be small... https://t.co/iRVwUMR11v]]></document>
		<document><![CDATA[@HannahHaisman_H exactly hahaha strong women we will rule the world 😂😂😂 hope your having a lovely Christmas break x]]></document>
		<document><![CDATA[@HannahHaisman_H I like to think assertive 😜]]></document>
		<document><![CDATA[@WelshWizard07 one cornetto obviously x]]></document>
		<document><![CDATA[@ErrolLea loved this episode sadly left hand drive and automatic x]]></document>
		<document><![CDATA[@Gazzallaaaaar oh dear you will be sadly missed ! Such a charmer as well #bye]]></document>
		<document><![CDATA[Feeling bored post Christmas blues ? Well have I got a treat for you 😀 hop over to DAVE right now and for the... https://t.co/EgHuNOdCDr]]></document>
		<document><![CDATA[@Northeast_Carl that'll be me 😂😂😂😂]]></document>
		<document><![CDATA[are you bored todqy are you have post christmas blues ? well hop over to DAVE #storagehuntersuk we are on ALL day 😂😂😂❤️ #marathon]]></document>
		<document><![CDATA[Dinner round 2 all about family ❤️❤️ today is a biggie #lovechristmas]]></document>
		<document><![CDATA[@maddox_natalie I love Nat to the moon and back #sisters4life xxxxx]]></document>
		<document><![CDATA[@Nic0381 we grew up with this man he touched all our lives ... I agree we lose everyday that was not my comment it's the jokes #notfunny]]></document>
		<document><![CDATA[Absolutely gutted about George Michael total legend! To joke about death is not big not funny and is completely... https://t.co/IHJ7cF9r1Z]]></document>
		<document><![CDATA[@1hale thank you so much for the picture it is lovely xxx merry x mas]]></document>
		<document><![CDATA[@Hoooray4Boobies I don't do kitchens xx have a lovely day babe]]></document>
		<document><![CDATA[@donalddcowan and you Donald xx]]></document>
		<document><![CDATA[@EliasGaskin you too babe have a lovely day xx]]></document>
		<document><![CDATA[@Gate8_CFC it's a very Merry Christmas 🎄🎄🎄❤️❤️❤️]]></document>
		<document><![CDATA[@petem1234 Pete you too 🎄🍾🎉 x]]></document>
		<document><![CDATA[@MorgsHD you too babe have a lovely Christmas x]]></document>
		<document><![CDATA[@Nic0381 and to you two have a lovely day xx]]></document>
		<document><![CDATA[@killerpixieh you too faith 🎄❤️ have a lovely day x]]></document>
		<document><![CDATA[Merry Christmas everyone 🎄🎄🎄 https://t.co/rZWtIr8Adr]]></document>
		<document><![CDATA[@dzstin Guinness put hairs on my chest I think I will stick to champagne 😜 x]]></document>
		<document><![CDATA[LOVE PANTO LOVE THIS 0208 807 6680 BOOK NOW  ❤️❤️❤️ https://t.co/FvQmuqU4Zw]]></document>
		<document><![CDATA[@betterremovals you too we must meet up over Christmas period xx]]></document>
		<document><![CDATA[Can't recommend this highly enough the kids and the parents will LOVE this BOOK NOW 0208 807 6680 @PPArts_ https://t.co/foaVNjvCQU]]></document>
		<document><![CDATA[PLEASE SHARE RETWEET GUYS THIS IS CHRISTMAS AND THESE KIDS HAVE WORKED SO HARD FOR MONTHS TO PUT ON THIS SHOW WE... https://t.co/8Srg2Np44r]]></document>
		<document><![CDATA[@VasBlackwood I know you ! Well knew you 😀]]></document>
		<document><![CDATA[Let 2017 be the time for change don't be scared we are all here for you 😍 https://t.co/mhjFgc101s]]></document>
		<document><![CDATA[@mickflynn1976 always 😍 have you got anything ?]]></document>
		<document><![CDATA[@_smithy87 Where's mine more to the point :)]]></document>
		<document><![CDATA[@1hale @maddox_natalie @Celeb_FC Glad you had a great time :)]]></document>
		<document><![CDATA[@ukhistorygirl I am always wrong so love being educated :)]]></document>
		<document><![CDATA[This is what I'm talking about ❤️ https://t.co/FAUu1RyVS5]]></document>
		<document><![CDATA[Bookings please contact ASM Talent  david@asmtalent.co.uk]]></document>
		<document><![CDATA[@hutchison285 @SeanKellyComedy Sorry I don't know who Sam is ?]]></document>
		<document><![CDATA[How cool is this :) https://t.co/yIb8qQO8cJ]]></document>
		<document><![CDATA[Christmas starts at home ❤️ https://t.co/j8AB9Ns3Z0]]></document>
		<document><![CDATA[Merry Christmas it's officially up SIDE down xxx love it 😍😍😍 https://t.co/pXprlnKenJ]]></document>
		<document><![CDATA[Trees up well side down 😀😍😍😍🎈 now it's Christmas ❤️❤️❤️❤️ best time of the year xxxx]]></document>
		<document><![CDATA[@johnnymaddox11 all over and done with babe xx]]></document>
		<document><![CDATA[Give me a like and a share on my new page xx https://t.co/zLQ9k9mwNr]]></document>
		<document><![CDATA[AMBASSADOR to Celeb FC how prouder can one person get 💕💕💕💕 https://t.co/VbB4gJUVxV]]></document>
		<document><![CDATA[Fantastic news I have officially been made AMBASSADOR of Celeb FC this is a 💯 non profit charity that helps all... https://t.co/NUJ5W70rDt]]></document>
		<document><![CDATA[Platinum Performing Arts founders Roy &amp; Nina sit with Linda to discuss their work with London youth https://t.co/Thj4WLbput]]></document>
		<document><![CDATA[@georgegilbey one of the nicest guys truly funny and his mum and dad are two of the most special on earth ❤️… https://t.co/hx6wVH12du]]></document>
		<document><![CDATA[@Chelsea_Singh_  Avin it large at the #SSSNXMAS always a laugh when he is about 😎🎶🎶 https://t.co/zdUBr7pEKF]]></document>
		<document><![CDATA[@dooting it's harmless enough even I laugh watching them back 😇 x]]></document>
		<document><![CDATA[@RobLamarr love this #SSSNXMAS https://t.co/2MPQ1spCLF]]></document>
		<document><![CDATA[@Marlon_Wallen hello my little sweetie hope you got home alright after such a late night 😏]]></document>
		<document><![CDATA[#sssnxmas best night with best people 🎈🎉 https://t.co/3A4rBIcvyJ]]></document>
		<document><![CDATA[Me and my girls @Celeb_FC  @maddox_natalie #SSSNXMAS https://t.co/VaH3ZPPnKP]]></document>
		<document><![CDATA[Only the padster @PaddyDoherty59 😆😆😆 #SSSNXMAS https://t.co/RaxEAl1ptn]]></document>
		<document><![CDATA[@JasonBurrill love this guy such a true gent 😀 James Bond #SSSNXMAS https://t.co/m9PMHOaJCv]]></document>
		<document><![CDATA[Great people do great things this gives me hope 💛 humans we're not all bad  well done for this Sam Mac https://t.co/7B8iunUxcs]]></document>
		<document><![CDATA[@HeavyHeavyd @EpsomPlayhouse 100% love to see you doing so well x]]></document>
		<document><![CDATA[Aww look our little Genie I must go watch him he will be fantastic :) @HeavyHeavyd https://t.co/mduv4up7cT]]></document>
		<document><![CDATA[Aww look our little Genie I must go watch him he will be fantastic :) https://t.co/mduv4uGIBt]]></document>
	</documents>
</author>