<author lang="en">
	<documents>
		<document><![CDATA[@Hdl2017 goodnight PePe I tried. I hope &amp; pray you see the light but who knows... Having a cold stubborn heart will make u sad. Take care]]></document>
		<document><![CDATA[@Hdl2017 when I see your 'solution' to bulldoze with words I feel hopeless, if everyone hates &amp; offers no practical help we're all screwed☄️]]></document>
		<document><![CDATA[@Hdl2017 @SgtAgentPepe this is where I'll say - agree to disagree. I'll be praying 4 us all though - as hate v hate is not the answer 😢🔥🥀🙏🏾🌱]]></document>
		<document><![CDATA[@Hdl2017 @SgtAgentPepe sigh - I just saw this after your more reasonable tweets. It's such a blanket statement, unreasonable &amp; extreme 🙁]]></document>
		<document><![CDATA[@Hdl2017 with all my heart I believe many do. They want what we want, just a good, happy humble life. Be aware but keep an open heart too ✌🏾]]></document>
		<document><![CDATA[@Hdl2017  I understand there are many issues &amp; we see it differently. However I truly hope it all works out &amp; we can all have a good life 🙏🏾]]></document>
		<document><![CDATA[@Hdl2017 @washingtonpost I'm in Australia and most child abuse happens by a relative or someone know to child - it's the same in America 😪💔]]></document>
		<document><![CDATA[@mattjangel @JamesUrbaniak @Shann_ME he needs to start eating - a lot of saturated fat &amp; processed sugar... get a head start 🐷🎬🍩🍔🍕🥓🍷🥃🐽]]></document>
		<document><![CDATA[@SgtAgentPepe @Hdl2017 @washingtonpost we should all do our best - every life is important. Many countries are helping with refugees 🙏🏾🌏💚🌿]]></document>
		<document><![CDATA[@Hdl2017 @washingtonpost until it's you or your child - then it must be fair... careful with your statements or u may learn the hard way 🔮]]></document>
		<document><![CDATA[The Republicans' deal with the devil 💣👿💉🔮💔  https://t.co/OrMexqITEj via @smh]]></document>
		<document><![CDATA[Internal Organs - paper collage art 🐍💕 https://t.co/LFo4iftRDU]]></document>
		<document><![CDATA[@MarkRDuckett @harrypusspuss @peter_donnelly @abcnewsPerth one glance (of him) combined with his rotten heart makes me vow to remain single]]></document>
		<document><![CDATA[@DebbieM99461245 @SheilaABaker @activist360 agreed &amp; hopefully before he turns earth into hell for all of us... troubling times 🔥🙏🏾☄️😈💔]]></document>
		<document><![CDATA[@nytimes He who lives by social media, dies by social media ⚔️📱🔥]]></document>
		<document><![CDATA[Melbourne boy born in Australia with Australian-Iranian citizenship denied US visa for school trip  https://t.co/LzQM4tu9wI via @abcnews]]></document>
		<document><![CDATA[@RhysWoolf 'many people would be scared if they saw in the mirror, not their faces... but their character.' Trump should be terrified twice😈]]></document>
		<document><![CDATA[@Camilova current mood but hoping good prevails (sooner rather than later) 😥🙏🏾🌈]]></document>
		<document><![CDATA[@RhysWoolf @saints63213 @realDonaldTrump without fail Trump fans are uncreative &amp; repetitive. I haven't seen one clever or funny image 💩]]></document>
		<document><![CDATA[@ainsindahouse &amp; thank you]]></document>
		<document><![CDATA[@ainsindahouse totally agree. Goodnight ✨]]></document>
		<document><![CDATA[Karma has a long memory - paper collage art. Disclaimer: not sure if she does but I truly hope she's real &amp; that he… https://t.co/3mmYUB2PtJ]]></document>
		<document><![CDATA[@ainsindahouse yes... it all gets a bit overwhelming. Trying to find balance of caring but not getting depressed. Hope good overcomes (soon)]]></document>
		<document><![CDATA[@ainsindahouse back in the day I kinda liked him, seemed a jolly, smiley kinda guy. BUT gosh what a let down! Inconceivable non-leadership 🤢]]></document>
		<document><![CDATA[@trsklad such a terrible look - by doing &amp; saying nothing he totally condones the insanity of Trump &amp; his enablers. Shameful 4 Australia 🤢]]></document>
		<document><![CDATA[@deniseshrivell @ainsindahouse wow this is troubling &amp; spineless. I heard evil happens when good guys do nothing. Maybe he just ain't good 😥]]></document>
		<document><![CDATA[Stop! In the Name of Love - paper collage ❤ https://t.co/aEJs245ZGd]]></document>
		<document><![CDATA[@mark_travers too funny - they are looking for a new Bond too... 😎🎬⚔️]]></document>
		<document><![CDATA[@StephensWSJ @YouTube the Dutch are the best, the greatest - it's true 😉💕]]></document>
		<document><![CDATA[@IMPL0RABLE @YouTube so proud to be (half) Dutch right now - this is fantastic 😍👊🏽]]></document>
		<document><![CDATA[@garwboy although I take that back about the elite - they don't know what's hit them &amp; are playing 'catch-up' to reality TV...]]></document>
		<document><![CDATA[@garwboy extremely interesting &amp; valid observations. Sadly so hard to undo this brainwashing of the masses &amp; the elite takes full advantage]]></document>
		<document><![CDATA[@THAT_Jane @BBCBreaking don't feel shame, we all have our self-serving, power hungry &amp; corrupt politicians representing us in every country]]></document>
		<document><![CDATA[The lovers, the dreamers &amp; me - paper collage @kitscheart on @instagram 🌈❤🌈 https://t.co/08W5ZnROFg]]></document>
		<document><![CDATA[@ChrisEgginton @phbarratt is his opinion even relevant? Maybe he should stay on holiday/ retire - the world is moving on without his voice🤐]]></document>
		<document><![CDATA[@phbarratt a great indication that she's perfect for the top job then 💄👸🏽🙌🏾]]></document>
		<document><![CDATA[Best sign - this is what I'd be holding &amp; I am in spirit &amp; heart. See link below 4 original #WomensMarchLA… https://t.co/YyP5UdoJFD]]></document>
		<document><![CDATA[brenebrown's photo https://t.co/7lgISACpid]]></document>
		<document><![CDATA[#WomensMarch I stand with my mother, sisters &amp; women all around the world. If u grab us by the pussy we WILL bite b… https://t.co/BIqHGyNYyJ]]></document>
		<document><![CDATA[@HillaryClinton u have started a revolution, all things can work together for good. Love WILL conquer hate. Truth is a light in the darkness]]></document>
		<document><![CDATA[@HillaryClinton u can lead women all around the world. Share your wisdom, passion, spirit, bravery &amp; heart - start a revolution! Thank you ❤]]></document>
		<document><![CDATA[@aussiemoose hopefully it's the start of a sentence that ends negatively for Donald - Australia is better than this (I hope) #trumpBeGone 💩]]></document>
		<document><![CDATA[Between Angels and Demons - paper collage art, more @kitscheart on @instagram 🔥❤💀🦋 https://t.co/CKBCi8XM4o]]></document>
		<document><![CDATA[@ivanka @realDonaldTrump @drgoodspine @bravofoodawards Ivanka from Brighton you are a legend - wise words  🌿🌳🙌🏾💚🌲🍃]]></document>
		<document><![CDATA[@Canadidly @ivanka @sil and from Australia too 🍀😉💖🌴]]></document>
		<document><![CDATA[@MassDPolitics @BetteMidler this has large consequences for the whole world! I care 4 my son's future &amp; fools can affect the whole world 🌏☄️]]></document>
		<document><![CDATA[@BetteMidler  yes only rottenness and darkness to be found within his heart. A leader of deception &amp; division, worshiped by lost souls :(]]></document>
		<document><![CDATA["Art &amp; love are the same thing: It's the process of seeing yourself in things that are not you." C. Klosterman &amp; mo… https://t.co/HNUNIN9KfM]]></document>
		<document><![CDATA[@jenniheww so sorry I'm really cash poor at the moment - I truly hope with all my heart your lovely dog gets the help needed 🙏🏾❤]]></document>
		<document><![CDATA[@WshSportsDude @ErickFernandez @thechrisbarron @realDonaldTrump truly no hate but I do think for myself - she just voiced my own thoughts ✌🏾]]></document>
		<document><![CDATA[@MindSeductionx Happy New Year &amp; thank you so much 🎉😉🌼✨]]></document>
		<document><![CDATA[@WshSportsDude @ErickFernandez @thechrisbarron @realDonaldTrump I care all the way here in Australia &amp; I know for certain many others do too]]></document>
		<document><![CDATA[@ErickFernandez totally powerful speech &amp; spot-on, what a legend! I wish Meryl Streep was leader of the free world 💔🙏🏾🌈🌤]]></document>
		<document><![CDATA[Happy #NationalBirdDay to all my feathered friends, I rate you guys highly 🥚🐥🐤🐔❤🐧🦆🦅🦉🍃 https://t.co/Rfi2MQClcy]]></document>
		<document><![CDATA[@criticalthinkrs @VicBergerIV @fcghdgfhdthdfth all I can picture now is an egg rolling back &amp; forth on a keyboard,… https://t.co/swBwt8GWAR]]></document>
		<document><![CDATA[Happy Happy Joy Joy - collage art, remixing Ren &amp; Stimpy @kitscheart on @instagram for more random moments ❤ https://t.co/zjyMIHGV0y]]></document>
		<document><![CDATA[@AugiesGrammie @leahmcelrath @HillaryPix this is actually starting to look like a 'reasonable' conclusion, he appears unstoppable SOS 😰🌏🔥🥀🙏🏾]]></document>
		<document><![CDATA[@carlistrivas @fobia787 @mikd33 @realDonaldTrump it's a 'joke' until u or your loved ones have a disability &amp; are being mocked &amp; humiliated]]></document>
		<document><![CDATA[@fobia787 @mikd33 @realDonaldTrump I don't wish ill on Donald but treating others poorly is playing with fire/ bad Karma. Pride comes bef...]]></document>
		<document><![CDATA[@mikd33 @realDonaldTrump every time I see this image I feel like crying &amp; my heart becomes heavy. It's sickening beyond wrong behaviour 👿💔😢]]></document>
		<document><![CDATA[@slik_kate  truly many thanks - goodnight :)]]></document>
		<document><![CDATA[@slik_kate I just finished this collage &amp; then saw your words - this lady reminds me of you. Wishing you much happi… https://t.co/qR1Str8Boz]]></document>
		<document><![CDATA[Princesses are built on hope - RIP Carrie Fisher ❤ https://t.co/q1izCyP5k5]]></document>
		<document><![CDATA[@slik_kate thank u for your words &amp; yes to saying prayers. Sometimes praying is the only thing left to do. Truly I hope u r blessed in 2017]]></document>
		<document><![CDATA[@slik_kate meaning I agree - there are lots of awesome humans who care &amp; try very hard to be the best they can be &amp; help others 😉]]></document>
		<document><![CDATA[@slik_kate I agree - it's been a tough year for keeping the faith. That said this film clip is very touching &amp; powerful. Much love ❤🙌🏾🌈🌍🌿]]></document>
		<document><![CDATA[If only humans could be this good to one another - Dog in ultimate display of love to save injured companion https://t.co/3yLNMpZhGT]]></document>
		<document><![CDATA["When the power of love overcomes the love of power, the world will know peace." Jimi Hendrix  ☮️💚✌🏽🌼❤ https://t.co/Zthekly23d]]></document>
		<document><![CDATA[Happy Christmas - wishing you much love, hope, peace, goodwill &amp; a little magic over the holidays. May you be bless… https://t.co/2ygkUXd79S]]></document>
		<document><![CDATA[@SaxonTheHound u r in Australia too - sorry I was thinking u were in USA... make that have a great evening &amp; Happy Christmas 😀✨]]></document>
		<document><![CDATA[Rage Against The Meat 🔥#MakeBandsVegan]]></document>
		<document><![CDATA[@SaxonTheHound sadly this is a true story 😉]]></document>
		<document><![CDATA[#MakeBandsVegan Carlos Sultana - I actually thought that was his name up until recently 🍇😎✌🏾]]></document>
		<document><![CDATA[@tonyposnanski Tony guys like u r a silver lining in this hell of a mess/ @realDonaldTrump nightmare. U give me hope, keep up the good fight]]></document>
		<document><![CDATA[@LexingtonBobby @realDonaldTrump it's so bizarre 2 see it all unfolding online/ real time. He's mad &amp; dangerous &amp; I feel powerless 😞☄️]]></document>
		<document><![CDATA[@NickBossRoss @LexingtonBobby @realDonaldTrump God please help us all, this would be amusing if it/ Donald wasn't a nightmare 4 everyone 🔥🌍🔥]]></document>
		<document><![CDATA[I forgot my tinfoil hat collage. After waking up today &amp; seeing Donald wants bigger nuclear weapons, it's time to g… https://t.co/VvifPfaDac]]></document>
		<document><![CDATA[@realDonaldTrump when I wakeup in Sydney Australia &amp; see your tweet I feel fear! U r INSANE, we need world peace NOT more nuclear weapons ☮️]]></document>
		<document><![CDATA[@MindSeductionx that means a lot - thanks 4 the encouragement 🙌🏾]]></document>
		<document><![CDATA[@MindSeductionx haha, it's settled thank u but I try just to go with it now &amp; keep calm... life isn't always fun but I always try to smile 😉]]></document>
		<document><![CDATA[@MindSeductionx so cool - thank you ✌🏾]]></document>
		<document><![CDATA[@MindSeductionx the dragon in this quote more represented darkness to me - the Nothing... I'm always hoping good overcomes evil 🙏🏾]]></document>
		<document><![CDATA[@MindSeductionx totally &amp; after I shared this I thought it didn't really fit with Neverending Story as the Luck Dragon is so great &amp; good 😉]]></document>
		<document><![CDATA[@RaverDan1984 I care - and I truly hope everything turns out OK 4 you 🙏🏾]]></document>
		<document><![CDATA[@RaverDan1984 thanks for tagging me, I've never had so many notifications. I don't rate your art or politics but thanks for the attention✌🏾️]]></document>
		<document><![CDATA["Fairy tales do not tell children dragons exist. Children already know that dragons exist. Fairy tales tell childre… https://t.co/GWBROAzLk4]]></document>
		<document><![CDATA[@MarkDice u r a tool, that tear 'joke' is so old. It's not even annoying, it's just embarrassing 4 u, showing such a lack of imagination! 🙄]]></document>
		<document><![CDATA[@kylegriffin1 anyone who has had the misfortune of being involved with or related to a Narcissist can see @realDonaldTrump is one - truth 🙌🏾]]></document>
		<document><![CDATA[Interesting viewing about the Deep Web &amp; Ross Ulbricht case https://t.co/DoYlKfbabL]]></document>
		<document><![CDATA["It's funny. All you have to do is say something nobody understands and they'll do practically anything you want them to." J.D. Salinger]]></document>
		<document><![CDATA[#TrumpTelevisionShows The Big Bang Theory - after Donald gets the nuclear codes 💥]]></document>
		<document><![CDATA[@gem326 I think u r on right track. I started sharing her info here &amp; on Instagram but it felt wrong, not good gut feeling. Very confusing x]]></document>
		<document><![CDATA[Truth or Dare #collage I dare people to start telling the truth, it's a concept worth exploring, to create change… https://t.co/LFiCctllp0]]></document>
		<document><![CDATA[@SimplyShimada @DonnaForValues @NYDailyNews nothing Christian about Donna &amp; the other fake Christians spewing hate &amp; lies. Opposite 2 Jesus]]></document>
		<document><![CDATA[The Dalai Lama said, “The World Will Be Saved By the Western Woman." Do you think he meant Ivanka Trump? I do NOT, wonder who it will be...]]></document>
		<document><![CDATA[@Arsenal83676198 @Partisangirl is this true - I was suspicious 🤔]]></document>
		<document><![CDATA[@NaziaAngel1993 there are many good people around the world who care deeply &amp; we feel frustrated, helpless &amp; heartbroken. I can only pray 💔]]></document>
		<document><![CDATA[@thedailybeast I'm beyond sorry to be such a helpless human. Truly I pray someone with wisdom &amp; power does something to stop this madness.]]></document>
		<document><![CDATA[@UTbhupendra when will this endless suffering stop - decent people around the world feel totally helpless, we care but it feels hopeless...]]></document>
		<document><![CDATA[The horrors of Aleppo are an affront to the way wars should be fought | Will Hutton https://t.co/h2SYKqflfM beyond heartbreaking]]></document>
	</documents>
</author>