<author lang="en">
	<documents>
		<document><![CDATA[False,pretentious &amp; had to bring up stories about his dead Dad in the hope to win him votes. #cbb]]></document>
		<document><![CDATA[Bye Callum u won't b missed #cbb]]></document>
		<document><![CDATA[@ljay815 was spot on about Callum #cbb]]></document>
		<document><![CDATA[@NickyByrne @ThaliaHeffernan @CurtisPritchard They shouldn't have went last night]]></document>
		<document><![CDATA[2 people followed me and one person unfollowed me // automatically checked by https://t.co/LHJZJO8Ut7]]></document>
		<document><![CDATA[@ThaliaHeffernan &amp; @CurtisPritchard were robbed DWTSIrl Should have been Dr Ava or Theresa]]></document>
		<document><![CDATA[@Crazy4Byrne that he is]]></document>
		<document><![CDATA[@Crazy4Byrne thought so lol]]></document>
		<document><![CDATA[@Crazy4Byrne Lol wonder why ? 👨]]></document>
		<document><![CDATA[@Crazy4Byrne sounds lovely]]></document>
		<document><![CDATA[@Crazy4Byrne Happy days a bit longer this year then]]></document>
		<document><![CDATA[@Crazy4Byrne I bet you can'https://t.co/od5FEnhpCp long r u coming over for?]]></document>
		<document><![CDATA[@Crazy4Byrne lol good for you]]></document>
		<document><![CDATA[@Crazy4Byrne yeah there is bound to be a link to it]]></document>
		<document><![CDATA[@Crazy4Byrne lol.Def seeing the dancers from the non dancers this week 🕺💃🏼]]></document>
		<document><![CDATA[@Crazy4Byrne Well apart from that jacket he's wearing 😳]]></document>
		<document><![CDATA[Absolutley Lovin @sportsdes &amp; #karenbyrne 🕺💃🏼#amazing #austinpowers]]></document>
		<document><![CDATA[Well Done @denisemcactress &amp; @RYANMCS that was beautiful 🕺💃🏼]]></document>
		<document><![CDATA[Here come the faves @denisemcactress &amp; @RYANMCS 🕺💃🏼 @DWTSIRL]]></document>
		<document><![CDATA[@linny_pinnyx @sandyn75 looking lovely girls have a fantastic night 🕺💃🏼]]></document>
		<document><![CDATA[Well Done Nicky 👔RT @goss_ie: Go @NickyByrne 🙌🏽 #MostStylishMan of the year #Gossies2017 🎉 https://t.co/k7hzus5YmB]]></document>
		<document><![CDATA[3 people followed me and one person unfollowed me // automatically checked by https://t.co/LHJZJO8Ut7]]></document>
		<document><![CDATA[2 people followed me and 2 people unfollowed me // automatically checked by https://t.co/LHJZJO8Ut7]]></document>
		<document><![CDATA[@HarrerSonja @NickyByrne @DWTSIRL No lol I wish.Hopefully u might b lucky &amp; get something]]></document>
		<document><![CDATA[@HarrerSonja @NickyByrne @DWTSIRL I wasn't there I saw them on tv lol.Keep trying for tickets u never know.The show has been really popular]]></document>
		<document><![CDATA[@NickyByrne @DWTSIRL @GginaAhernByrne Gorgeous pic.Seen a few more of your family was there tonight to]]></document>
		<document><![CDATA[Well Done @denisemcactress &amp; @RYANMCS 💃🏼🕺Through to next week 👏👏]]></document>
		<document><![CDATA[@denisemcactress &amp; @RYANMCS def the best of the night 💃🏼🕺#myfaves #DWTSIrl]]></document>
		<document><![CDATA[one person unfollowed me // automatically checked by https://t.co/LHJZJO8Ut7]]></document>
		<document><![CDATA[one person followed me // automatically checked by https://t.co/LHJZJO8Ut7]]></document>
		<document><![CDATA[@Crazy4Byrne @nbshow2fm Aww that's not good.Its a good show to.Have to go heading to work now]]></document>
		<document><![CDATA[@Crazy4Byrne @nbshow2fm Dublin is a beautiful city.Can u not watch via a link]]></document>
		<document><![CDATA[@Crazy4Byrne @nbshow2fm But I can see him on #DWTSIrl on a Sunday night which is a major bonus 😜]]></document>
		<document><![CDATA[@Crazy4Byrne @nbshow2fm Wouldn't exactly call it lucky myself 😜😂😂Don't get the chance to listen anymore]]></document>
		<document><![CDATA[@Crazy4Byrne That's good.Im just getting ready to go to work]]></document>
		<document><![CDATA[@Crazy4Byrne Good thanks https://t.co/76JqKOIjBK r u?]]></document>
		<document><![CDATA[Listening to the @nbshow2fm for the first time in ages while I get ready for work @NickyByrne @djjennygreene ... https://t.co/uJfpk51I77]]></document>
		<document><![CDATA[@Mr_NJones @RYANMCS Course he's going to stay in Neil he's the best dancer there 💃🏻🕺Aren't u Ryan 😜😂#myfavealready]]></document>
		<document><![CDATA[2 people followed me and one person unfollowed me // automatically checked by https://t.co/LHJZJO8Ut7]]></document>
		<document><![CDATA[@RTE_Ents @DWTSIRL def stricter than last week]]></document>
		<document><![CDATA[I knew they were going to b the best dance of the night 💃🏼🕺#DWTSIrl @denisemcactress &amp; @RYANMCS]]></document>
		<document><![CDATA[@linny_pinnyx I was just thinking that to]]></document>
		<document><![CDATA[@LiliaKopylova @hughie_maughan @DWTSIRL yeah he's not nearly tanned enough he needs a double dip 😂😜]]></document>
		<document><![CDATA[@DWTSIRL on in 15 mins @RYANMCS fast becoming my new fave sorry @NickyByrne 😜😂🕺💃🏼]]></document>
		<document><![CDATA[2 people followed me and 2 people unfollowed me // automatically checked by https://t.co/LHJZJO8Ut7]]></document>
		<document><![CDATA[2 people followed me and 3 people unfollowed me // automatically checked by https://t.co/LHJZJO8Ut7]]></document>
		<document><![CDATA[Really looking forward to seeing the girls dance next week after that #dwts 🕺💃🏼]]></document>
		<document><![CDATA[@linny_pinnyx @DWTSIRL @NickyByrne @AmandaByram They are doing a fantastic job.Loving the whole show]]></document>
		<document><![CDATA[@linny_pinnyx And our Sunday nights will b cheered up right the whole way to April lol 😜😂]]></document>
		<document><![CDATA[@linny_pinnyx @NickyByrne Nothing better to cheer up a winter night than the sight of Nicky Byrne in a suit 😜😍👱🏻👔👞❤️]]></document>
		<document><![CDATA[@NickyByrne @RTEOne Can't wait.Good luck]]></document>
		<document><![CDATA[@LiliaKopylova @DWTSIRL @RTEOne @DB_Dance been following u both since u were on strictly.The Celebs &amp; Pros couldn't b in better hands 💃🏼🕺]]></document>
		<document><![CDATA[@NickyByrne in the background getting his make-up done]]></document>
		<document><![CDATA[Excited that @DB_Dance &amp; @LiliaKopylova are involved in @DWTSIRL #favedancers 💃🏼🕺]]></document>
		<document><![CDATA[4 people followed me and one person unfollowed me // automatically checked by https://t.co/LHJZJO8Ut7]]></document>
		<document><![CDATA[🦅Can't wait RT @Crazy4TheByrne: 5 days to go!! Is everyone as excited as us?! ... https://t.co/cGkcM7HPZR]]></document>
		<document><![CDATA[@Crazy4Byrne Happy Birthday Tia 🎂🎊🎉]]></document>
		<document><![CDATA[2 people unfollowed me // automatically checked by https://t.co/LHJZJO8Ut7]]></document>
		<document><![CDATA[Happy New Year 🎉RT @Aline_D1980: @cmcw22 Happy New Year Enjoy your New Year's Eve 🍾😜😝🤣😍🥂 https://t.co/22ykWJSr7p]]></document>
		<document><![CDATA[one person unfollowed me // automatically checked by https://t.co/LHJZJO8Ut7]]></document>
		<document><![CDATA[Happy New Year to all my lovely followers 🎉🥂]]></document>
		<document><![CDATA[Happy New Year @NickyByrne @GginaAhernByrne &amp; family 🎉🥂]]></document>
		<document><![CDATA[@officialcoolfm yep just before Christmas in a shop in Ballymena]]></document>
		<document><![CDATA[@linny_pinnyx thank you 😘I am but that pic has made it so much better 😜😍❤]]></document>
		<document><![CDATA[@Louise4Shane thanks Louise 😃]]></document>
		<document><![CDATA[@sandyn75 Thanks Sandra 😘]]></document>
		<document><![CDATA[@TeamByrneMx thank you 😃]]></document>
		<document><![CDATA[@briony_steele thank you 😃]]></document>
		<document><![CDATA[A Birthday tweet from @NickyByrne would b nice 😜😂🎂😁]]></document>
		<document><![CDATA[one person followed me // automatically checked by https://t.co/LHJZJO8Ut7]]></document>
		<document><![CDATA[@NickyByrne @RTEOne Can't wait 💃🏼🕺]]></document>
		<document><![CDATA[@MrsBrownsBoys Loved Mrs Brown's Boys can't wait for next weeks 🎄🎅📺]]></document>
		<document><![CDATA[@NickyByrne 3 years in a row. Tell the truth ur just out looking for santa aren't u 😜😂🎄🎅]]></document>
		<document><![CDATA[@alanswan @gillianmcguane Aww congrats he's beautiful.Happy Christmas to ur lovely family 🎄🎅🎁]]></document>
		<document><![CDATA[@NickyByrne Happy Christmas Eve to you,@GginaAhernByrne &amp; the kids as well 🎅🎄🎁]]></document>
		<document><![CDATA[one person followed me and one person unfollowed me // automatically checked by https://t.co/LHJZJO8Ut7]]></document>
		<document><![CDATA[2 people followed me and one person unfollowed me // automatically checked by https://t.co/LHJZJO8Ut7]]></document>
		<document><![CDATA[Excited for @DWTSIRL @NickyByrne Not only do I now get to c my fave on tv every Sunday nite but one of my ... https://t.co/ZxjRKmhstb]]></document>
		<document><![CDATA[@linny_pinnyx @NickyByrne Lovely pics ❤️📸]]></document>
		<document><![CDATA[2 people followed me // automatically checked by https://t.co/LHJZJO8Ut7]]></document>
		<document><![CDATA[Well Done @OreOduba &amp; @joanneclifton U were both brilliant 💃🏼💃🏼]]></document>
		<document><![CDATA[@DGoughie Show off lol.]]></document>
		<document><![CDATA[I have watched #scd from the very beginning &amp; I don't think I've ever seen a better samba @dannymaconline &amp; @OtiMabuse 💃🏼💃🏼]]></document>
		<document><![CDATA[one person unfollowed me // automatically checked by https://t.co/LHJZJO8Ut7]]></document>
		<document><![CDATA[@NickyByrne @DrEvaOrsmond @katherinelyncho @TeresaMannion @DWTSIRL @RTEOne When is the pro dancers &amp; judges being announced? 💃🏻]]></document>
		<document><![CDATA[one person followed me // automatically checked by https://t.co/LHJZJO8Ut7]]></document>
		<document><![CDATA[one person followed me and one person unfollowed me // automatically checked by https://t.co/LHJZJO8Ut7]]></document>
		<document><![CDATA[😍❤️RT @Crazy4TheByrne: Lord above @NickyByrne 😍👅 https://t.co/aTwtLtzQmP]]></document>
		<document><![CDATA[@NickyByrne @AmandaByram @RTEOne I knew u were the man for the job 👏👏Well Done Nicky can't wait to watch in Jan 💃🏻💃🏻]]></document>
		<document><![CDATA[2 people followed me and one person unfollowed me // automatically checked by https://t.co/LHJZJO8Ut7]]></document>
		<document><![CDATA[Well Done @ScarlettMoffatt our new Queen of the jungle #imaceleb 🐛🦂🕷🐍🐊]]></document>
		<document><![CDATA[Work Christmas dinner tonight 👗👠👛🍛🍧🍴🍽]]></document>
		<document><![CDATA[@Crazy4TheByrne @NickyByrne love the profile pic ❤️👍]]></document>
		<document><![CDATA[@Crazy4TheByrne @NickyByrne Have a great night 🎤👨]]></document>
		<document><![CDATA[one person followed me and one person unfollowed me // automatically checked by https://t.co/LHJZJO8Ut7]]></document>
		<document><![CDATA[@NickyByrne U can't beat a tayto crisp sandwich 👍]]></document>
		<document><![CDATA[one person followed me // automatically checked by https://t.co/LHJZJO8Ut7]]></document>
		<document><![CDATA[You know it's near Christmas when the Guinness advert comes on to.#besttvad]]></document>
		<document><![CDATA[3 people followed me // automatically checked by https://t.co/LHJZJO8Ut7]]></document>
		<document><![CDATA[@dannymaconline &amp; @OtiMabuse that was amazing]]></document>
	</documents>
</author>