<author lang="en">
	<documents>
		<document><![CDATA[@Dropbox 4 damn screens of “please don’t go the world will fall on your head” rubbish just to downgrade means I won’t be re-upgrading soon.]]></document>
		<document><![CDATA[@IsaacMinogue the singularity]]></document>
		<document><![CDATA[@borderdogstan Apple TV is a good time. Reuters and AlJazeera both have decent news apps.]]></document>
		<document><![CDATA[@danserif @brentneave apologies for the holiday work tweet but this is right up your alleys: https://t.co/oKwbShKr5D]]></document>
		<document><![CDATA[The Pessimist’s Guide to 2017: warning - dark reading. https://t.co/PmhrmjKVq7]]></document>
		<document><![CDATA[Joy. Turns out I can pick a Seddon quake to the right magnitude decimal place now. #eqnz]]></document>
		<document><![CDATA[@andyhovey add “google will punish you as well” to those emails I reckon: https://t.co/yZ6tiq44qq]]></document>
		<document><![CDATA[@joshbarrnz all macs almost always have been - this is a “most people” laptop: https://t.co/3m4CqLyCMh]]></document>
		<document><![CDATA[@chetamahori ‘belts’ = gold, needed a non-carousel name for those!]]></document>
		<document><![CDATA[@katieajohnston settings &gt; general &gt; accessibility &gt; home button &gt; rest finger *might* help]]></document>
		<document><![CDATA[@cactuslab hawt. Congratulations on 15 great years.]]></document>
		<document><![CDATA[@bpujji give my paperwhite 2 × 👍]]></document>
		<document><![CDATA[@nzjames look at Wechat for why apple went there. We are *not* the target market.]]></document>
		<document><![CDATA[@thomaslebas yessir, taking things literally is mostly unwise]]></document>
		<document><![CDATA[@grahamhowe @joshbarrnz “infra” is latin for below. Just sayin‘]]></document>
		<document><![CDATA[@ReutersTV loving Reuters Now on Apple TV - one suggestion: let me get an additional 15mins hit when my first 15mins is done!]]></document>
		<document><![CDATA[@kim_partridge you might like this https://t.co/Bl3QTSVdWi]]></document>
		<document><![CDATA[@nathanacurtis the trickiest bit is creating the common ground for deciding what’s clear/unclear]]></document>
		<document><![CDATA[At least you know you’re alive on the south coast of Wellington: https://t.co/Lpn4avEVLr]]></document>
		<document><![CDATA[@eileen_schwab @andyhovey that’s two weeks longer than I expected!]]></document>
		<document><![CDATA[@brentneave @CamilleNette and now Facebook penalising slow advertiser sites: https://t.co/XWEH5JMQiU]]></document>
		<document><![CDATA[“Prototyping is the best way to determine the final specifications for a working website or a mobile app.” https://t.co/pMMa8WR7sY]]></document>
		<document><![CDATA[@andyhovey tunes not brainy stuff but you might enjoy reverberation radio https://t.co/seDQmRv7c8]]></document>
		<document><![CDATA[@nzfestival @megpwi congratulations! 👏👏]]></document>
		<document><![CDATA[@nzjames @darren beat me to it James - which reminds me… ;)]]></document>
		<document><![CDATA[“The content is the solution. If you’re not designing the content, you’re designing problems.” https://t.co/KNmtVvyA9h]]></document>
		<document><![CDATA[If you’re not bored of Brexit already - one of the best things I’ve read on it: https://t.co/rXaSHDBvdC]]></document>
		<document><![CDATA[👏👏👏👏 @radionz web team!]]></document>
		<document><![CDATA[@ringo_starrrr @danserif I’m gonna go ahead and call projection tomfoolery. France 547,557sq. km NZ 263,310 sq. km https://t.co/YgNKt6YjVO]]></document>
		<document><![CDATA[@kpatton @mandamonium this from his slide deck sums it up: https://t.co/EVw3pD6gfD - notice I linked to that on the interweb :)]]></document>
		<document><![CDATA[@kpatton @mandamonium can deliver a much better experience consuming individual media items if you’re making your bucks from ads in the feed]]></document>
		<document><![CDATA[Great overview of the state of the web, publishing, apps and platforms https://t.co/TybvxYlHR4]]></document>
		<document><![CDATA["The death of the redline" - smart words (near the end) about design/front-end crossover at bbc sport https://t.co/avHGAsRl70]]></document>
		<document><![CDATA[@carlsteward @springloadnz Indeed she is!]]></document>
		<document><![CDATA[Thanks @springloadnz it’s been real. Roof house disco to complete the send off https://t.co/JBNWG03zBR]]></document>
		<document><![CDATA[@_jacob_Roberts @leetucknott this thing lets you watch (poor quality) BBCOne live https://t.co/eaWXDVwVC6]]></document>
		<document><![CDATA[@leetucknott a ‘friend’ told me that Match of the Day hits the torrents pretty quickly]]></document>
		<document><![CDATA[@katieajohnston you read parenting books?]]></document>
		<document><![CDATA[Where’s the 5'8" with a few round corners build @everlane? https://t.co/zcgf1MwHVx]]></document>
		<document><![CDATA[@andyhovey @brentneave @springloadnz copy/paste from Stack Overflow FTW]]></document>
		<document><![CDATA[@kb Propublica et al fit more into the “write interesting things that will find people” bracket than the ad-fed destination news he bashes]]></document>
		<document><![CDATA[@kb hustle &amp; shilling is *most* of Medium]]></document>
		<document><![CDATA[@kb Ignoring that he’s shilling for something he speaks some truth - though ignores the “who pays the people that ask the questions” problem]]></document>
		<document><![CDATA[@kb were you talking about Topolsky’s post?]]></document>
		<document><![CDATA[“Your problem is that you make shit. A lot of shit. Cheap shit. And no one cares about you or your cheap shit.” https://t.co/lKEvlZqqur]]></document>
		<document><![CDATA[@katieajohnston something tells me this will be my favourite live-tweeted childhood!]]></document>
		<document><![CDATA[@leetucknott I’d certainly play Vardy, Kane plus possibly wellbeck and Sturridge before him]]></document>
		<document><![CDATA[Wow - stunning animation https://t.co/08kAhOPSgQ]]></document>
		<document><![CDATA[@joshbarrnz @brentneave @andyhovey look what google photos made for us from last years #bestawards https://t.co/pQxWVqiuMF]]></document>
		<document><![CDATA[Peak monarch https://t.co/DWR0rn4GJO]]></document>
		<document><![CDATA[The quality of the @radionz live video on Key’s flag presser is muuuuuuch better than Stuff’s by the by]]></document>
		<document><![CDATA[@danserif @nzstuff that’s some gripping video. RNZ and Newshub reporters setting up their gear.]]></document>
		<document><![CDATA[@mrduttonpeabody with some of the lowest turnouts in the country]]></document>
		<document><![CDATA[Hutt South and Wellington Central lead the pack (by a stretch) for invalid flag votes - wtf?]]></document>
		<document><![CDATA[@_kellydare @springloadnz ah the good times eh Kelly!]]></document>
		<document><![CDATA[@kb and all you wanted to do was change font-size: 1.8em to font-size: 1.7em ;)]]></document>
		<document><![CDATA[Super, super sweet illustration/collage folio: https://t.co/1p25SgSs7i]]></document>
		<document><![CDATA[@andyhovey reckon saying you did ‘sitting experience’ would get you a punch in the face at a furniture design conference]]></document>
		<document><![CDATA[@barryhannah Book vs. Regular for large swathes of body type.]]></document>
		<document><![CDATA[@workandtumble best judged on a non-retina screen]]></document>
		<document><![CDATA[Hello people with type opinions. Thoughts appreciated on this (admittedly subtle) difference in windows rendering… https://t.co/RLAbaAbHPc]]></document>
		<document><![CDATA[@krislane emoji responses are the 💰]]></document>
		<document><![CDATA[@darren choice - there for much longer?]]></document>
		<document><![CDATA[Hey friends at #webstock - I’m not joining the conference fun but keen for a drink tonight - hit me up]]></document>
		<document><![CDATA[@spudooli one of the funnier 7min ads I’ve ever seen]]></document>
		<document><![CDATA[Amazing customer service from  @amazon - replaced a Kindle I broke when they didn’t have to and got it to NZ in 7 days over the holidays!]]></document>
		<document><![CDATA[@mandamonium went a few years back + as a kid. A good laugh - get a baked potato, sit on the hill and people watch if you don't like cars]]></document>
		<document><![CDATA[Hey Melbournians - any great events coming up in the next few months I can give as a gift?]]></document>
		<document><![CDATA[@nicktmro what’s your lesson? If you present options to users with no real context or legitimate constraints they’ll go safe?]]></document>
		<document><![CDATA[Hey @various - thank you for giving it such a bloody good nudge mate.]]></document>
		<document><![CDATA[@jarred world class piece of Internet there sir - pretty damn flash for a list of links!]]></document>
		<document><![CDATA[.@eileen_schwab holy moly that's one bangin' bit of work: https://t.co/JdLuJHdeyb]]></document>
		<document><![CDATA[@andyhovey @camillenette "A back and forward mess" exactly this!]]></document>
		<document><![CDATA[@barryhannah definitely a fair number of tinfoil hats on that thread but a few things to think about none-the-less]]></document>
		<document><![CDATA["Fuck your web fonts. Seriously, just fuck them to hell… It's all been a terrible mistake." https://t.co/zgU18BI0hj]]></document>
		<document><![CDATA[@danserif I’m helping the @radionz team spruce up the site to deliver that goodness better - thoughts welcome! https://t.co/KETozTKZPD]]></document>
		<document><![CDATA[@leetucknott URUT sounds a lot like a nasty infection]]></document>
		<document><![CDATA[@kim_partridge @misterhunt one catch - there’s a dress code: https://t.co/VD4bc0rWmp]]></document>
		<document><![CDATA[@eileen_schwab @andyhovey Japanese route planning? Have an amazing time!]]></document>
		<document><![CDATA[@bpujji was the right thing to do, but it doesn't make it easier!]]></document>
		<document><![CDATA[Just said goodbye to my PX200 after 7 years. Sad day.]]></document>
		<document><![CDATA[I take it back: in Apple's defence: https://t.co/eICUyyw4Ps]]></document>
		<document><![CDATA[@joshbarrnz that just made one of next week’s tasks much easier!]]></document>
		<document><![CDATA[@spudooli "customers who are frustrated by poor online self-service software instead default to _______"]]></document>
		<document><![CDATA[OK Twitter, question: what's the opposite of self-service? Assisted service?]]></document>
		<document><![CDATA[@spudooli cheers - good advice: might be valuable to have a referee on a few decisions too.]]></document>
		<document><![CDATA[Hey Wellingtonians - can anyone recommend a good landscaper? Nothing too fancy required.]]></document>
		<document><![CDATA[@andyhovey ironically summed up in an 'infographic' https://t.co/nJAtcladTC]]></document>
		<document><![CDATA[@darren we use Invision a lot for flows - could try @we_are_atomic if you want to experiment with UI refinements like animation]]></document>
		<document><![CDATA[#redpeak lesson: both clear rationale and understanding application are immensely important]]></document>
		<document><![CDATA[@brentneave whoa did Hosking actually just criticise Key? @various was retweeting David Seymour's support too.. it's a weird world.]]></document>
		<document><![CDATA[@andyhovey me + guess work]]></document>
		<document><![CDATA[@kim_partridge just that you might appreciate John’s ideological dilemma]]></document>
		<document><![CDATA[@katieajohnston @ditorelo you got the place! Congratulations!]]></document>
		<document><![CDATA[Fantastic dystopian piece from Paul Ford: http://t.co/j6WvnofRd7]]></document>
		<document><![CDATA[@lyallbaynz 'dramatic' is pretty much Lyall Bay's primary characteristic]]></document>
		<document><![CDATA[@withouthitch @katieajohnston this is up your respective alleys: http://t.co/5gawE5l8zX]]></document>
		<document><![CDATA[@mrb @jasonsantamaria its rather brilliant but sometimes creates another problem in my email!]]></document>
		<document><![CDATA[@simon_mundy no worries - feels like a new machine right?]]></document>
		<document><![CDATA[3 legged dogs may quite possibly be the ultimate hipster accessory: http://t.co/Gg2w364FVK]]></document>
	</documents>
</author>