<author lang="en">
	<documents>
		<document><![CDATA[@VSO_Rwanda @REBRwanda This is very cool!]]></document>
		<document><![CDATA[COULD YOUR EYEBROWS BE FLAGRANTLY BROADCASTING YOUR POLITICAL SYMPATHIES TO ALL &amp; SUNDRY? Good news since polls sto… https://t.co/AtcX2puoPB]]></document>
		<document><![CDATA[💔 words fail. https://t.co/lWycCKAQQ0]]></document>
		<document><![CDATA[So glad I finally watched #NotesOnBlindness #documentaryfilm tonight: stunning, moving, inspiring -all those good things ❤👏]]></document>
		<document><![CDATA[Human rights and trade are NOT distinct. @number10gov's choice to turn a blind eye, even if desperate 😤 https://t.co/9y5vmqbfvZ]]></document>
		<document><![CDATA[@SimonBatesUK Thanks Simon, could you please follow this account so that I am able to do so?]]></document>
		<document><![CDATA[@SimonBatesUK Hi Simon. I work for VSO + would love to get in touch w you abt a possible project/collab. Email? lucy.taylor@vsoint.org :)]]></document>
		<document><![CDATA[Fun night of short sharp acts @BYCthursday for @StMungos comedy night on eve of #woolyhatday w @minneyju https://t.co/r1KA1lHl8m]]></document>
		<document><![CDATA[@standardnews Whoever approved those quote marks needs to take a longggg look at themselves. Shameful.]]></document>
		<document><![CDATA[so impressive, especially considering the budget! @renata_watson well done @Tommys_baby]]></document>
		<document><![CDATA[@CharityComms has the @periscopeco broadcast started yet? can't see it...]]></document>
		<document><![CDATA[So much love for @mcgregor_ewan right now. Seems a thoroughly decent chap &lt;3 https://t.co/kiB5ZMaGJi]]></document>
		<document><![CDATA[@danielmaier What did it say?]]></document>
		<document><![CDATA[Last #womensmarchlondon tweet I swear. Couldn't resist these morsels of kids' wisdom #IamgoingtoTrumpyou https://t.co/zv7vAywXwf]]></document>
		<document><![CDATA[This girl tho 😍💪 @gortoner as lady liberty, resisting hate, division and misogyny at #wome… https://t.co/ZaQasDRJnp https://t.co/oazDp2Gj8E]]></document>
		<document><![CDATA[Creativity at #WomensMarch https://t.co/VkCg14E4gc]]></document>
		<document><![CDATA[Hands too small, can't build wall 😂 #womensmarch #London https://t.co/qjeDrmASJg]]></document>
		<document><![CDATA["Lead by example, with hope, never fear" #womensmarch]]></document>
		<document><![CDATA[I love London. #womensmarch #sashayaway #fucktrump #dumptrump https://t.co/7CpGhZImgP https://t.co/MJf1WxQCxS]]></document>
		<document><![CDATA[OK, what was your fave bit? The beautiful children deprived of any learning whatsoever? Or the countries ravaging the borders?]]></document>
		<document><![CDATA[That feeling when it's positively toasty in the chilled aisle compared to outside ❄]]></document>
		<document><![CDATA[Lovely time exploring #winterlights light art installation trail around frosty canary whar… https://t.co/0xdCr5b6QJ https://t.co/S810PVdh8h]]></document>
		<document><![CDATA[In remote working heaven, caffeinated bobbing along to #MJ Dangerous at @MouseTailCoffee Borough Library ❤☕💻]]></document>
		<document><![CDATA[If the weather could be like this all the time, January and I would get along just fine]]></document>
		<document><![CDATA[Lovely partnership &amp; idea in #brewmonday again, more 👏 for @samaritans! Though think we might need #BrewTuesday, We… https://t.co/Ki4r9Bo37O]]></document>
		<document><![CDATA[@ThePandoraBoxx Also just seen your twitter pic for the first time and am dead 😂]]></document>
		<document><![CDATA[@ThePandoraBoxx Miss Pandora don't be forgetting what an icon you are ❤]]></document>
		<document><![CDATA[@dawnsgeddes Yes I was surprised it wasn't quite as fluffy as I was expecting. Decent measure of sad served alongside the whimsy, haha]]></document>
		<document><![CDATA[@dawnsgeddes P.s. I'm today writing to the piano versions of LA LA Land soundtrack on repeat 😉]]></document>
		<document><![CDATA[@dawnsgeddes Loved it too! Pretty dark and difficult but SO well put together and beaut]]></document>
		<document><![CDATA[Surprised myself with how much I loved #LALALAND - especially the magical last half hour. Way more complex than expected.]]></document>
		<document><![CDATA[Private Eye sales are at a 30yr high- entirely deserved 😂❤ https://t.co/g7Yx3bYj41]]></document>
		<document><![CDATA["Yoruba saying- 'He who chases two rabbits catches none.' So chase one, or ask yrself why you're chasing rabbits"-… https://t.co/2uiopXjqU1]]></document>
		<document><![CDATA["It's true: Good radio is listening in colour" -talking about power of audio storytelling w @AnnaAverkiou at @onewm workshop]]></document>
		<document><![CDATA[Shout out to Islam Aminul + @TfL Customer Service team keeping hordes of weary Canada Water commuters safe, smiling &amp; on side 💎😄👏]]></document>
		<document><![CDATA[Messed up: that feeling of serendipity when your @SouthernRailUK service actually stops at your station as scheduled #SMH 😰😒]]></document>
		<document><![CDATA[Transfixed &amp; disgusted by thoughts of the piss-swilling royal doctors of yore. Pls expand @guardiannews #longreads https://t.co/YmFgoclZ8U]]></document>
		<document><![CDATA[Another great in the nonfiction that could be a novel (if only 😔) category. Vital, horrible book to anger and inspi… https://t.co/CQDm4l5cAt]]></document>
		<document><![CDATA[Stunning snapshot of life in #Rwanda by Alice Kayibanda, v lucky to work with her in Oct. Talent &amp; soul https://t.co/64KRpQH5En]]></document>
		<document><![CDATA[Innovate or die: Exciting opps for charities amid indie mag revival AKA A love letter to @greenpeacemag https://t.co/3HWYDhMJWr]]></document>
		<document><![CDATA[THE FUTURE IS NOW. @Calnewport's Deep Work was/is right https://t.co/Q7yCFFmJue]]></document>
		<document><![CDATA[Think your #firstdayback was hard? This guy had courage to restart primary school at 29 to help his kids https://t.co/Ot3xb7Iazr]]></document>
		<document><![CDATA[My 2017 will be a good time for a while 😓 https://t.co/T5oCRXhdMg]]></document>
		<document><![CDATA[So this is interesting. There seems to be a decent tween mag market in Germany based around Youtubing. Is there a U… https://t.co/J8zr2nQlLh]]></document>
		<document><![CDATA[Fab #nye2016 German TV segue from Vengaboys LIVE (zero aging) to Elton I'm Still Standing (should be 2016 survivors' anthem)]]></document>
		<document><![CDATA[@JamesTCobbler really impressed 👏👏👏]]></document>
		<document><![CDATA[This is a really inspiring attitude from a great shop. The Swiss army knife of Brit high st, now I like them even m… https://t.co/TLskxUBbBB]]></document>
		<document><![CDATA[Cheers @goreckidawn! I use the native Instagram mosaic/grid plugin- Layout from Instagram https://t.co/PtIQ1sG5IK 😊]]></document>
		<document><![CDATA[Just realised that after today it's not really socially OK to get on the wine from 1pm onwards 😩]]></document>
		<document><![CDATA[@sarahditum yeah I love that at the end of the day it comes down to what is essentially a usb stick]]></document>
		<document><![CDATA[My #top9 of 2016 😄 Even though I had some pretty difficult times this year I am so gratefu… https://t.co/OGscVh5maD https://t.co/efgTM1bmsG]]></document>
		<document><![CDATA[@Its_Tarara @goodreads great! Any faves you would recommend? Loved Shadow of the Wind]]></document>
		<document><![CDATA[Aaaand here come all the New Year e-shots trying to make you feel bad abt your career, weight, looks, lack of fucks to give etc]]></document>
		<document><![CDATA[@NishaKotecha couldn't agree more! Supporting volunteers to tell their stories is one of the best parts of my job 👌]]></document>
		<document><![CDATA[@jetlbomb you can do it! 💪👏 Also tried first run in forever this morning, horrible but felt way better for it after]]></document>
		<document><![CDATA[Less shackled by weight of expectation, Rogue One is a better film than Force Awakens. Young Carrie Fisher is a punch to the gut💔]]></document>
		<document><![CDATA[@Design_Orchard it is! how's your break? Hope you are well and/or glittery ❄🎄🌠🌌🎊]]></document>
		<document><![CDATA[Walked mindlessly into a Primark before I managed to remember it's the seventh circle of hell. 15 mins struggle to escape.]]></document>
		<document><![CDATA[Pls microchipping &amp; 24hr surveillance for Paul McCartney, Morrissey (Mortuary in auto-correct😨) &amp; Attenborough for nxt week or so]]></document>
		<document><![CDATA[Santa has an uncanny knowledge of my appreciation for leopard print tones. Leopard jacket … https://t.co/S78N8aN072 https://t.co/Q2GDdztkAB]]></document>
		<document><![CDATA[Happy Christmas you lovely lot. Just finished a 6 course vegetarian Christmas feast I am a… https://t.co/r2qLTnEDcu https://t.co/MskrJQSfJv]]></document>
		<document><![CDATA[2016 you absolute filthy excuse for a year. Not fair to take George Michael, esp to invite horrible puns by doing it on Dec 25]]></document>
		<document><![CDATA[Happy Christmas y'all. Soaps, shampoo and deodorant for Christmas. 5 yrs ago me: 😑 Today me: https://t.co/qxpRExbkRz]]></document>
		<document><![CDATA[@ThatJoEden OK so def spat some port out scrolling past this]]></document>
		<document><![CDATA[Spotted on Christmas wish tree in Berlin. Little Timmy wishes for 'endless booty' #happychristmas #wishfor2017 https://t.co/mcD6QmnQGb]]></document>
		<document><![CDATA[School's out, Berlin bound! Get in my face Christmas 😊 I see Southern are trying to ruin my life one last time in 2… https://t.co/EUq4KePacA]]></document>
		<document><![CDATA[Looking forward to @onewm International Reporting workshop in Jan :) https://t.co/9vTn1TLu10]]></document>
		<document><![CDATA[Pretty hilarious Trump thought Elton might agree to play his inauguration. Snowball's chance in hell 😂 https://t.co/GI8CMWUOSS]]></document>
		<document><![CDATA[@iamalisonperry creepy 100%!! https://t.co/3POc2cJtWz]]></document>
		<document><![CDATA[Mental note to take time to talk/listen to a person living on the street more often in an attempt to counter these… https://t.co/D9Q8zJ1Oqy]]></document>
		<document><![CDATA[@clareswatman Congratulations Clare this must be so exciting!]]></document>
		<document><![CDATA[Love my cute @VSO_Intl #digital team and topical secret santa ❤ https://t.co/0Wntr6XJpM]]></document>
		<document><![CDATA[New job opp for experienced mascots wanting impactful work beyond tin rattling: public poo shaming https://t.co/w3KbHGL3Vv]]></document>
		<document><![CDATA[@Emma_Campaigner knowing that 'Brexit means Brexit' 😉]]></document>
		<document><![CDATA[.@Number10gov basic as can be. Pot-kettle etc. https://t.co/vkMCJ776Et https://t.co/QI6nfS36q8]]></document>
		<document><![CDATA[Potential real life Father Christmas sighting outside Surbiton Fried Chicken. https://t.co/Pn1wKq4BaH]]></document>
		<document><![CDATA[@crochyayboxes as in to start in Jan?]]></document>
		<document><![CDATA[@crochyayboxes can't find a way to buy a gift subscription on your website, shame as it would be the perfect gift for my friend 😔]]></document>
		<document><![CDATA[Forest Hill is so cute. Great to be back in this lovely community 😊
.
.
.
#SE23 #London #m… https://t.co/kstFmrpXZa https://t.co/8vpDDYNfRN]]></document>
		<document><![CDATA[London buses&gt;Southern Rail x 1,000,000 and the views are free 😍
Still not readjusted to th… https://t.co/IRUrasWQmu https://t.co/nENynajSS7]]></document>
		<document><![CDATA["Down with the Patriarchy, Merry Christmas and a Happy New Year"- Peckham Chamber Orchestra scoops the best program… https://t.co/lz2wlko5bM]]></document>
		<document><![CDATA[I swear to god this was the cutest farewell day ever. Thoroughly spoiled by amazing @vsoin… https://t.co/PXISQv01yY https://t.co/FoF9puVMN6]]></document>
		<document><![CDATA[That feeling when you manage to zip the case shut using all of your body weight 😏 ...and then you go to lift it 😫⚓]]></document>
		<document><![CDATA[Kid in a sweet shop 😍 
Ogling fabric in #Kimironko #market, potential issues ahead with ov… https://t.co/EDDo8diCiD https://t.co/gAC5sIQpaR]]></document>
		<document><![CDATA[Interesting #charitycomms role/adventure w the great @VSOTanzania team. Sure I know a few who would love this.… https://t.co/qh5fFfqCWx]]></document>
		<document><![CDATA[I will 100% miss your view, vibes, food and caffeine, Inzora Rooftop #Cafe. Probably my fa… https://t.co/WXQ2mNmjDM https://t.co/de23kXXg5l]]></document>
		<document><![CDATA[Current mood: I love cows ❤🐂 actually so much. This was taken immediately post-lick at the… https://t.co/I8tM8apxUD https://t.co/5nxYjd2zUl]]></document>
		<document><![CDATA[Happy Birthday to @VSO_Rwanda , celebrating 10yrs working for disability rights this #IDPD2016 ! https://t.co/z71k8BYmBF]]></document>
		<document><![CDATA[These 5am starts are getting me running again - under the #jacarandas. Kigali is prettiest in the morning.… https://t.co/oKTSxxotBz]]></document>
		<document><![CDATA[I met Beretilde a few weeks ago. Her husband had an affair, leading both to catch HIV https://t.co/VVsFlJCej5 #WorldAIDSDay]]></document>
		<document><![CDATA[Some people have an #adventcalendar I have the #50earlydays / #5for50 #challenge. Thanks t… https://t.co/EePVXGol92 https://t.co/nMM1bVL1jZ]]></document>
		<document><![CDATA[Birthday of the last living human born in 1800s. Turns out the secret to long life is having no teeth https://t.co/mwI6S1fhTe]]></document>
		<document><![CDATA[@jdhowson Saturday week! You mean every day hasn't been an agonising wait for my return? 😮]]></document>
		<document><![CDATA[Well matched #partnership. Fingers crossed for more responsible BG actions to help vulnerable people… https://t.co/GcD6PeF2DO]]></document>
		<document><![CDATA[You know it's 2016 when literally any well-known figure is trending on Twitter and you expect them to be dead. https://t.co/F1hmXggPXu]]></document>
		<document><![CDATA[Am I a birdwatcher now? Had breakfast with this #kingfisher.
#birdsofinstagram #twitcher #… https://t.co/MdKyuVJLRr https://t.co/3ybNzSd6i8]]></document>
		<document><![CDATA[@jdhowson thanks pal! Cannot wait to catch up on your life and work]]></document>
		<document><![CDATA[I'm in heaven. Sambaza (think whitebait to the power of 10) and a G&amp;T on Lake Kivu shore w… https://t.co/N3Ko0zwCO5 https://t.co/niYhbowPa6]]></document>
		<document><![CDATA[Getting my hands dirty for #idpd #umuganda - public community works on last Sat of every month in #Rwanda (UK could… https://t.co/9HC5Sjkoyu]]></document>
		<document><![CDATA[@Emma_Campaigner ohhhhhhhhh! 😱 he is amazing, I would struggle to leave this little guy behind to go to work!]]></document>
	</documents>
</author>