<author lang="en">
	<documents>
		<document><![CDATA["Red Sky at Night",  12 "×12", acrylic on stained birch panel.... https://t.co/0ApwFkPax5]]></document>
		<document><![CDATA["Red Sky at Night",  12 "×12", acrylic on stained birch panel.... @ Toronto, Ontario https://t.co/Y1bQuaxGDx]]></document>
		<document><![CDATA[The plan was to go #blackandwhite but, of course, ended up with colour! 12"×12" for @artistprojectto https://t.co/NGY3KWV5Du]]></document>
		<document><![CDATA[The plan was to go #blackandwhite but, of course, ended up with colour! 12"×12" for… https://t.co/sT7mReSqY9]]></document>
		<document><![CDATA[My drop cloth....almost time for a new one....this one is getting crunchy! https://t.co/GzWNlvFGhk]]></document>
		<document><![CDATA[My drop cloth....almost time for a new one....this one is getting crunchy! @ Toronto, Ontario https://t.co/XUmtOAPdJA]]></document>
		<document><![CDATA[This is my kitchen counter....thinking it would be great inspiration for a few black and white pieces I am... https://t.co/KrJulnZwia]]></document>
		<document><![CDATA[This is my kitchen counter....thinking it would be great inspiration for a few black and white… https://t.co/yno0UL12Ni]]></document>
		<document><![CDATA["Red and Gold"? 6"×6". A thank you gift to our host who invited us to experience a traditional 12 course Chinese... https://t.co/JCO67zoHt6]]></document>
		<document><![CDATA["Red and Gold"? 6"×6". A thank you gift to our host who invited us to experience a traditional… https://t.co/S9VqleIUA1]]></document>
		<document><![CDATA[Just dropped off a new piece for the Art Gallery of Hamilton art rental program and saw… https://t.co/QiQF92YQbx]]></document>
		<document><![CDATA[Morning Mini....very bright - the hot pink and turquoise almost vibrate! That should wake you up. #goodmorning https://t.co/AgvWMnGMXX]]></document>
		<document><![CDATA[Morning Mini....very bright - the hot pink and turquoise almost vibrate! That should wake you… https://t.co/YfGeJmH6ON]]></document>
		<document><![CDATA[Working on the piece i designed this morning. Love the way the wood absorbed the stain on this… https://t.co/o0bLtekbhp]]></document>
		<document><![CDATA["Crimson Sky", 44"×36"  commission finished and ready for delivery. It will look amazing in their new white... https://t.co/KCmg8xCpqx]]></document>
		<document><![CDATA["Crimson Sky", 44"×36"  commission finished and ready for delivery. It will look amazing in… https://t.co/2PhIeNdQ8J]]></document>
		<document><![CDATA[Working out a few #resin details for a new painting. The Artist Project only a few weeks away so I better get... https://t.co/HuRI0WkSGq]]></document>
		<document><![CDATA[Working out a few #resin details for a new painting. The Artist Project only a few weeks away so… https://t.co/cpmLKG0gzi]]></document>
		<document><![CDATA[24"×24". Just finished for the Artist Project. https://t.co/k4Tb062PVH]]></document>
		<document><![CDATA[24"×24". Just finished for the Artist Project. @ Toronto, Ontario https://t.co/6Dmk4jDryP]]></document>
		<document><![CDATA[Minis, minis, everywhere! A bunch of #littletreasures successfully resined for #artistprojectto . I love how the... https://t.co/yeMiDtLogW]]></document>
		<document><![CDATA[Minis, minis, everywhere! A bunch of #littletreasures successfully resined for #artistprojectto… https://t.co/glr4L8ECqR]]></document>
		<document><![CDATA[Another Little 6x6 in aqua. https://t.co/gGUMU83ZlY]]></document>
		<document><![CDATA[Another Little 6x6 in aqua. @ Toronto, Ontario https://t.co/CxiRlKQsM5]]></document>
		<document><![CDATA[A little bit of calm... "Iris by the Lake"....just before bed! 6"×6" $150 includes  shipping anywhere in North... https://t.co/vRlWTpTV4k]]></document>
		<document><![CDATA[A little bit of calm... "Iris by the Lake"....just before bed! 6"×6" $150 includes  shipping… https://t.co/zQV1Tgz0Pu]]></document>
		<document><![CDATA[I love how the close-up of this piece looks like fish scales. #closeup #shimmer https://t.co/d7XWbXf5yb]]></document>
		<document><![CDATA[I love how the close-up of this piece looks like fish scales. #closeup #shimmer @ Toronto, Ontario https://t.co/2qDgT94k0O]]></document>
		<document><![CDATA[Yummy...love the juicy palette knife work by Jean Paul Riopelle #jeanpaulriopelle https://t.co/uAtzMqoMD6]]></document>
		<document><![CDATA[Yummy...love the juicy palette knife work by Jean Paul Riopelle #jeanpaulriopelle @ AGO - Art… https://t.co/mBbzlUVina]]></document>
		<document><![CDATA[Corporate installation at McCann Canada. Hung just before the holidays but forgot to post! https://t.co/pFu6teDXHe]]></document>
		<document><![CDATA[Corporate installation at McCann Canada. Hung just before the holidays but forgot to post! https://t.co/5haXciv0EJ]]></document>
		<document><![CDATA[RESIN DAY! all the tools of the trade to make the magic happen. So...for the next 2 hours, I… https://t.co/nKFc7gVkYo]]></document>
		<document><![CDATA[Sometimes I like the negative space to dominate - delicate little flower buds floating against warm sky! 6"×6". https://t.co/P1fHZBkHz5]]></document>
		<document><![CDATA[Sometimes I like the negative space to dominate - delicate little flower buds floating against… https://t.co/syzuBEIfst]]></document>
		<document><![CDATA[Not as efficient as I would thought I would be today....got the edges done but no resin.... https://t.co/Cv3cntbW0p]]></document>
		<document><![CDATA[Not as efficient as I would thought I would be today....got the edges done but no resin.... @… https://t.co/Os1Gjhy75w]]></document>
		<document><![CDATA[I love the contrast of complimentary colours orange and blue. I see this as a storm starting to break at sunset.... https://t.co/v5cdPBJOj3]]></document>
		<document><![CDATA[I love the contrast of complimentary colours orange and blue. I see this as a storm starting to… https://t.co/ZFquwbHqcN]]></document>
		<document><![CDATA[Ready for another day in the studio....Lots on the plan..finishing up the ministry and prepping some large pieces... https://t.co/iqvfIth6GP]]></document>
		<document><![CDATA[Ready for another day in the studio....Lots on the plan..finishing up the ministry and prepping… https://t.co/aehkrTB1nc]]></document>
		<document><![CDATA[Working on a new size - 6"×18"...hmm mmmmmmm what to do? What to do? #fortheprocess @ Toronto,… https://t.co/uIT3mNinIJ]]></document>
		<document><![CDATA[And here is the original wave that inspired the mini I posted earlier. 24"×24", it just got home from #barcelona... https://t.co/DA6pE6neF8]]></document>
		<document><![CDATA[And here is the original wave that inspired the mini I posted earlier. 24"×24", it just got home… https://t.co/RDPG6l6Q8v]]></document>
		<document><![CDATA[One of the finished Little Treasures, "Ocean Wave"......ready for @artistprojectto ! 6"×6" https://t.co/AWFfMlw68n]]></document>
		<document><![CDATA[One of the finished Little Treasures, "Ocean Wave"......ready for @artistprojectto ! 6"×6" @… https://t.co/fgSHSMlrJf]]></document>
		<document><![CDATA[I think this is amazing....
https://t.co/gr3JXjhLyB https://t.co/BflPZ3CVc6]]></document>
		<document><![CDATA[All packed up and ready to head home to #Toronto! It has been a wonderful and productive week with 24... https://t.co/CtaGaq1kAj]]></document>
		<document><![CDATA[All packed up and ready to head home to #Toronto! It has been a wonderful and productive week… https://t.co/bua3pjYudc]]></document>
		<document><![CDATA[Musical painting! Turn the sounds on to hear the music created while on worked on "Mini icicles"… https://t.co/ElweGI8QDd]]></document>
		<document><![CDATA[A stunning sky this morning in #britishcolumbia. On our way to see enhorningdesign .… https://t.co/w8kFtixhFo]]></document>
		<document><![CDATA[A little fire storm to end the evening! #littletreasure @artistprojectto https://t.co/UtqyklrD9f]]></document>
		<document><![CDATA[A little fire storm to end the evening! #littletreasure @artistprojectto @ Tin Town Community https://t.co/dJysa5de0c]]></document>
		<document><![CDATA[Such amazing inspiration in #bc with is incredible Moss.  I feel a #painting coming on! @… https://t.co/JAm6reTrGB]]></document>
		<document><![CDATA[Being creative in the studio! With @utsalhelen ! @ Art Alchemy Studio https://t.co/1axl8nVNw3]]></document>
		<document><![CDATA[A frosty morning in #comoxvalley today. #inspiration https://t.co/6wTKVOnP2q]]></document>
		<document><![CDATA[A frosty morning in #comoxvalley today. #inspiration @ Tin Town Community https://t.co/AMj8ODkQ4Z]]></document>
		<document><![CDATA[Just finished...a new #littletreasure for @artistprojectto. Any suggestions for a name??? https://t.co/Ie0yZQENyw]]></document>
		<document><![CDATA[Just finished...a new #littletreasure for @artistprojectto. Any suggestions for a name??? @ Tin… https://t.co/dvIbZg3CN6]]></document>
		<document><![CDATA[Yum! Helen whipped up #homemade #foccacia this morning for breakfast! Now I have lots of energy… https://t.co/GgF2PuDzUA]]></document>
		<document><![CDATA[I was finally compelled to take up running again. How could I resist when the trail is so… https://t.co/QIs74gstx0]]></document>
		<document><![CDATA[Such a beautiful day in #comoxvalley today, I took the opportunity to work outside to create a… https://t.co/7Wl1Z5P4Qy]]></document>
		<document><![CDATA[Playing with #pink and #orange today
 This is my Interpretation of "Birthday" - this year's theme for... https://t.co/uw9Yz1Tf9g]]></document>
		<document><![CDATA[Playing with #pink and #orange today
 This is my Interpretation of "Birthday" - this year's… https://t.co/7apBsl955Q]]></document>
		<document><![CDATA[Thank you, Artist Project Toronto for using my Crimson Sunset for your VIP Program! https://t.co/3nei90YC5v]]></document>
		<document><![CDATA[Trying out #boomerang for the first time - trying to capture the "flick" that creates my little… https://t.co/DldCufAs27]]></document>
		<document><![CDATA[Just finished this amazing 48"x60" background in deep Magenta. Sketched a few designs - what do you prefer?... https://t.co/KBq49TnXK8]]></document>
		<document><![CDATA[Just finished this amazing 48"x60" background in deep Magenta. Sketched a few designs - what do… https://t.co/tdVcV4yPyU]]></document>
		<document><![CDATA[One of my favourite shows...I have already applied! #outdoor #Art #submission #toronto https://t.co/K4cNy5ue0P]]></document>
		<document><![CDATA[My palette after a productive day in the studio! https://t.co/8NVVq8SYnh]]></document>
		<document><![CDATA[My palette after a productive day in the studio! @ Toronto, Ontario https://t.co/tB6hEhdDg1]]></document>
		<document><![CDATA[So happy to be back in the studio again....after almost a month!!! Working on a few commissions. #sohappy😊 https://t.co/D2nZ6Es5Xg]]></document>
		<document><![CDATA[So happy to be back in the studio again....after almost a month!!! Working on a few commissions.… https://t.co/PCICbqjdcy]]></document>
		<document><![CDATA[After a solid 2 days of work, the studio is finally tidied up, dusted and relatively free of clutter! Feels... https://t.co/wu2RU80dOQ]]></document>
		<document><![CDATA[After a solid 2 days of work, the studio is finally tidied up, dusted and relatively free of… https://t.co/ix2va6bqgk]]></document>
		<document><![CDATA[@nalang1 So true. Think about all the teachers you had....who inspires??]]></document>
		<document><![CDATA[Finally finished! We incorporated pieces from different artists, styles and medium including #painting, #etching,... https://t.co/VaOjRfpZ92]]></document>
		<document><![CDATA[Finally finished! We incorporated pieces from different artists, styles and medium including… https://t.co/SOp8j8fnHi]]></document>
		<document><![CDATA[Finally getting the main wall hung in the family room. With the recent reno, we lost a few walls and had to find... https://t.co/CEh98HFQls]]></document>
		<document><![CDATA[Finally getting the main wall hung in the family room. With the recent reno, we lost a few walls… https://t.co/0tgDSTdA21]]></document>
		<document><![CDATA[Hanging out with the locals in the Square  outside the cathedral of Sevilla on Christmas. Very social.. https://t.co/Y5Qf8MWZDJ]]></document>
		<document><![CDATA[Hanging out with the locals in the Square  outside the cathedral of Sevilla on Christmas. Very… https://t.co/zxLyr5xxs0]]></document>
		<document><![CDATA[Happy Holidays to all from Sevilla, Spain. In the old section, the church bells call everyone to service . A... https://t.co/3L0OZw1pF1]]></document>
		<document><![CDATA[Happy Holidays to all from Sevilla, Spain. In the old section, the church bells call everyone to… https://t.co/v4LjW4dRy7]]></document>
		<document><![CDATA[Day trip to #ronda to see the most amazing bridge. Finished in 1792, it connected the "modern" city to the old... https://t.co/ZPXO5rHG3S]]></document>
		<document><![CDATA[Day trip to #ronda to see the most amazing bridge. Finished in 1792, it connected the "modern"… https://t.co/x8ENluwB4U]]></document>
		<document><![CDATA[One of my new all-time favourite place - Alhambra in Granada, Spain. The gardens and workmanship is incredible! https://t.co/NCdHndt9Lx]]></document>
		<document><![CDATA[One of my new all-time favourite place - Alhambra in Granada, Spain. The gardens and workmanship is incredible! https://t.co/himhgssDv9]]></document>
		<document><![CDATA[One of my new all-time favourite place - Alhambra in Granada, Spain. The gardens and workmanship… https://t.co/FydccVft2u]]></document>
		<document><![CDATA[The veiw from our terrace in Granada. We have planned a guided tour of #alhambra tomorrow. Today, we will wander... https://t.co/Xs6peUAOSA]]></document>
		<document><![CDATA[The veiw from our terrace in Granada. We have planned a guided tour of #alhambra tomorrow.… https://t.co/OtchbOqHZu]]></document>
		<document><![CDATA[Inspired by the amazing stained glass windows in the "Moderniste" style of #catalan at the #lamusica. This will... https://t.co/uoNAfgoUXp]]></document>
		<document><![CDATA[Inspired by the amazing stained glass windows in the "Moderniste" style of #catalan at the… https://t.co/h8Wh83J8Pi]]></document>
		<document><![CDATA[A great read for any abstract artist who has to explain that it takes talent to do what they do! Love the Matisse... https://t.co/lzpqQgZcmL]]></document>
		<document><![CDATA[At Park Guell in the rain! Rob is seriously concentrating on taking a selfie. #Barcelona https://t.co/d514Pk2e67]]></document>
		<document><![CDATA[At Park Guell in the rain! Rob is seriously concentrating on taking a selfie. #Barcelona @ Park… https://t.co/GhN85d1RNe]]></document>
		<document><![CDATA[Stumbled upon this amazing tapas bar.."In the basement of Liceu you will find another opera, the gastronomic... https://t.co/Bw526nYgCk]]></document>
		<document><![CDATA[Stumbled upon this amazing tapas bar.."In the basement of Liceu you will find another opera, the gastronomic... https://t.co/acSpLMTeRg]]></document>
		<document><![CDATA[Stumbled upon this amazing tapas bar.."In the basement of Liceu you will find another opera, the… https://t.co/rR6jRKD0JF]]></document>
		<document><![CDATA[Palau Guell....amazing and ingenious . Love that in his diploma, was written "we award this to either a madman or... https://t.co/klktZ7l0k2]]></document>
	</documents>
</author>