<author lang="en">
	<documents>
		<document><![CDATA[These eight secret waterfalls from Bali to Peru will make your next vacation magic. https://t.co/RXw3A0HRS2]]></document>
		<document><![CDATA[Confusion still lingers over #TFSAs https://t.co/c9YPorL58U]]></document>
		<document><![CDATA[Retirement myths about debt and home equity can give clients a false sense of security - find out why. https://t.co/MPcARgdZ3C]]></document>
		<document><![CDATA[The Canadian Imperial Bank of Commerce announced it will hire 500 employees with disabilities in 2017. https://t.co/8xpbP5WcrB]]></document>
		<document><![CDATA[The most peaceful place on earth may be in the middle of #Tokyo. https://t.co/KyG3OOhUdS]]></document>
		<document><![CDATA[35 amazing places @BarackObama travelled during his presidency. #ThrowbackThursday https://t.co/RotrZuoWKZ]]></document>
		<document><![CDATA[To conquer debt, get out of your head and create a written financial #plan. https://t.co/Vf61R9wl6R]]></document>
		<document><![CDATA[Financial support to adult children is preventing boomers from saving enough for retirement, study finds. https://t.co/VHa11quCHy]]></document>
		<document><![CDATA[Here are the ten most misunderstood things about TFSAs: https://t.co/jAXjjP6w9w]]></document>
		<document><![CDATA[12 great places to go in 2017, and how to do them on a budget. #TravelTuesday https://t.co/fZeZ1kakVk]]></document>
		<document><![CDATA[Check out these 17 inspiring women to watch in #2017. #womeninbusiness https://t.co/h7cHY17ScI]]></document>
		<document><![CDATA[Why 2017 may prove to be a #taxing year if you’ve got kids. https://t.co/0nz9JTVvAr]]></document>
		<document><![CDATA[Is one of your resolutions to be more proactive? Here’s what you’ll need to know to jumpstart your taxes. https://t.co/MBwOqAVGYC]]></document>
		<document><![CDATA[Is your #newyearsresolution related to your #finances? Here are eight things you need to know about the #TFSA. https://t.co/84BSVhWdxF]]></document>
		<document><![CDATA[Happy New Year! Did you make a 2017 resolution? Here are some steps you can take to see it through. https://t.co/kWTIwYAApM]]></document>
		<document><![CDATA[Reminder: this is your last week to make a 2016 RESP contribution. Please contact our office to book an appointment. https://t.co/q0wEmlBHYl]]></document>
		<document><![CDATA[Working with a financial planner is key to #retirement satisfaction, study finds. https://t.co/TA5BdWMfSz]]></document>
		<document><![CDATA[Here are five questions everyone should ask themselves before the new year strikes. https://t.co/nZepuUNgjA]]></document>
		<document><![CDATA[Home for the holidays? It may be the right time to discuss #finances with your folks. https://t.co/sI5WeDmwkq]]></document>
		<document><![CDATA[The list is in! Here are some of the 50 best places to travel in 2017. #TravelTuesday https://t.co/ZcLI5PX2c2]]></document>
		<document><![CDATA[A once-in-a-lifetime trip to see endangered walruses in Alaska. https://t.co/TdrrkoWaeb]]></document>
		<document><![CDATA[Taking some time off for the holidays? Here are eight productive things to do over your break. #mondaymotivation https://t.co/B49QCxvOIB]]></document>
		<document><![CDATA[The U.S. puts up some 40 million Christmas trees every year. Check out the top trees from every state! https://t.co/V7TOA5HK3b]]></document>
		<document><![CDATA[Make the most of the gift of the present this holiday season. #WellnessWednesday https://t.co/jAE8bby4nL]]></document>
		<document><![CDATA[Six dos and don’ts for healthy #holiday eating. https://t.co/jdheKhqfFR]]></document>
		<document><![CDATA[#Video via BNN: Canadians need to start living within their means, says #CIBC's Jamie Golombek. https://t.co/end5TKG4wv]]></document>
		<document><![CDATA[Six dos and don’ts for healthy #holiday eating. https://t.co/wTIsBx39Qk]]></document>
		<document><![CDATA[Bill Gates reveals his favorite books of 2016. Check them out! https://t.co/1EvUPc8pHh]]></document>
		<document><![CDATA[Seven ways to win the #weekend and start your week with a bang. https://t.co/WYCdiATbRR]]></document>
		<document><![CDATA[Russia is building its own Silicon Valley in Siberia. Check it out! https://t.co/NveyVuCxxO]]></document>
		<document><![CDATA[Living life to the maximum now that you’re financially secure and while you’re still young enough to enjoy it. https://t.co/GLYjWR1jou]]></document>
		<document><![CDATA[There's a gap between Canadians' expectations of their retirement and what they will likely be able to afford. https://t.co/zZ2ZDkDLB7]]></document>
		<document><![CDATA[Evidence of the ongoing crackdown by the tax authorities on Canada’s residential real estate sector is everywhere. https://t.co/seRwhPkabi]]></document>
		<document><![CDATA[Looking for a burst of inspiration and motivation when times get tough? Check out these 50 quotes! https://t.co/Mhvnj1WQKh]]></document>
		<document><![CDATA[How can exercise influence the body’s tendency to store excess calories during holiday binge eating? https://t.co/h2fLyoGHFm]]></document>
		<document><![CDATA[Now is the time to use tax credits only available until Dec. 31, says CIBC tax planner Jamie Golombek. https://t.co/UsC4RGbHPy]]></document>
		<document><![CDATA[Most Canadians aged 35-54 say everyday expenses prevent them from saving for retirement. https://t.co/u8bV7i3WOO]]></document>
		<document><![CDATA[#CIBC receives top Canadian FinTech Award. #FitsYourLife https://t.co/2xU7IonOJG]]></document>
		<document><![CDATA[Empower yourself to make better financial decisions with these investing and saving tips. https://t.co/h8WP7Zvwhq]]></document>
		<document><![CDATA[Why a full-stop #retirement may not be the best way to go. https://t.co/WpgcOpI5us]]></document>
		<document><![CDATA[A six-minute morning routine that will energize you each and every day. #WellnessWednesday https://t.co/tRbpfRp0PU]]></document>
		<document><![CDATA[Five tips to take your #weekends back. https://t.co/2L9nWMrhkT]]></document>
		<document><![CDATA[What’s an #advisor worth to clients? 290% more in assets. https://t.co/uVtkpNKVUU]]></document>
		<document><![CDATA[Eating more chocolate might make you smarter, new study suggests. https://t.co/fuW1QBmHo7]]></document>
		<document><![CDATA[We’re investing in kids on December 7. Learn how CIBC Miracle Day gives kids in need so much more than hope. https://t.co/MqN2LsjMLa]]></document>
		<document><![CDATA[This specific type of exercise will keep your brain young, study says. #ThrowbackThursday https://t.co/skSkVqFPEN]]></document>
		<document><![CDATA[Canadians worried about their #finances: FPSC survey. https://t.co/Ej9nrwa9Ji]]></document>
		<document><![CDATA[Here’s what WSJ says some of the worst financial mistakes are, and how to avoid them. #FinancialPlanning https://t.co/IOGfzzVbSz]]></document>
		<document><![CDATA[Just eight weeks of meditation can change your brain for the better, science shows. #WellnessWednesday https://t.co/roPsYBs8Co]]></document>
		<document><![CDATA[Happy Weekend! Here's why one business owner suggests the weekend is best spent off #BFS https://t.co/W2RZw2RwAl]]></document>
		<document><![CDATA[This study examines how advisors can help boost household wealth. #FinancialPlanning https://t.co/CtgXi1VJeC]]></document>
		<document><![CDATA[Most Canadians are not aware of year-end #tax strategies, #CIBC survey finds. https://t.co/UnIMk7ZFVN]]></document>
		<document><![CDATA[How to know if you’re at the starting line of your victory lap #retirement, financial independence. https://t.co/XsmOhIcnNq]]></document>
		<document><![CDATA[Why ‘retirement’ is the wrong word to describe what life looks like for Canadians 55 and older. #Retirement https://t.co/JKqh9cWqUe]]></document>
		<document><![CDATA[Three-quarters of Canadians risk missing out on 2016 tax savings: #CIBC Poll https://t.co/Lyw4zl0dPS]]></document>
		<document><![CDATA[Planning your next vacation? Lonely Planet has released their picks for Best in Travel 2017: Top Cities. https://t.co/5vLwUarJHc]]></document>
		<document><![CDATA[#Tax consequences of inheriting money from the U.S. https://t.co/eD2YLXVYhm]]></document>
		<document><![CDATA[Trusts can address specific family or beneficiary needs, so it’s important to understand the applicable investment r https://t.co/xX6wdPBZ2z]]></document>
		<document><![CDATA[The U.S. #election doesn't matter...at least, not to long-term #investment. https://t.co/nQnVe8t809]]></document>
		<document><![CDATA[Seeking happiness? This 15-minute morning routine may transform your outlook on life. https://t.co/VcQzQJAFqj]]></document>
		<document><![CDATA[Before retiring, take this simple test. #RetirementPlanning https://t.co/6OhLggazcC]]></document>
		<document><![CDATA[How even a little bit of exercise positively affects the brain. https://t.co/kStXST4SWK]]></document>
		<document><![CDATA[Have you started thinking about your end-of-year tax plans? CIBC's Jamie Golombek provides some insight. https://t.co/pANU5m8GaZ]]></document>
		<document><![CDATA[In 50 years, the average home in Toronto will cost $4.4 million, source reports. https://t.co/ttkpc2j9EB]]></document>
		<document><![CDATA[Want to improve your health, but don't have the time? Here are seven easy steps to follow. https://t.co/gjcnDaDkOz]]></document>
		<document><![CDATA[Thinking of selling your cottage? Pay close attention to the new rules on principal residence exemptions. #tax https://t.co/mUQOkq5v1B]]></document>
		<document><![CDATA[What is the one common trait that incredibly successful people share? They're constantly learning. https://t.co/IFSIqSV67m]]></document>
		<document><![CDATA[Tips for leaving a strong will. #EstatePlanning https://t.co/nNjCJJkSME]]></document>
		<document><![CDATA[Planning to retire abroad? Here's what Canadians may want to consider. https://t.co/wsij0pO5ZZ]]></document>
		<document><![CDATA[Science says you need to have more 3-day #weekends. https://t.co/HrZcknrUoZ]]></document>
		<document><![CDATA[How to use the Canada Child Benefit to invest in your children’s #education. #FinancialPlanning https://t.co/fzURGMqopx]]></document>
		<document><![CDATA[Driven by an increase in immigration to record levels, Canada's population surged by 1.2% over the past year. https://t.co/CGPy0FfIU5]]></document>
		<document><![CDATA[Click to read CIBC's Monthly FX Outlook. https://t.co/nKitH2unjR]]></document>
		<document><![CDATA[Finance Minister Bill Morneau announced today ‘preventative measures’ for Canada’s hot housing market. https://t.co/KYjFTLF6Ec]]></document>
		<document><![CDATA[What's the number one money lesson to teach your kids? #video #Investing101 https://t.co/mmczqQ5IjW]]></document>
		<document><![CDATA[5 scientific ways to better your brain this #weekend. https://t.co/QmfkeE9IBX]]></document>
		<document><![CDATA[Is your will looking a bit dated? You’re not alone. Check out these 5 steps for estate planning success. https://t.co/pICi2ht8dU]]></document>
		<document><![CDATA[Five different studies on the level of preparedness of Canada’s future retirees have some common conclusions. https://t.co/oebB3mYvfY]]></document>
		<document><![CDATA[Canadian debt continues to grow to record levels, with households owing $1.68 for every $1.00 of disposable income. https://t.co/PMpT0zlDEy]]></document>
		<document><![CDATA[RESPs 101: How they work and why parents should open one. https://t.co/axGuDcr6v7]]></document>
		<document><![CDATA[Poll finds a rising number of Canadians skeptical about investing in homes. https://t.co/dTI1Si5gZh]]></document>
		<document><![CDATA[Should Toronto implement a foreign buyers tax? CIBC’s Benjamin Tal weighs in. https://t.co/0AQEEl7pDk]]></document>
		<document><![CDATA[Your kids off to college or university this fall? Click to read some of the tax credits they may qualify for. https://t.co/qv0QU11fwp]]></document>
		<document><![CDATA[Recent survey says 51% of women lose sleep over finances. Here’s why women need greater confidence in money matters. https://t.co/HGCOt71oHI]]></document>
		<document><![CDATA[CIBC’s Jamie Golombek says parents' biggest mistake is waiting too long before they start saving with an RESP. https://t.co/k355uPeBvn]]></document>
		<document><![CDATA[More time or more money – what would you pick? https://t.co/a5H1uCChcX]]></document>
		<document><![CDATA[Once your children need the money, how to use the RESP may not be obvious. CIBC’s Jamie Golombek weighs in. https://t.co/XHXLLrwCsb]]></document>
		<document><![CDATA[Most parents are "flying blind" on the real costs of post-secondary education: CIBC Poll.  #BacktoSchool https://t.co/M67sjQ8JzD]]></document>
		<document><![CDATA[Here are a few thoughts on post-secondary education for consideration if you have a student child or grandchild. https://t.co/mvD8v1jClF]]></document>
		<document><![CDATA[Experts suggest this could be the key to a healthier retirement. #WellnessWednesday https://t.co/LA2iygfiDR]]></document>
		<document><![CDATA[Stuck in a creativity rut? Check out these 17 creative #brainstorming methods that could produce brilliance. https://t.co/4XlC7o361z]]></document>
		<document><![CDATA[Feeling stuck, stagnated, slow, in accomplishing your goals? Here’s one word that can put a stop to that. https://t.co/pEM6mGQYHL]]></document>
		<document><![CDATA[Starting over? Learn how our financial tips for blended families can help avoid tension down the road. https://t.co/6gjnDryaIA]]></document>
		<document><![CDATA[Study finds in 2015, Canadians paid higher percentage of income towards taxes than food, clothing, shelter combined. https://t.co/a2x38fck3Q]]></document>
		<document><![CDATA[We are living in times of soaring debt and house prices. Young adults are crunched - pay off loans or save for home? https://t.co/W24EGKiYVU]]></document>
		<document><![CDATA[No matter who wins the U.S. election, here's how one report suggests our economy could be affected. https://t.co/fjjmFyKwIi]]></document>
		<document><![CDATA[Foreign investors increased their holdings of Canadian securities by $9.0 billion in June: Stats Can. https://t.co/3ttK22sWqw]]></document>
		<document><![CDATA[It’s that time of the year! Check out these strategies for the RESP withdrawal phase. #backtoschool #education https://t.co/CVaz1KIB6p]]></document>
		<document><![CDATA[The YOLO mindset: If we only live once, let’s make decisions that support a financially stress-free lifestyle. https://t.co/lMUjaxhItF]]></document>
		<document><![CDATA[Nine healthy snacks that help prevent overeating. #WellnessWednesday https://t.co/ZuK9GwLeWw]]></document>
	</documents>
</author>