<author lang="en">
	<documents>
		<document><![CDATA[@RadioFreeTom Everbody meets over awfully named milkshakes.]]></document>
		<document><![CDATA[@alexjnatale Don't be a sucker, NPR is just part of the Illuminati-Rothchild plot to have the UN put us in FEMA camps. #TheTruthIsOutThere]]></document>
		<document><![CDATA[@RyanTAnd Serious question: who are these people? Is it a meaningful group or a niche in legal academia?]]></document>
		<document><![CDATA[Shockingly sane political commentary. Didn't even know that was allowed nowadays. https://t.co/WSnqklO7ld]]></document>
		<document><![CDATA[@collford821 You're a true friend, don't let some bullshit about "days of the week" get in the way of drinking.]]></document>
		<document><![CDATA[This shouldn't be a partisan issue but it will be because, sadly, everything is in 2017. https://t.co/TRy12I75rO]]></document>
		<document><![CDATA[@TonyFabrizioGOP Same reason Pauline Kael was shocked Nixon won when nobody she knew voted for him.]]></document>
		<document><![CDATA[Local cartoonist and vegan burrito developer has strong opinions on management that mostly just involve pretending… https://t.co/BxrbSQDlZq]]></document>
		<document><![CDATA[@skoczela @maggieNYT Is there any better Twitter than "Polling Nerd Crosstab Twitter"? I think not.]]></document>
		<document><![CDATA[This would be accurate if Nixon fired LBJ-era holdovers who wouldn't enforce his recognition of Red China. https://t.co/6EJ6vlC0QU]]></document>
		<document><![CDATA[My argument is more complex than the headline: DJT executive order is needlessly cruel, but also, more frighteningl… https://t.co/9KwGtaRnq3]]></document>
		<document><![CDATA[This is completely false. If it were true, the largest Muslim-majority country wouldn't be excluded. Neither would… https://t.co/EL4QDaL1JN]]></document>
		<document><![CDATA[@jhirni @Eater Modern technology keeps making it easier for me to gleefully waste my money.]]></document>
		<document><![CDATA[Someone's forgotten about when his boss had a critic's psyciatrist's office burglarized so they could portray the c… https://t.co/0uTqKOJdvk]]></document>
		<document><![CDATA[@JaBogen Staff, even high-level ones, exist to support the President. If they can't do that they can resign, can't make policy them self.]]></document>
		<document><![CDATA[@JaBogen Right, that means she's out as AG. Unless you think AG gets veto power over all administration activities.]]></document>
		<document><![CDATA[@JaBogen @voxdotcom She wouldn't defend the executive branch's policy. Imagine if an Obama DOJ ldr wouldn't enforce an anti-pollution order.]]></document>
		<document><![CDATA[If you're sharing these meme ask: "Would this be any better if the general was in shorts and Steve Bannon looked li… https://t.co/WH7rtPJ1Th]]></document>
		<document><![CDATA[This is true but, to be fair, Trump is both more ideologically different to the GOP than Obama was to Dems. Also a… https://t.co/OiD2l2N4Hb]]></document>
		<document><![CDATA[The fear of primary challenges for GOPers who aren't supporting Trump is defining factor here—it's why almost half… https://t.co/gupIXnMYX8]]></document>
		<document><![CDATA[They also won't apologize for using the illusion of security to sell bad public policy. https://t.co/dtXezmhNKh]]></document>
		<document><![CDATA[@EsotericCD @iowahawkblog But he has a Ph.D! And such a good track record at predicting elections.]]></document>
		<document><![CDATA[This is not just true but important—if anything, perception of a tough "Muslim ban" is good for Trump. This is stup… https://t.co/8DJxhbpYJ9]]></document>
		<document><![CDATA[This is literally the exact same arguments people use to connect Black Lives Matter with violence against police. https://t.co/JYHHNSc3Rs]]></document>
		<document><![CDATA[If "degree" = "serious philosophical and cultural concepts", this is 100% accurate. https://t.co/vY0qf4YWPh]]></document>
		<document><![CDATA[He absolutely can. This is bad, needlessly cruel public policy but it's not a Muslim ban. Largest Muslim countries… https://t.co/wzZnEIidnq]]></document>
		<document><![CDATA[Also had a detailed plan to murder anti-Nixon columnist Jack Anderson. Howard Hunt and Gordon Liddy were batshit cr… https://t.co/wYkq3eQZKY]]></document>
		<document><![CDATA[If Dems are smart they'll have their own Benghazi within months — use small # of American deaths to take patriotism… https://t.co/oRat2qOYGQ]]></document>
		<document><![CDATA[Real talk: any red state Republican who came out strongly against Trump's executive order would guarantee a 2018 pr… https://t.co/2WUJqXQTSM]]></document>
		<document><![CDATA[Shockingly a governor wants to avoid alienating the dispenser of federal funds by criticizing a policy he's powerle… https://t.co/6p6i9wU775]]></document>
		<document><![CDATA[If voter ID = "rigging the game" Louisiana wouldn't have a Dem governor and RI wouldn't be a Dem stronghold year af… https://t.co/3za6NM0ABb]]></document>
		<document><![CDATA[Fitting a New Republic editor echoes TR's lament that "Americans lack the stomach for empire." https://t.co/t1azoWq8rI]]></document>
		<document><![CDATA[@kimbo_swaggins They understand the importance of placement.]]></document>
		<document><![CDATA[But it was also built with Middle Ages-equivalent technology so.... https://t.co/ouSZTJaBdH]]></document>
		<document><![CDATA[This entire thread is amazing. https://t.co/lmrcNth7Dn]]></document>
		<document><![CDATA[This is wrong on its face. All are not welcome. Pro-choice people are emphatically not welcome. https://t.co/DGaWwtxFHO]]></document>
		<document><![CDATA[@brajadurai If by "lit as fuck" you mean "depressing as fuck for its implications on our shared banality," yes, you're right.]]></document>
		<document><![CDATA[A++ tweet. https://t.co/vJ7ZNPCV1n]]></document>
		<document><![CDATA[@TedNesi Come on Ted! Only Democrats oppose transparency. Just ask any GOP gadfly.]]></document>
		<document><![CDATA[@RickSheridan Adlai Stevenson was greeted by massive, hostile crowds when he visited Dallas during his tenure as UN ambassador.]]></document>
		<document><![CDATA[This will be another Trump ink blot—his voters love the disruption, opponents loath the chaos. https://t.co/SZtJxCsViQ]]></document>
		<document><![CDATA[Time for the Democrats to lose winnable races because of party activists' primary preferences. https://t.co/8A0ckt3y2e]]></document>
		<document><![CDATA[@TonyFabrizioGOP Young political worker here to annoy you: is there a good way to get in touch with Finkelstein? In MA, would love to meet.]]></document>
		<document><![CDATA[What happened is a modern welfare state. Which is why most other countries (including Mexico) have more restrictive… https://t.co/U8RHStYrFp]]></document>
		<document><![CDATA[Rand Paul, starring in "American Ninja Warrior: Congressional Edition" https://t.co/Q1jHLYiQtM]]></document>
		<document><![CDATA[Imagine what Jackson would think about inspiring a billionaire, Northeastern businessman. #apoplectic https://t.co/x6CpcvEo0Z]]></document>
		<document><![CDATA[@JustineAnnSand Because the world is filled with sick, uncivilized people.]]></document>
		<document><![CDATA[@SyedRAkhtar I hope it includes negative ones like "Decimate MACR" and "Cripple RICRF"]]></document>
		<document><![CDATA[@JenAshleyWright Liberals, not conservatives, will be on the losing end if norms against ideological violence gets suspended.]]></document>
		<document><![CDATA[Though true, this (IMO) ignores that it isn't a top priority for voters since it effects other countries, not USA. https://t.co/AIDJpW7y1P]]></document>
		<document><![CDATA[@KStreetHipster The latter.]]></document>
		<document><![CDATA[@TedNesi Yes but Ted, it's different when Obama does it. He's not a Russian-owned crypto-Nazi, just a Kenyan-born crypto-communist.]]></document>
		<document><![CDATA[When Trump says "win so much you'll be tired of winning" this is what he means. https://t.co/NYCMLYihjK]]></document>
		<document><![CDATA[In the wise words of Jesse "Big Daddy" Unruh, "money is the mother's milk of politics." https://t.co/UToSH2QNqH]]></document>
		<document><![CDATA[@B_M_Finnigan Why will they be better at that than R leadership in '09 was?]]></document>
		<document><![CDATA[@JamalSimmons This assumes they didn't already vote in 2016. Otherwise that leader risks  being a 21st century McGovern.]]></document>
		<document><![CDATA[This would only be successful it was a virtual march, otherwise there's too much human contact for the weirdos who'… https://t.co/DwpT9h8ZOc]]></document>
		<document><![CDATA[More than anything else—even Obamacare—the eviseration of the Democratic Party is Barack Obama's legacy. https://t.co/eRUVLfwHTv]]></document>
		<document><![CDATA[As Trump's friend Don King would say, "Only in America" https://t.co/sfp8KO4Trc]]></document>
		<document><![CDATA[I love working in politics because it's always interesting, often exciting, and sometimes completely unexpected. Ti… https://t.co/iWSUVGAfaS]]></document>
		<document><![CDATA[No better way to change hearts and minds than breaking a bunch of stuff, right? I think Mandela said that. https://t.co/3A452I5leL]]></document>
		<document><![CDATA[Good advice to Democrats—they need an alternative to 24/7 outrage that ends up sounding like political white noise. https://t.co/frpcxfEzjM]]></document>
		<document><![CDATA[@Nilsington He's got nothing on small-town newspaper publisher Warren Harding.]]></document>
		<document><![CDATA[Love or hate Trump, this is a great choice both as a song and to sum up his whole journey to the White House. https://t.co/zbtr6hX0aU]]></document>
		<document><![CDATA[@JustineAnnSand Which one?]]></document>
		<document><![CDATA[Democrats can vilify Wikileaks or celebrate this pardon, doing both is cognitive dissonance in its purest form. https://t.co/4UeEyvdQE3]]></document>
		<document><![CDATA[Important reality - activists determined to demand unrealistic, unproductive "solutions" that preclude any ability… https://t.co/kkUpeA0808]]></document>
		<document><![CDATA[I'm glad noted historian Rob Schneider is here to correct someone who participated in the 1960s-era civil rights mo… https://t.co/wcEhlTQaIT]]></document>
		<document><![CDATA[@loctastic @davidfrum Fact check: True.]]></document>
		<document><![CDATA[@davidfrum Yet another conservative who sold his soul for crab cakes—SAD!]]></document>
		<document><![CDATA[@SethAMandel There's a good hot take to be written about how the Black Panthers were more conservative than MLK.]]></document>
		<document><![CDATA[He's one of those pacifist, anti-anti-Communist conservatives who supported massive expansions in federal welfare p… https://t.co/lwZq6AZyB6]]></document>
		<document><![CDATA[@emmaklange Even that can be put into a partisan credibility frame. Key for anti-Trump is messengers who look like Obama-Trump swing voters.]]></document>
		<document><![CDATA[This will sway all the surrealists in the white working class. Though there could be a backlash in Iowa's Impressio… https://t.co/UYtaIMmDTP]]></document>
		<document><![CDATA[@dbernstein Can't forget the bragging about how clean the protest site was afterward.]]></document>
		<document><![CDATA[Trump team praying their opposition remains defined by out-of-touch celebrities instead of "Real Americans" like Ch… https://t.co/gnNqJNclrw]]></document>
		<document><![CDATA[O'Malley 2.0—technocrat no more. Instead nothing but #HotTakes https://t.co/ZiKzBedlxu]]></document>
		<document><![CDATA[@evansiegfried @davidfrum Mo Udall even titled his memoir "Too Funny To Be President" and he lost to comically-challenged Jimmy Carter.]]></document>
		<document><![CDATA[Tell this to "President" Mo Udall, Bob Dole, or John McCain—all funny. Or @dick_nixon who had no sense of humor.… https://t.co/hIkb7X51Rj]]></document>
		<document><![CDATA[@bdomenech Imagine what they'd have written after a screening of Death Wish.]]></document>
		<document><![CDATA[@bigben929 Are you auditioning for @TheSportsHub?]]></document>
		<document><![CDATA[This tweet has aged poorly. https://t.co/kgNHOepA1z]]></document>
		<document><![CDATA[Texans "best defense in the league" must have ended with the regular season. We get the pick then walk into the end zone. #Weak]]></document>
		<document><![CDATA[@DanteAtkins @emilycrockett I think (and could be wrong) that D'Souza hasn't been considered a conservative intellectual for some time.]]></document>
		<document><![CDATA[Potential 2020 Presidential candidate Tom Hanks gets some practice with NPR. #AlternativeTake https://t.co/2yvEpAhD10]]></document>
		<document><![CDATA[Also: Biden posed in front of a photo of his then-living first wife posing in front of a motorcycle wearing a bikin… https://t.co/3j4uwDp2Wi]]></document>
		<document><![CDATA[I can see it now: Secretary of Feuding, who helps resolve disputes between agencies with overlapping jurisdiction. https://t.co/B8WeIOzf3x]]></document>
		<document><![CDATA[Clooney 2024 will slaughter him. https://t.co/8HMRA96k75]]></document>
		<document><![CDATA[Central reality of elite news in the modern era: they exist as meaningful institutions only through the beneficence… https://t.co/zNY8Kdcws1]]></document>
		<document><![CDATA[@brajadurai You should listen to @JustineAnnSand. Don't you want to be cool like Paul Ryan? He's one step away from having his own flash mob]]></document>
		<document><![CDATA[Today in pointless, partisan nastiness from someone who isn't fit to shine Biden's shoes. https://t.co/ZUmHRPmUpn]]></document>
		<document><![CDATA[@emmaklange @JaBogen It was "get yourself a man like Joe Biden" and pictured Biden doing a thumbs up.]]></document>
		<document><![CDATA[@conoryunits Would he be a Red Hat or 21st patron? #ImportantQuestions]]></document>
		<document><![CDATA[@brajadurai Quite sane. Entire Jeb! strategy was predicated on winning "establishment" lane before a showdown with DJT at the end.]]></document>
		<document><![CDATA[Other than the overly long pants this is a better choice than the ill-fitting suits and saturated ties he usually w… https://t.co/JDDFJLnjqr]]></document>
		<document><![CDATA[@JaBogen Prediction: if Trump chooses to live in the WH, vast majority of those staffers will be replaced by retainers from Mar-A-Lago.]]></document>
		<document><![CDATA[The real outrage is that he wears his shirt collar outside his suit's lapels. #WhatDecadeIsIt https://t.co/Ypm5Ssz62Z]]></document>
		<document><![CDATA[@SamInBoston Wow am I behind the times.]]></document>
		<document><![CDATA[@SamInBoston Was a resolution ever reached on #SignGate?]]></document>
		<document><![CDATA[@JustineAnnSand At least you look good while you're having it. #SilverLinings]]></document>
	</documents>
</author>