<author lang="en">
	<documents>
		<document><![CDATA[Single mothers are not lazy https://t.co/t7Ok8yi1JH]]></document>
		<document><![CDATA[How to tell if it’s worth hanging onto a fading friendship https://t.co/fSiQb9sza7]]></document>
		<document><![CDATA[Ha... yes how is that even possible. 😍 https://t.co/H21BMGeZfe]]></document>
		<document><![CDATA[@leilamckinnon Argh me too. They are so cute as a couple. #9Married.]]></document>
		<document><![CDATA[David Beckham said the sweetest things about wife Victoria https://t.co/QuGAEatQAe]]></document>
		<document><![CDATA[Old Donald Trump tweet about Catherine could make UK state visit very awkward https://t.co/EFBQeWRGyA]]></document>
		<document><![CDATA[Red carpet lift off on the SAG Awards red carpet   https://t.co/AbeCW1bw8m]]></document>
		<document><![CDATA[Time-capsule Marrickville home lists for first time in 90 years https://t.co/BHeNSKZjmL]]></document>
		<document><![CDATA[Highlights of Paris Haute Couture Week #9Style #stunning https://t.co/3HabmNJthE]]></document>
		<document><![CDATA[News bites: the world's best female chef, Norway in Bondi, imitation games and more https://t.co/aVkAr6gGvL]]></document>
		<document><![CDATA[A guide to the best types of car finance https://t.co/WARoCZbOzJ]]></document>
		<document><![CDATA['He found someone he loved more than himself': Bob and Blanche’s ‘forever’ love story  https://t.co/KIwvCwjSIx]]></document>
		<document><![CDATA[Your supermum back-to-school last-minute list https://t.co/1HXWgMyEaL]]></document>
		<document><![CDATA[Why parents lie to their children https://t.co/g3Zk4od06N]]></document>
		<document><![CDATA[Photographer braves Siberian conditions to walk on the world's deepest lake in winter https://t.co/1cKEvJpg5H]]></document>
		<document><![CDATA[Surprise! Married At First Sight will stream its season premiere on Australia Day https://t.co/0YEFa7JEqD]]></document>
		<document><![CDATA[This real-life 'Notebook' love story will melt your heart https://t.co/jedHMiF6em]]></document>
		<document><![CDATA[Victoria Beckham farewells Paris in fun blue shirt and orange pants #9Honey https://t.co/YuIx5LK6bq]]></document>
		<document><![CDATA[Meryl Streep's reaction to record-setting 20th Oscar nomination is priceless https://t.co/Rq2BAFsqFL]]></document>
		<document><![CDATA[Oscars 2017 predictions: Nicole Kidman goes for a fourth nomination https://t.co/lHTlSYkax2]]></document>
		<document><![CDATA[Donald Trump makes major women's health decision in room full of men https://t.co/XIBTL09yEB]]></document>
		<document><![CDATA[Melania Trump was born beautiful #cosmeticsurgeryrumours https://t.co/VyDCZO360p]]></document>
		<document><![CDATA[The campaign we can't stop watching https://t.co/GhbGtRM4D5]]></document>
		<document><![CDATA[The incredible success of Jodhi Meares new lable. The Upside takes a turn https://t.co/G3by14oCA7]]></document>
		<document><![CDATA[Women's March: Naomi Watts, Lisa Wilkinson, and more Australian celebs support the protests https://t.co/MwOONAkA0Z]]></document>
		<document><![CDATA[Rent Princess Margaret's Mustique hideaway. Yes please!  https://t.co/0Mmj41DqPO]]></document>
		<document><![CDATA[Melania Trump used the White House website to mention her jewellery line https://t.co/D4ZhJEhpMa]]></document>
		<document><![CDATA[Parenting: an introvert’s guide #9Honey https://t.co/PlfnyB41eU]]></document>
		<document><![CDATA[Women take centre stage in the AFL https://t.co/3LprZm23ZQ]]></document>
		<document><![CDATA[How to become more optimistic (and live a longer life) https://t.co/UWou0XZnD4]]></document>
		<document><![CDATA[Exercise before work: 8 tricks to getting out of bed early https://t.co/lXwCeVqDlH]]></document>
		<document><![CDATA[Why I marched this weekend — https://t.co/N2mYkCfyFD]]></document>
		<document><![CDATA[Michelle Obama's best moments as First Lady, from Carpool Karaoke to tear-jerking speeches https://t.co/d00lHzkXMt]]></document>
		<document><![CDATA[Australia Day merch to celebrate in style https://t.co/3esjLRiwHp]]></document>
		<document><![CDATA[Jude &amp; Sadie's daughter - Iris Law is the new face of Burberry https://t.co/Zdv7keebWc]]></document>
		<document><![CDATA[Beautiful piece.. On losing my mum, just as I became one https://t.co/wkDM1H9RZT]]></document>
		<document><![CDATA[Leila McKinnon: 'Let's ditch the word 'ranga'' https://t.co/SWYx3FCHZg]]></document>
		<document><![CDATA[Michelle Obama and the family dogs take final walk through the White House  https://t.co/INIALjOXNd]]></document>
		<document><![CDATA[Everything you need to know about Gladys Berejiklian, our likely NSW Premier https://t.co/uRNqw7XyvT]]></document>
		<document><![CDATA[Five things that will help during an anxiety attack https://t.co/FBBIRGL0MY]]></document>
		<document><![CDATA[This is what a $330 million house looks like https://t.co/kmGkJxHRZ0]]></document>
		<document><![CDATA[The helpful hormone insulin - what it does, and why you need to know about it https://t.co/fEoXLq6rU7]]></document>
		<document><![CDATA[Beat the 'heat hangover': Why you sleep awfully during summer https://t.co/ILtS8RuEua]]></document>
		<document><![CDATA[Strap in for Married At First Sight Season 4. The early reviews are over the top..https://t.co/Q4XtEEnpuE]]></document>
		<document><![CDATA[Finally the best advice for getting over an ex. Starting point NO contact https://t.co/chSDubMtPN]]></document>
		<document><![CDATA[Why organising my 8-year-old's birthday party is keeping me awake at night https://t.co/DRnKJBCiDP]]></document>
		<document><![CDATA[Beauty vlogger gets 24m hits. The video you can't stop watching https://t.co/Ye5nDs3G61]]></document>
		<document><![CDATA[Did you know there are such things as 'unlucky' items in your home. Toss them! https://t.co/tOemJUR2jd]]></document>
		<document><![CDATA[Thankfully most of us don't have this problem. Welfare mum too 'beautiful’ to work https://t.co/9y4JuJ33HO]]></document>
		<document><![CDATA[Love this.. Ice cascades turn a little-known Beijing gorge into a winter wonderland https://t.co/KQt2BZJwoF]]></document>
		<document><![CDATA[I want one of these in our office tower...this window turns into a balcony https://t.co/0fSV1Z58Hj]]></document>
		<document><![CDATA[A breakfast for all your New Year health goals: detox, lose weight, work out https://t.co/J2N06x9GuP]]></document>
		<document><![CDATA[Indian airline facing backlash over a planned 'women only' row https://t.co/Fev4Pr0Mi0]]></document>
		<document><![CDATA[Winter is coming: Dubrovnik has been transformed into a winter wonderland by rare snowfall https://t.co/mAlKr6mBdP]]></document>
		<document><![CDATA[Duchess of Cambridge diet: What she eats in a day https://t.co/GhZ6nBhFmA]]></document>
		<document><![CDATA[Emma Stone, Natalie Portman lead A-listers singing 'I Will Survive' against Donald Trump https://t.co/xPjFWb0ePO]]></document>
		<document><![CDATA[Michelle Obama wrote the sweetest thank you note to Barack on TV https://t.co/mrB0fQBSvo]]></document>
		<document><![CDATA[TV news presenters joke about their epic wardrobe meltdown video: "I probably overreacted" https://t.co/YfQmkGXBOY]]></document>
		<document><![CDATA[Pizza &amp; 10 everyday meals that put you over your daily sugar limit https://t.co/3hRHXN0WrD]]></document>
		<document><![CDATA[Heartwarming outpouring of love for Meryl Streep after her Golden Globes speech https://t.co/r9IqctrSRi]]></document>
		<document><![CDATA[Is this really useful? This wristband can tell you how drunk you are https://t.co/IvMzmcm1gK]]></document>
		<document><![CDATA['My mother-in-law wore a wedding dress to my wedding' https://t.co/xHotIc08K3]]></document>
		<document><![CDATA[The bin that turns scraps into fertiliser and in 24hrs &amp; other great gadgets  https://t.co/SeN3y4UOlc]]></document>
		<document><![CDATA[Celebrity skipper banned from approaching TV star wife 'while drinking'. https://t.co/wnWLogWsW3]]></document>
		<document><![CDATA[Queen Elizabeth makes her first public appearance following illness https://t.co/5Ju5Ie2U9U]]></document>
		<document><![CDATA[Ryan Gosling gushes over Eva Mendes in adorable Golden Globes speech  https://t.co/Keg0AAv6Ou]]></document>
		<document><![CDATA[The Golden Globes red carpet  https://t.co/V9RVQUnz55]]></document>
		<document><![CDATA[Behind the scenes. Celebrity beauty at the Golden Globes #9Honey
https://t.co/XKTgvgd8c6]]></document>
		<document><![CDATA[Photographer captures beauty of abandoned homes above the Arctic Circle  https://t.co/nw3dReBHoI]]></document>
		<document><![CDATA[Job offers flood in for new father fired for attending son's birth https://t.co/IeU0p6TqsK]]></document>
		<document><![CDATA[An open letter to my ex's new girlfriend https://t.co/F3EVQOJcFc]]></document>
		<document><![CDATA[Mum hides from her kids in pantry but they peek under door  https://t.co/FvZ134WxKw]]></document>
		<document><![CDATA[Clever cover https://t.co/OMupfjUUP7]]></document>
		<document><![CDATA[Chloe gets a new designer as Clare Waight Keller leaves  https://t.co/88ZNjO8PfM]]></document>
		<document><![CDATA[Return of the 73-year-old supermodel. The beautiful Charlotte Rampling  https://t.co/NBIehPWTvg]]></document>
		<document><![CDATA[Hey, scorned women are not 'crazy' they're just really p****d off at you https://t.co/YVwIC1vysg]]></document>
		<document><![CDATA[Brides are obsessed with these cable knit cakes https://t.co/2L8kot8wot]]></document>
		<document><![CDATA[CSIRO identifies the secret to diet success, for anyone https://t.co/DDiwyVTukB]]></document>
		<document><![CDATA[Three signs your social media addiction is as bad as a drug problem https://t.co/HbBXsuhPfE]]></document>
		<document><![CDATA[Declutter now: the scientific reasons turfing your junk will give you a boost https://t.co/W66ii141u3]]></document>
		<document><![CDATA[Designers - It's time to give up skinny jeans https://t.co/KawgFl9AFp]]></document>
		<document><![CDATA[The office birthday cake may soon be a thing of the past https://t.co/Wy4VmxC32N]]></document>
		<document><![CDATA[According to mums: The 30 things you need to do before you have a baby https://t.co/ZbmRXbKWJa]]></document>
		<document><![CDATA[Don't put it in the fridge, Fruit and vegetable storage tips from IGA's expert https://t.co/3epE7NiY9f]]></document>
		<document><![CDATA[The evolution of Dame Anna Wintour https://t.co/iBKArEP0gi]]></document>
		<document><![CDATA[Damn. I had my heart set on a double for Matt Renshaw 
https://t.co/NuRilLK0wo]]></document>
		<document><![CDATA[Cheats guide. The seven Aussie cricketers you need to know NOW https://t.co/NuRilLK0wo]]></document>
		<document><![CDATA[The award-nominated films you need to watch now #Lion https://t.co/lcKk4ufEd8]]></document>
		<document><![CDATA[How great would it to be at the SCG right now. #AUSvPAK #Renshaw]]></document>
		<document><![CDATA[Inside Tokyo's lavish 'Hello Kitty' hotel suites https://t.co/rRtJuAvuFq]]></document>
		<document><![CDATA[Here's why it's time to stick to that resolution. The calories in your  wine glass.. https://t.co/NwrZend9Vj]]></document>
		<document><![CDATA[Wendi Deng-Murdoch's handsome new man. Just 27 years difference https://t.co/XSGZk1chYL]]></document>
		<document><![CDATA[Meet the twins who were born in different years https://t.co/nniHDhHrM2]]></document>
		<document><![CDATA[Photographer's incredible time-lapse tour of Iceland will fuel your wanderlust https://t.co/ucgD0QOwz6]]></document>
		<document><![CDATA[Virgin passengers stuck in 'world's longest check-in line' at Sydney airport https://t.co/5RPrAczIIo]]></document>
		<document><![CDATA[Get the La La Land look  https://t.co/N8S0Wb01XX]]></document>
		<document><![CDATA[How to wear the color of 2017. #Goinggreen https://t.co/sQPu22pm7T]]></document>
		<document><![CDATA[Your New Year's fashion resolutions https://t.co/25fMIBGLxV]]></document>
		<document><![CDATA[People are sharing George Michael’s kindest acts of generosity https://t.co/cDpavzMA4u]]></document>
		<document><![CDATA[This three-year-old has the best reaction to being adopted @adoptchange https://t.co/ZDyrlNwEan]]></document>
	</documents>
</author>