<author lang="en">
	<documents>
		<document><![CDATA[@LSHennessy we'd have to enormously invest in our knowledge economy]]></document>
		<document><![CDATA[@LSHennessy poaching talent an excellent idea, but then there aren't enough good jobs in science, academia even for Australians]]></document>
		<document><![CDATA[so no legal advice obtained from US government lawyers .... https://t.co/3hv635Izvt]]></document>
		<document><![CDATA[@LSHennessy 2/2 holding perpetrators ultimately accountable for any war crimes committed though - a different matter entirely.]]></document>
		<document><![CDATA[@LSHennessy 1 of 2 Yes many friends saying this. The war distressing but such comments breathtakingly ignorant of power constraints.]]></document>
		<document><![CDATA[Wow. Yes. Maximum respect https://t.co/ScYT9vSlWj]]></document>
		<document><![CDATA[@LaTrioli Not to say Aleppo not devastating - and understand the sentiment!]]></document>
		<document><![CDATA[@LaTrioli Hmm not sure it is a reasonable point - diplomacy has from Ancient Greek times often failed, and yet our only hope.]]></document>
		<document><![CDATA[@LSHennessy right to protest fundamental  - but parliament only sacred place in our secular society - to shut it down is to reject democracy]]></document>
		<document><![CDATA[@LSHennessy yes, and hence the dilemma about framing the tone of one's response ... it really is that bad]]></document>
		<document><![CDATA[@LSHennessy massive difference between challenging legitimacy v protesting. https://t.co/IhPW5OyVsw]]></document>
		<document><![CDATA[The red hats, a uniform. Reminds of black shirts #USADecides]]></document>
		<document><![CDATA[Unprecedented?? #USElection  https://t.co/8UoZBjN40E]]></document>
		<document><![CDATA[@LSHennessy yeah, but you know my historical ambivalence re the genre - not current, if good I'll watch!]]></document>
		<document><![CDATA[@LSHennessy any in particular?]]></document>
		<document><![CDATA[@LSHennessy @AustFiction HRC *should* win, but none of this will go away. The hard right is ascending and it is not going to go away.]]></document>
		<document><![CDATA[@LSHennessy some interesting if frightening analysis in here https://t.co/zjQ8OK6ayS]]></document>
		<document><![CDATA[All this talk on my feed about smashed avocado on toast and home owners - I must have missed something #auspol #smashedavo #befuddled]]></document>
		<document><![CDATA[@LSHennessy that's what happens when you have an electoral system where name recognition within parties is so important!]]></document>
		<document><![CDATA[@LSHennessy plus women make up the majority of voters. I think this is likely to be the moment it was all over]]></document>
		<document><![CDATA[@LSHennessy *on another scale]]></document>
		<document><![CDATA[@LSHennessy this is an another scale because the comments were private - all the other have been public and be "justified" as performance]]></document>
		<document><![CDATA[@ariadne_syd @nicktmanchester yes, exactly. Thanks for the tip!]]></document>
		<document><![CDATA[Interesting news - we wait to see the implications https://t.co/3un1t7BHZZ]]></document>
		<document><![CDATA[@nicktmanchester thanks. @ariadne_syd - any suggestions? Preferably Melb based? Cheers]]></document>
		<document><![CDATA[@nicktmanchester cheers will send msg with that info]]></document>
		<document><![CDATA[@nicktmanchester yes, indeed. Although very interested in the rhetoric of the other side. Searching around for good australian supervisors]]></document>
		<document><![CDATA[@nicktmanchester thank you! Interested in postgrad analysis using australian case studies]]></document>
		<document><![CDATA[@nicktmanchester so if u had to recommend a single text to distill the notion of why we should study political rhetoric...?]]></document>
		<document><![CDATA[@JaneCaro the very idea of listening to men debate what women should do with their bodies distressing!]]></document>
		<document><![CDATA[@LSHennessy I never got to watch that whole series - must seek it out]]></document>
		<document><![CDATA[@LSHennessy @CathyYoung63 not convincing. If writing is bad or stereotypes then criticise it - fair game. But writers must be free to write!]]></document>
		<document><![CDATA[@LSHennessy @CathyYoung63 I am sure they would argue that a cancer victim hasn't experienced oppression but....]]></document>
		<document><![CDATA[@LSHennessy @CathyYoung63 I often am sympathetic to identity politics but it seems to have taken an odd and disturbing turn ...]]></document>
		<document><![CDATA[@LSHennessy (2) of (2) but the very essence of fiction is to step in the world of others. This can  be done well/badly and may b criticised]]></document>
		<document><![CDATA[@LSHennessy (1) of (2) the logical but absurd conclusion of shriver's critics is if u r not of that race  u cannot write such a character]]></document>
		<document><![CDATA[@annabelcrabb epic effort]]></document>
		<document><![CDATA[Calling for gender equality in the organisation you lead is not being politicised - it's stating the need for the flipping obvious #thedrum]]></document>
		<document><![CDATA[To my dear friend Sarah Day - you are the show's clever comic who loves pink #RevolutionSchool]]></document>
		<document><![CDATA[He got the word "fair" in #auspol]]></document>
		<document><![CDATA[Very engaging conversation with  Sarah Ferguson and Lenore Taylor this evening at the ANU #killingseason #auspol @FergusonNews @lenoretaylor]]></document>
		<document><![CDATA[@Chat10Looks3 oh my, no cigar for an age, then a gloriously guilt inducing 122 minutes. I'll have to tear away from senate shenanigans....]]></document>
		<document><![CDATA[@Chat10Looks3 Ferrante novels straight to best books ever, only equalled by Moorhouse's Grand Days Trilogy!! Most feminist books I have read]]></document>
		<document><![CDATA[@mashagessen a shame the questions you got yesterday at #allaboutwomen didn't flow more naturally - but thank you for your candidness]]></document>
		<document><![CDATA[Woohoo - finally!  https://t.co/vjUKIBUCZz]]></document>
		<document><![CDATA[Already reading 'unfinished business' after listening to Anne-Marie Slaughter talking about revaluing care #AllAboutWomen]]></document>
		<document><![CDATA[Returned home to Canberra last night with much to think about. A fantastic line up and such an inspiring day #AllAboutWomen]]></document>
		<document><![CDATA[@TheAusInstitute After politics in the pub last night, watching #thedrum with concept of Econobabble in mind - came across strong examples!]]></document>
		<document><![CDATA[@iMusing @OzEquitist no u understand he was a refugee and is now working in refugee law. Not aware if he also does criminal work]]></document>
		<document><![CDATA[Deng was a child soldier and is now a refugee lawyer? We are talking about children here #thedrum]]></document>
		<document><![CDATA[@LSHennessy this on Wednesday? https://t.co/obwAnwb2Nl]]></document>
		<document><![CDATA[@thedubfeminist me too! I can't wait to read the next! Also love the way the novels capture Naples and skewer Italy's patriarchy! #ferrante]]></document>
		<document><![CDATA[I can’t remember the last time since I’ve read such utterly compelling and feminist texts #elenaferrante #StoryofaNewName #Mybrilliantfriend]]></document>
		<document><![CDATA[Thoughtfully and sensitively done #TheDanishGirl]]></document>
		<document><![CDATA[Loot today - great Canberra growing season I think: https://t.co/8HMEycUFGi]]></document>
		<document><![CDATA[Unputdownable - there goes much of my Saturday... #TheStoryOfaNewName  #ElenaFerrante]]></document>
		<document><![CDATA[#mybrilliantfriend  by #ElenaFerrante one of the best books I have read in a long time - truly a magnificent piece of art]]></document>
		<document><![CDATA[@annabelcrabb - tart recipe is spot on- 1st attempt from #SpecialDelivery - tomatoes  tarragon picked from garden. https://t.co/rFrEer7Hqj]]></document>
		<document><![CDATA[Productive for whom? #productivitycommission #penaltyrates]]></document>
		<document><![CDATA[Truly shocking episode of #foreigncorrespondent #BlackLivesMatter]]></document>
		<document><![CDATA[#kitchencabinet Annabel's critics take note - you can be polite and obtain real psychological insights but still not take it lying down!]]></document>
		<document><![CDATA[Where on earth is Ms Crabb's artwork from? Love it  #kitchencabinet]]></document>
		<document><![CDATA[@annabelcrabb @ABCTV wow that Edna painting caused a double take]]></document>
		<document><![CDATA[Very powerful #foreigncorrespondent tonight #ABCTV]]></document>
		<document><![CDATA[@JuliaMHur @Chat10Looks3 @annabelcrabb @leighsales impatient for the next!!]]></document>
		<document><![CDATA[Rule by the public without the rule of law is rule tyranny by majority - old news I thought? Apparently not #qanda]]></document>
		<document><![CDATA[Loving the legally literate #Qanda]]></document>
		<document><![CDATA[How can citizenship be the bedrock of belonging to the nation and simultaneously be subject to arbitrary deprivation by a minister? #qanda]]></document>
		<document><![CDATA[No one is talking about the complete disregard for hundreds of years of Citizenship theory. Hello, the enlightenment? #qanda]]></document>
		<document><![CDATA[In these times of terror the risks of no bill of rights are evident! #qanda]]></document>
		<document><![CDATA[@Chat10Looks3 look forward to hearing your thoughts on mad men finale. Elf make my year if u then watched &amp; discussed 'Bob&amp;Carol&amp;Ted&amp;Alice']]></document>
		<document><![CDATA[@annabelcrabb I feel Novak's article in today's AGE on gender gap being due to women's choices not discrimination is begging for your reply]]></document>
		<document><![CDATA[@JaneCaro @PatsKarvelas @MiriamCosic @johnsalmond @TheKouk  so fighting unearned privilege never stupid. Reports on Malcolm's worth, diff q]]></document>
		<document><![CDATA[So about that discussion on domestic violence... #auspol]]></document>
		<document><![CDATA[@JaneCaro @PatsKarvelas @MiriamCosic @johnsalmond @TheKouk &amp;given disparities in wealth between rich and poor warfare perhaps most top down?]]></document>
		<document><![CDATA[@JaneCaro @PatsKarvelas @MiriamCosic @johnsalmond @TheKouk but politics always works best when parties reach across divide - eg 80s Accord]]></document>
		<document><![CDATA[@JaneCaro @PatsKarvelas @MiriamCosic @johnsalmond @TheKouk isn't who gets what the most fundamental question of politics?]]></document>
		<document><![CDATA[Congratulations Rosie Batty. You are extraordinary #AustralianoftheYear]]></document>
		<document><![CDATA[@ABarrMLA food for thought? http://t.co/WgMAmKtU4R]]></document>
		<document><![CDATA[@rubyhamad But the state should never have such a power over its citizens]]></document>
		<document><![CDATA[@rubyhamad I've just finished reading de Beauvoir's book - the blood of others, deals with this very issue. Well worth a read.]]></document>
		<document><![CDATA[@rubyhamad 2/2 what of self defence? What of the French resistance fighters in ww2? Allies facing prospect of Fascist Europe? Not justified?]]></document>
		<document><![CDATA[@rubyhamad 1/2 agree re capital punishment. Violence is detestable. But do u really believe it is so categorical?]]></document>
		<document><![CDATA[Relaxed gun laws makes a safer society? That is the craziest thing I've heard all year #Sydneyseige]]></document>
		<document><![CDATA[Really frustrating listening to all the misinformed discussion of bail laws, particularly on facebook #Sydneyseige]]></document>
		<document><![CDATA[Very learned http://t.co/x8EXYIoO0L]]></document>
		<document><![CDATA[@womankindmag issue one referenced a Simone de Beauvoir doco - where can I find it?]]></document>
		<document><![CDATA[@womankindmag when I can i get my fingers on issue 2 in my newsagents?]]></document>
		<document><![CDATA[@JaneCaro can't believe your comments are causing controversy. Old feminist insight. Still applicable in any marriage sans equality &amp; agency]]></document>
		<document><![CDATA[@frednile That is an offensive mischaracterisation of @janecaro comments]]></document>
		<document><![CDATA[: #qanda of course kids will do better when surrounded by positive relationships. Can't understand why marriage is required!]]></document>
		<document><![CDATA[#qanda where is the dangerous idea? I hope it's not just a general claim to equality??]]></document>
		<document><![CDATA[#qanda men need to rethink what it means to be a man. I only know a handful of truly reconstructed men who treat women truly as equals]]></document>
		<document><![CDATA[#qanda we don't need men. Equality is not in conflict with this. Not needing men is actually a precondition to equality.]]></document>
		<document><![CDATA[#qanda really? We are still debating ideas if natural difference? The 1970s were decades ago]]></document>
		<document><![CDATA[afternoon spent reading with joy @womankindmag from cover to cover. Oh how I have been waiting for you. My hero on the cover to boot.]]></document>
		<document><![CDATA[Shame on you Egyptian judiciary #Greste]]></document>
		<document><![CDATA[@LeslieCannold it is a fine line and great care by drafters required.]]></document>
		<document><![CDATA[@LeslieCannold 4. or vilification is nevertheless designed to single out/intimidate/denigrate someone on the basis of race.]]></document>
		<document><![CDATA[@LeslieCannold 3. But would hate to see a situation where people can freely abuse others with language that although not hate speech]]></document>
	</documents>
</author>