<author lang="en">
	<documents>
		<document><![CDATA[ACLU racks up $24.1 million in donations over weekend https://t.co/lT2HnUhZ8R]]></document>
		<document><![CDATA[Bill Nye: Can We Stop Telling Women What to Do With Their Bodies?  - Video https://t.co/VVgtQPljb4 #womensrightsarehumanrights]]></document>
		<document><![CDATA[Kudos to @mcgregor_ewan! Thank you for your support! #WomansMarch https://t.co/3g0rZL0jbT]]></document>
		<document><![CDATA[To women still questioning motivation of marches: “You Are Not Equal. I’m Sorry.” by @dleygerman https://t.co/icjXEEHjO5  #WomensMarch]]></document>
		<document><![CDATA[Don’t Let Anybody Tell You the Marches Didn’t Matter https://t.co/0ecx4buG0l via @intelligencer]]></document>
		<document><![CDATA[No questions about that catch Dez! Let's go Cowboys!! #cowboysvspackers #DezCaughtIt #LetsGoCowboys]]></document>
		<document><![CDATA[Happy New Year everyone!

https://t.co/o4CC4w4lnu via @youtube]]></document>
		<document><![CDATA[So sad about #CarrieFisher passing. She will forever be in my heart. What a great loss.]]></document>
		<document><![CDATA[Looking forward to seeing this movie, #Hiddenfigures
https://t.co/mAJ4xGyPCr]]></document>
		<document><![CDATA[RIP #JohnGlenn--brave American aviator, engineer, astronaut, and senator.]]></document>
		<document><![CDATA[RIP #FlorenceHenderson, my favourite TV mom growing up. Thank you for filling us up with sunshine. https://t.co/Aw8mGfQsoi]]></document>
		<document><![CDATA[Excuse me while I'm glued to my TV for a couple days. #GilmoreGirlsRevival is up on Netflix.]]></document>
		<document><![CDATA[This breaks my heart. I enjoyed visiting these seals in 2010. https://t.co/KzAlLZlIbN]]></document>
		<document><![CDATA[Felt so many aftershocks at this point I can no longer tell if the ground is shaking or if I'm just delirious from lack of sleep. #eqnz]]></document>
		<document><![CDATA[@Alex_Carlton yes my family is safe. First drove up hill to Melrose. Now heading to a friend's house for the night.]]></document>
		<document><![CDATA[Never seen so many cars driving in Lyall Bay at 2am. #eqnz #lyallbay]]></document>
		<document><![CDATA[Time for Trump to speak out https://t.co/sqzPJeRNsu]]></document>
		<document><![CDATA[NZ immigration site visits up 2500% after US election https://t.co/oqz2biIkW5]]></document>
		<document><![CDATA[Newspaper in Wellington, NZ expresses the way I feel right now. https://t.co/12h7lDBF5A]]></document>
		<document><![CDATA[@TaikaWaititi https://t.co/sU4rWrXPQo I've used them several times. Good luck!]]></document>
		<document><![CDATA[@nobleandrews I'm eligible for NZ citizenship in Feb. I'm applying for sure. So disheartened by my homeland right now.]]></document>
		<document><![CDATA[I was giddy w/ excitement seeing @kharypayton debut as #KingEzekiel  on #TWD. Love when good souls have Hollywood success! #TeamKharyP]]></document>
		<document><![CDATA[USA TODAY's Editorial Board: Trump is 'unfit for the presidency'.                 https://t.co/3isaar3sSx]]></document>
		<document><![CDATA[@jerryin3d my husband is obsessed with photos of naked Trump statues, WTF?]]></document>
		<document><![CDATA[So disappointed in @NBCSports Olympics coverage. So many bugs with app and replay videos. Not good enough!]]></document>
		<document><![CDATA[Renae De Liz Shares Short Guide for Artists on How to De-Objectify Female Characters https://t.co/JDVW2ZXydy via @pastemagazine]]></document>
		<document><![CDATA[To (shockingly) quote NRA "Our right to keep and bear arms is not based on the color of our skin.” #PhilandoCastile  https://t.co/fJmPcS2VHZ]]></document>
		<document><![CDATA[Stay strong and #holdthefloor @repjohnlewis and #HouseDems. You have our support. #NoBillNoBreak  https://t.co/zl5eM4UCnt]]></document>
		<document><![CDATA[A huge international study of gun control finds strong evidence that it actually works https://t.co/f9xuUOR4Kf via @voxdotcom]]></document>
		<document><![CDATA[This new 'sexual consent and tea' video from the police is brilliant https://t.co/HQJzyf84B3 via @MetroUK]]></document>
		<document><![CDATA[Pet peeve: people who have the sound for their cell phone keyboard turned on. Loud. And keep typing nonstop in public. Just stop it!]]></document>
		<document><![CDATA[Yes. THIS. But change 30's to late 30's/early 40's for me.
This Stage of Life? It's Hard. https://t.co/Mh4QgAK6iw via @austinmomsblog]]></document>
		<document><![CDATA[Gotta love texting...
Key &amp; Peele - Text Message Confusion - Uncensored https://t.co/a1vTdzdtUc via @YouTube]]></document>
		<document><![CDATA[My amazing friend #RyannFord is making a big splash! Check out her photo book
Rest stops: A dying slice of Americana https://t.co/Zj16zmwV09]]></document>
		<document><![CDATA[Welly's wind is howling yet again. Metservice says currently 70km/h wind with 146km/h gusts. Careful out there, &amp; tie everything down!]]></document>
		<document><![CDATA[James Corden crack me up every time:
Alanis Morissette Updates 'Ironic' Lyrics https://t.co/gYVcqaBAwH via @YouTube]]></document>
		<document><![CDATA[Parents, let's break this cycle and give our daughters confidence to stand up for themselves: https://t.co/aM6Ffqsvwz via @evrydayfeminism]]></document>
		<document><![CDATA[Omg, Prince! I'm at a loss for words right now. In shock. RIP Prince, your legend will be with us forever.]]></document>
		<document><![CDATA[RIP Doris Roberts. 
Doris Roberts, mom on 'Everybody Loves Raymond,' dies at age 90 https://t.co/JzH5T0RAnx]]></document>
		<document><![CDATA[It's "Finding Inky!" I wonder if he reunited with his dad...
Escape of octopus Inky makes a splash worldwide https://t.co/JwwY8o7T0M]]></document>
		<document><![CDATA[@jerryin3d yay for hump day, boo for uphill. Your family will be there soon to distract you. 😊]]></document>
		<document><![CDATA[Merle Haggard, country music legend, dies at 79 https://t.co/6r2cSfmPAa]]></document>
		<document><![CDATA[Chance photo captures meteor's spectacular display https://t.co/Le5eeV6cwh]]></document>
		<document><![CDATA[RIP Lanky the pelican. We'll miss visiting you!
NZ's Only Pelican Dies At Wellington Zoo: https://t.co/OQ1AjDcbK5]]></document>
		<document><![CDATA[15 things no one told me about living in New Zealand https://t.co/KJr8Ysz6CE]]></document>
		<document><![CDATA[Never imagined I'd ride a mechanical bull in New Zealand, but I did. Yes...in an American themed bar. Fun but surreal night. #DakotaBar]]></document>
		<document><![CDATA[Easter bunny photos with your kids are creepy. Please stop torturing your kids. There, I said it. #EasterBunny #pleasestop]]></document>
		<document><![CDATA[Louis C.K. Goes Off on Trump, Calls Him an "Insane Bigot" https://t.co/sSEEKWwLs4 via @complexAU]]></document>
		<document><![CDATA[Via @NPR: Scientists Discover 'Remarkable Little Octopod,' Possibly New Species https://t.co/oGJ7JfSxig]]></document>
		<document><![CDATA[10 Amazing Photos Taken By Scott Kelly On His Year In Space https://t.co/OG1XbKl1hV]]></document>
		<document><![CDATA[For moms out there that are "hanging in there," I feel your pain.
i forgot how to be the happy mom https://t.co/ChsSgvQ6ak via @finding_joy]]></document>
		<document><![CDATA[Hey Netflix, why can't we watch House of Cards? https://t.co/NY5sv22nEN via @nzherald]]></document>
		<document><![CDATA[10 Amazing Photos Taken By Scott Kelly On His Year In Space https://t.co/OG1XbKl1hV]]></document>
		<document><![CDATA[A huge international study of gun control finds strong evidence that it actually works https://t.co/f9xuUOR4Kf via @voxdotcom]]></document>
		<document><![CDATA[Donald Trump is not fit to be president of the United States https://t.co/mLEgUKDtFJ]]></document>
		<document><![CDATA[Would love to see more Asian lead roles in movies and TV! The time is now. https://t.co/KTBUz7g55h]]></document>
		<document><![CDATA[@regina72 Yep. She is now our pet. Kids named her Angel!]]></document>
		<document><![CDATA[New Alzheimer’s treatment fully restores memory function https://t.co/yJiwuz0Zxp #via @ScienceAlert]]></document>
		<document><![CDATA[Fiji bracing for direct hit from Tropical Cyclone Winston https://t.co/W3SnVb73k8]]></document>
		<document><![CDATA[Sia Belts Her Hits With James Corden for 'Carpool Karaoke' https://t.co/zb6lreRTdc via thr]]></document>
		<document><![CDATA[@jerryin3d, watch out for flying darts!
On Golden Gate Bridge, pedestrians struck by blow darts @CNNI https://t.co/Fk6H4cTQXP]]></document>
		<document><![CDATA[150,000 penguins perish after giant iceberg traps colony @CNNI https://t.co/mTM2iHVsC5]]></document>
		<document><![CDATA[This bird flew onto my front door. Someone's lost pet? Wanted to come inside. #LyallBay https://t.co/WfEN2T5oHQ]]></document>
		<document><![CDATA[Bowie Street sign ch-ch-changed to honor David Bowie in Downtown Austin https://t.co/FmJe4clOgJ]]></document>
		<document><![CDATA[So sad to say goodbye to one of my favourite actors. #RIPAlanRickman, your amazing voice will haunt me forever.]]></document>
		<document><![CDATA[Alan Rickman, giant of British screen and stage, dies at 69 | Film | The Guardian https://t.co/AeWzunsx3Q]]></document>
		<document><![CDATA[One of the many reasons I don't like guns...
Prosecutor: Ohio dad mistakenly killed son, won't be charged https://t.co/WeAgezHaAz]]></document>
		<document><![CDATA[A step in the right direction...Skinny French models must have doctor's note https://t.co/6TAATYA57Q]]></document>
		<document><![CDATA[If you're awake go outside and watch the Geminid meteor shower. Seriously. I'm talking to you NZ! Very good show tonight.]]></document>
		<document><![CDATA[I'm not Muslim, but I do support the right to freedom of religion and cultural differences.  https://t.co/APUCu2szjo]]></document>
		<document><![CDATA[Felt that! https://t.co/udGCmOPDFP]]></document>
		<document><![CDATA[Gorgeous day in Wellington, today...view from the International Space Station http://t.co/0UBm2xDVPL via @ianapperley]]></document>
		<document><![CDATA[Check out my #PeanutsMovie character http://t.co/wj24pYbHg2]]></document>
		<document><![CDATA[What an inspiration for young girls!
CNN: Misty Copeland is first black principal dancer at American Ballet Theatre http://t.co/Nw449tM6gu]]></document>
		<document><![CDATA[Hey inconsiderate person setting off fireworks in #LyallBay from 4-5am this morning - thanks for waking up the neighborhood!]]></document>
		<document><![CDATA[Happy to present my new macro photography series, a tribute to the NZ fern. http://t.co/eGJp0ku9DX http://t.co/CYZoAu4vo8]]></document>
		<document><![CDATA[I've heard more thunder today than I have in the whole 5 1/2 years I've lived in Wellington. Crazy!]]></document>
		<document><![CDATA[Saw this lovely Australian family film today. Inspirational, and my kids loved it! 
Paper Planes (2014)
#IMDb
 http://t.co/jTtSMsBRXX]]></document>
		<document><![CDATA[Lots of these beautiful Spirula Spirula on  Lyall Bay Beach today. Yet another day of lovely surprises in #LyallBay. http://t.co/JtGQ30B2sr]]></document>
		<document><![CDATA[Just exchanged waves with #PrinceHarry as his procession drove down my street. Just another day full of surprises in #LyallBay.]]></document>
		<document><![CDATA[@jerryin3d Cool. Actually she was my brother's classmate, but I'm a fan and thrilled for her!]]></document>
		<document><![CDATA[Chatted w/#BryceDallasHoward at AKL airport.Too busy looking for bus to recognise her. She's down to earth and lovely. She gained a new fan!]]></document>
		<document><![CDATA[NASA nave have accidentally discovered a warp drive.  http://t.co/M5iYbj6kBU]]></document>
		<document><![CDATA[@Okewarainwear nice shot! What night was this?]]></document>
		<document><![CDATA[Wellington drivers, please learn the current driving rules. Stop waving at me telling me to turn in front of you! It's your right of way!]]></document>
		<document><![CDATA[SMU game left me stunned. Good game Mustangs, see you again next year! #MarchMadness #SMUbasketball]]></document>
		<document><![CDATA[Loving SMU's energy right now. Keep it up SMU!! #MarchMadness]]></document>
		<document><![CDATA[SMU coming back! Let's go ponies!!]]></document>
		<document><![CDATA[GO MUSTANGS!!! #SMUbasketball #MarchMadness]]></document>
		<document><![CDATA[Vodafone Internet service out AGAIN in Lyall Bay. Maybe it's time to switch providers? #vodafone #unhappycustomer]]></document>
		<document><![CDATA[Bush fire in Lyall Bay. Will smoke affect the children at Lyall Bay School? Concerned parent. #LyallBay]]></document>
		<document><![CDATA[Whoa, I'm used to seeing seaweed in Lyall Bay, but this evening we had quite a big load! #LyallBay http://t.co/lq659IPbHR]]></document>
		<document><![CDATA[@jerryin3d Congrats on working on yet another award-winning movie! Dawn of the Planet of the Apes won big tonight! So proud. #VESawards]]></document>
		<document><![CDATA[Good luck to everyone at the #VESAwards tonight! Fingers crossed for @wetafx and @Volksfrei!]]></document>
		<document><![CDATA[Could this be the year the #VFX #Predictinator will be wrong? Close race! I’m still pulling for Apes 2 ftw! http://t.co/h5lEO2GDbR]]></document>
		<document><![CDATA[@jerryin3d enjoying his Caesar cocktail. #cactusclubcafe http://t.co/BC16wp0kkQ]]></document>
		<document><![CDATA[Join me at the opening reception of the art exhibition 12+ tonight @ http://t.co/EDIEX1X8k8. 176 Victoria St.#artshow http://t.co/t625vMMAwp]]></document>
		<document><![CDATA[Lots of squishees washed up at Lyall Bay beach this evening! http://t.co/sZyg6scVo4]]></document>
		<document><![CDATA[A Republican won the Texas state governor race?  Shocker. #Election2014]]></document>
		<document><![CDATA[One of my Moeraki Boulders photos featured by the NZ Art Show:
Guide For Artists - - NZ Art Show: http://t.co/efH9lGuA5B]]></document>
	</documents>
</author>