<author lang="en">
	<documents>
		<document><![CDATA[@invest_debate would not attempt to predict which way the president is going on even issues he's talked about before.]]></document>
		<document><![CDATA[My behavioral Econ students should take note https://t.co/4pQV7sUOYP]]></document>
		<document><![CDATA[Some press caught saying there was 90-some % chance Atlanta would win after end of 3rd Q. Sound familiar?? #SuperBowl2017 like #election2016]]></document>
		<document><![CDATA[Trump's isolationist policies are bad enough for our economy. Presented in his bullying manner is especially deadly… https://t.co/O6cyORHgnI]]></document>
		<document><![CDATA[Our economy and society need immigrant workers, even more over next 10-15 yrs @BSchaitkinTCB @GadLevanon… https://t.co/zBhQjoqIlN]]></document>
		<document><![CDATA[Shocking that a POTUS would say this https://t.co/23AmWGrTVC]]></document>
		<document><![CDATA[Wrong #AlecBaldwin I tagged--sorry! https://t.co/8QlTsSjubK]]></document>
		<document><![CDATA[OMG I think @melissamccarthy as #seanspicer on @nbcsnl is even more awesome than @AlecBaldwin as #Trump. Anyone else catch it just now??]]></document>
		<document><![CDATA[Straight from our so-called president's mouth https://t.co/qutfrvidiU]]></document>
		<document><![CDATA[Seems like this is likely to go all the way to the Supreme Court, yes?? https://t.co/dSULxHkRAU]]></document>
		<document><![CDATA[A lot more to the labor market than the headline numbers in jobs report; my column w/ @GadLevanon @Conferenceboard https://t.co/jqoVnqEMWg]]></document>
		<document><![CDATA[And taking account behavioral effects it's very likely making us less safe https://t.co/0eRhs8LiA6]]></document>
		<document><![CDATA[@AnjelicaTan thanks for running the op-ed today!]]></document>
		<document><![CDATA[haha, I think you are right, @BruceBartlett https://t.co/Gmk3mQ46YW]]></document>
		<document><![CDATA[3 things the jobs report doesn't tell us about the U.S. economy https://t.co/B7y7iS7rOD]]></document>
		<document><![CDATA[So I just saw on the TV screen here at @Conferenceboard that the President is "very happy" about the jobs report. https://t.co/8m5Kq5ISKy]]></document>
		<document><![CDATA[Wages barely went up, while unemployment increased for HS grads and 16-19 yr olds--but so did participation. And for those w/ &lt;HS, U fell.]]></document>
		<document><![CDATA[It's interesting (difficult) trying to see/tease out effect of min wage hikes in today's jobs report. https://t.co/lZtWttU7JX via @WSJ]]></document>
		<document><![CDATA[So how will Trump talk about BLS jobs numbers now, now that they're "his" numbers and exceeded economists' expectations?]]></document>
		<document><![CDATA[January Jobs Report – high-level view of the high-level numbers https://t.co/peYNIVNqg3 via @WSJ]]></document>
		<document><![CDATA[In tight labor market, small U.S. manufacturers are spending more to find/train workers https://t.co/hH7UsjCxWX via @WSJ]]></document>
		<document><![CDATA[@grace_rog what do you know about this?? Thanks @airlievh for passing along https://t.co/YYilvNU3Ej]]></document>
		<document><![CDATA[Tom Friedman: A Concerned Citizen’s Plea to America’s Business Leaders https://t.co/8GHdWNlbrz @Conferenceboard @CEDupdate]]></document>
		<document><![CDATA[Oh yeah because #TheresaMay (#TheresaTheAppeaser) held #DonaldTrump's hand, for one https://t.co/SzkavOiRIq]]></document>
		<document><![CDATA[How is it that the default isn't that all the world is orange/just because https://t.co/EGfG96xjwl]]></document>
		<document><![CDATA[Yes please https://t.co/vG0y9Yv8sf]]></document>
		<document><![CDATA[If we can't do a do-over then can we do a swap??? https://t.co/I2oJpIk1mf]]></document>
		<document><![CDATA[Never mind the optics, Theresa May’s US dash was mortifying https://t.co/ojTdZJSjtD]]></document>
		<document><![CDATA[Well, you go, girl! @crampell is clearly not afraid of President Trump or hurting his feelings...ZING! https://t.co/gDZJemxg5b]]></document>
		<document><![CDATA[I swear I am not a shareholder/partner in this business. (Only wish I was.) https://t.co/qjaoHgqSYR]]></document>
		<document><![CDATA[I've been inadvertently advertising these mugs after my Instagram post this morning. (Look up "House of Joiwind" on… https://t.co/iJTPk95Muz]]></document>
		<document><![CDATA[This from @LindseyGrahamSC impresses me https://t.co/DZFjavc99x]]></document>
		<document><![CDATA[If President Trump is so sure there was so much fraud in the election, let's have a do-over.]]></document>
		<document><![CDATA[But @SpeakerRyan how is that due to #ACA and how will the GOP/TrumpCare replacement do better and cost less? That's… https://t.co/PqEJ7Ah4t2]]></document>
		<document><![CDATA[Yes, we all pay our taxes and aren't afraid to show it. #showusyourtaxes #PresidentTrump #civilizedsociety https://t.co/YByu84fEs6]]></document>
		<document><![CDATA[.@ObsoleteDogma that is such a good and frightening point https://t.co/foQ4oE3uGl]]></document>
		<document><![CDATA[Wow -- water has overtaken soda! Good for the beverage companies (that they can make money selling H2O), and good f… https://t.co/wMmdf9Oi6a]]></document>
		<document><![CDATA[Wow. This is what Trump voters said when asked to compare his inauguration crowd with Obama's https://t.co/HaPrRQ2Q73]]></document>
		<document><![CDATA[The Daily 202: 11 stories from President Trump’s first 100 hours that deserve more attention https://t.co/cszeF1sRzp]]></document>
		<document><![CDATA[@aallington I heard that! Plus I've been trying to learn what we call this form of government we haven't seen before.]]></document>
		<document><![CDATA[Frankly I'm feeling the need to debunk my own Twitter bio claim that I don't teach yoga and economics at the same time.]]></document>
		<document><![CDATA[Building walls is not just hateful. It's self-destructing. Diversity is our strength--as an economy and as a society.]]></document>
		<document><![CDATA[Trump's "us vs. them" "zero-sum game" world view is all wrong. Immigrants &amp; natives work better together. https://t.co/6jMwHXrprK]]></document>
		<document><![CDATA[Trump to sign executive orders enabling construction of proposed border wall and targeting sanctuary cities https://t.co/6jMwHXrprK]]></document>
		<document><![CDATA[I think the other daily news just drowns this issue out, frankly. https://t.co/fPTr02Viqu]]></document>
		<document><![CDATA[Nope, @mattyglesias, the @ConcordC @BudgetHawks @pgpfoundation are still around and paying attention. Tax cuts will… https://t.co/A8vZjYdGn3]]></document>
		<document><![CDATA[What the hell https://t.co/6B149CbJjJ]]></document>
		<document><![CDATA[Oh my. What is this form of government we are experiencing under Trump?? https://t.co/cbduVuMD5g]]></document>
		<document><![CDATA[Yes and these are also occupations facing worst and growing shortages where supply of native-born workers won't be… https://t.co/9HjcKCtaFf]]></document>
		<document><![CDATA[Good idea not just b/c of his ignorance but even more concerning his psychological instability. https://t.co/UcTvJekqO9]]></document>
		<document><![CDATA[Trump's isolationism starts within the WH walls apparently https://t.co/YG72dY4Bww via @variety]]></document>
		<document><![CDATA[Yes, but the point should be that we ordinary citizens disclose our finances routinely--why not President Trump?? https://t.co/K2DB9R2Z8R]]></document>
		<document><![CDATA[Yes, count me in! #showusyourtaxes #taxdaymarch #TrumpTaxes https://t.co/fiyuo4BZHn]]></document>
		<document><![CDATA[Following @HalfOnionInABag at my 18 yr old son's strong recommendation. Check it out. Levity is important these days.]]></document>
		<document><![CDATA[Yes, always start w/ "without evidence" or "under alternative--or alternative universe--facts" https://t.co/091Mn4trij]]></document>
		<document><![CDATA[Yes count me in. The "show us your taxes" or "Tax Truth and Transparency (and Trump)" march where we get to hold up… https://t.co/AXhNUUbank]]></document>
		<document><![CDATA[.@BizViewOnEd @CEDupdate: nice paper by @JoshuaSGoodman on intersection of education &amp; inequality policy spaces https://t.co/oCvbvPo18i]]></document>
		<document><![CDATA[@lenburman @RenuZ @howard_gleckman "I have a dream" for when people will be as proud to be taxpayers as women are proud to be women. 😉]]></document>
		<document><![CDATA[@lenburman @RenuZ @howard_gleckman hey, at a #showusyourtaxes march people could hold up their own tax returns instead of protest signs!]]></document>
		<document><![CDATA[Good shot of Independence Ave, main location for #WomensMarch rally rather than Mall (I didn't even realize people… https://t.co/4nZPM4XCSN]]></document>
		<document><![CDATA[@lenburman @RenuZ @howard_gleckman you mean a tax truth rally wouldn't get 500k people showing up??]]></document>
		<document><![CDATA[Sounds like it's time to start planning an April 15 (Tax Day) protest to demand greater transparency and honesty fr… https://t.co/A6PyYnz4fi]]></document>
		<document><![CDATA[Really, @CNN? https://t.co/gPj57cgsJK]]></document>
		<document><![CDATA[I suggest this is a job for @TaxPolicyCenter &amp; @CenterOnBudget to organize!  @lenburman @dashching @RenuZ… https://t.co/smnR9SMezs]]></document>
		<document><![CDATA[President #Trump's only response thus far to the #MarchOnWashington. Really. https://t.co/rQEtCrdacT]]></document>
		<document><![CDATA[Wow. And it's only Day 2. https://t.co/rQzhsR7dlW]]></document>
		<document><![CDATA[#WomensMarchOnWashington was amazing. Love will overcome hate, unity over divisiveness. 😍 https://t.co/NP6DS3nKk2]]></document>
		<document><![CDATA[Even in MI where Trump won https://t.co/fNL65beE6M]]></document>
		<document><![CDATA[Whoops we were already rogue marching by then @grace_rog https://t.co/culo4v46LW]]></document>
		<document><![CDATA[Mother Nature has spoken. Rain has started to fall here in the DC area. #crying #TrumpInauguration]]></document>
		<document><![CDATA[Had not seen/heard this until today so today was the most I've cried about the election. https://t.co/oUvyBFcqHH]]></document>
		<document><![CDATA[Nice gesture by the @washingtonpost: free online access through Saturday! https://t.co/Op39yKb7Ct]]></document>
		<document><![CDATA[Women's March On Washington is crowdrising for National March: https://t.co/z3KvoaCIn9]]></document>
		<document><![CDATA[@davidmwessel hoping you can speak about 1st 100 #trump days at CED's policy conf on 4/19--can you pls check your schedule and let me know??]]></document>
		<document><![CDATA[Why of course https://t.co/7RRGTREsG9]]></document>
		<document><![CDATA[Me and two of my three interns @CEDupdate for this semester. Swear I did not require them to coordinate their outfi… https://t.co/cNPKBxbyDv]]></document>
		<document><![CDATA[More than 40 Democratic lawmakers now skipping Trump's inauguration https://t.co/tuZ12eCaHv]]></document>
		<document><![CDATA[Oh boy @USCBO this is going to get you (even more) on #DonaldTrump's hit/hate list. But keep up the objectivity, in… https://t.co/3FRnkEzjcJ]]></document>
		<document><![CDATA[Tab cans all around. @ConcordC Bob Bixby's favorite nostalgia from the 70s https://t.co/k7wByCT9sm]]></document>
		<document><![CDATA[In the current vintage @nbcsnl sketch from 1978 they are all drinking Tab. Wish Bob Bixby my former @ConcordC boss had a Twitter acct]]></document>
		<document><![CDATA[Omg there's @alfranken in the @nbcsnl sketch on right now (from 1978)!]]></document>
		<document><![CDATA[#CarrieFisher hosting @nbcsnl in Nov 1978 https://t.co/ozvmIloFdp]]></document>
		<document><![CDATA[Ah memories! @nbcsnl from 1978 w/ the Blues Brothers (I was 16 when I first saw this) https://t.co/bx24d2qVPB]]></document>
		<document><![CDATA[10 pm ET (soon): NBC airs a @nbcsnl  episode from 1978 that #CarrieFisher hosted and the Blues Brothers (Akroyd and Belushi) performed in!]]></document>
		<document><![CDATA[CEOs Take Center Stage in the New Political Regime https://t.co/jBVy3lAqUF]]></document>
		<document><![CDATA[@MariaKoklanaris really though?? She couldn't get an excused absence for this??]]></document>
		<document><![CDATA[Wait where is Sasha Obama this evening?? Surprised the President didn't tell us.]]></document>
		<document><![CDATA[@dougchia not enough to our liking. Always an annoying shortage of bar stools! I would pay to save a prime bar table but they don't let us!]]></document>
		<document><![CDATA[Location for D.C. economists happy hour: 750 15th St NW, Washington, DC 20005 (Joe's). Happy hour Ps end at 6:30 so get there in time!]]></document>
		<document><![CDATA[Happy hour for DC economists TODAY 5:30-6:30 at Joe's near McPherson Sq. Buy your own but still fun! Look for me &amp; @airlievh around bar.]]></document>
		<document><![CDATA[Certainly don't need a ball gown to do the March the next day https://t.co/t88fEDIsTw]]></document>
		<document><![CDATA[Knew it. Was so glad I didn't buy one before the election. Figure there may very well be resale deals out there fro… https://t.co/6wroS27RrM]]></document>
		<document><![CDATA[Oh great. Trump's son-in-law, Jared Kushner, expected to join White House as a senior adviser https://t.co/WbAzKdbBw7]]></document>
		<document><![CDATA[Best films for behavioral economists! 😀 https://t.co/UT7fb57VYd]]></document>
		<document><![CDATA[Trump "bully pulpit" policymaking via Twitter--and story puts one of my tweets as only one not from Trump himself! https://t.co/830x4HqISX]]></document>
		<document><![CDATA[@CHAV_NGVYEN come and bring some of your new IMF colleagues!  :)]]></document>
		<document><![CDATA[This is tomorrow 1/10, 5:30-6:30 pm. Look for us huddled somewhere in bar area. It's buy your own, so don't get too… https://t.co/izBI1qhG3n]]></document>
		<document><![CDATA[DC-area economists, want to hang out w/ other economists w/o sitting in a seminar? Come to happy hour at Joe's near McPherson Square tmrw!]]></document>
		<document><![CDATA[Millennials may need to double how much they save for retirement https://t.co/6EpMOMN2jl]]></document>
		<document><![CDATA[Meryl Streep called out Trump's bullying and lies. Trump just hit back — with still more lies. https://t.co/bf3YVO84JS]]></document>
	</documents>
</author>