<author lang="en">
	<documents>
		<document><![CDATA[@McConnellPress  YOU FOUND YOUR COJONES! well sort of. Keep diggin &amp; huntin around 4 'em!!!]]></document>
		<document><![CDATA[Christianity is an excuse to b greedy and racist https://t.co/WgmUlnYBVF]]></document>
		<document><![CDATA[@mike_pence  r u REALLY that stupid? r u so pinched looking bc u have to stick up 4 that kkk putin lovin dick tater? b a man. b a man.]]></document>
		<document><![CDATA[It would get caught in hairs of women he crotch grabs https://t.co/RNrSWIcsRu]]></document>
		<document><![CDATA[Tough for us too! https://t.co/z66N39gKq5]]></document>
		<document><![CDATA[Fingers crossed https://t.co/Uw6S2cEUMs]]></document>
		<document><![CDATA[Jail the traitor! https://t.co/8EnfeXmIhD]]></document>
		<document><![CDATA[She was spot on! https://t.co/V5998k5vMS]]></document>
		<document><![CDATA[Evangelicals are what's wrong with Christianity https://t.co/OSOijKiufg]]></document>
		<document><![CDATA[Saturday night live is killing it, way to go spicy melissa!]]></document>
		<document><![CDATA[What??? Holy crap, say it ain't true! https://t.co/Rf5rcEk6QU]]></document>
		<document><![CDATA[Just try 2 b a man pinched brown noser pence https://t.co/UXYekKxSqB]]></document>
		<document><![CDATA[@mike_pence  u r such a pinched brown nosing weasel! Have u no shame? b a man! Stand up 2 the baby tyrant!!!]]></document>
		<document><![CDATA[@jasoninthehouse  whatcha doin about trumpty dumpty 2 day ya smirking, lying, republicant hypocrite???]]></document>
		<document><![CDATA[@TGowdySC hey u hypocrite, whatcha doin 'bout trumpty dumpty?]]></document>
		<document><![CDATA[@kellyannpolls what's your lie today kelly the con?]]></document>
		<document><![CDATA[@seanspicer  liar, liar, little pants on fire, what's our lie of the day?]]></document>
		<document><![CDATA[@FBI  who do you call when you need help, the dumb guys who read &amp; believe national enquirer or the smart ones who don't?]]></document>
		<document><![CDATA[@jasonmatheson thanks for doing what the other channels dont/won't do, talk about, mention or even showcase Saint Paul!!!]]></document>
		<document><![CDATA[@JasonShowTV FINALLY! a little respect for the CAPITAL CITY. BOOM!]]></document>
		<document><![CDATA[@DrJillStein you've done enough damage stay the hell out of politics and the next election you putz]]></document>
		<document><![CDATA[@CNNPolitics  for the love of the truth... they are called LIES. LIES. LIES. LIES. get it? Got it? Use it.]]></document>
		<document><![CDATA[@KidRock Dan rather just said: that dude runs deep. HA! Love it!]]></document>
		<document><![CDATA[little tiny handed Donny your little pants are on fire... https://t.co/4cOIvCB9Hu]]></document>
		<document><![CDATA[tell the truth trumpty dumpty, try it https://t.co/adbFGNXpEi]]></document>
		<document><![CDATA[@realDonaldTrump  have you always been illiterate?]]></document>
		<document><![CDATA[@realDonaldTrump  oh! tiny handed little donny you can't actually read the PDB can you? Muhahaha!]]></document>
		<document><![CDATA[@SpeakerRyan  WHAT THE HELL IS WRONG WITH YOU? gonna follow the tiny handed fat boy to hell and take us all with you or what?!?]]></document>
		<document><![CDATA[@seanspicer  what's the lie of the day spicy?]]></document>
		<document><![CDATA[@FBI you guys figure out yet which country you're working for, united states or russia? just pick one]]></document>
		<document><![CDATA[@HardballChris  kelly the con is a LIER. she will say &amp; do anything, why do u bother??!!?? Snap out of it!]]></document>
		<document><![CDATA[@HardballChris trumpty dumpty is insane. He and president bannon want 2 blow up the world. Stop trying 2 make him seem "normal"]]></document>
		<document><![CDATA[@HardballChris  why do u bother with kelly the con???]]></document>
		<document><![CDATA[Awesome service--briefed every day on an urgent issue; then called by my representative to hear my opinion! Do it... https://t.co/xdd66ZYc2u]]></document>
		<document><![CDATA[Uber CEO Travis Kalanick is leaving President Trump’s advisory council https://t.co/CkNR5KgpwB via @Recode]]></document>
		<document><![CDATA[What a fucking joke... https://t.co/m9PC6TQbqk]]></document>
		<document><![CDATA[@MarkBurnettTV  typical religious lier, yr not for the people u give Christianity a bad name]]></document>
		<document><![CDATA[MAY have lied???? https://t.co/kaKYTD1Ggi]]></document>
		<document><![CDATA[@seanspicer lier, lier, big fat pants on fire, what's the lie for today?]]></document>
		<document><![CDATA[Why bother, unless u wanna see Mika not be able 2 talk &amp; hear joe defend trumpty dumpty... https://t.co/BXiK5katjh]]></document>
		<document><![CDATA[@stephenbannon hey by the looks of your nose, you could use another drink and maybe another woman to beat up 'eh steve?]]></document>
		<document><![CDATA[It's the booze https://t.co/O7FyUW67V6]]></document>
		<document><![CDATA[Or not https://t.co/xXE9t9tPDr]]></document>
		<document><![CDATA[@ABC can we go one flippin day w/out having 2 talk about insane trumpty dumpty??????????]]></document>
		<document><![CDATA[@realDonaldTrump  little tiny donny, do u know the difference between a lie and the truth?]]></document>
		<document><![CDATA[@realDonaldTrump  get kkk/bannon out of our white house u little putin putz]]></document>
		<document><![CDATA[Don't want to hear you brown nosing little donny joe, sick of him and u https://t.co/8Xf5ET6eXr]]></document>
		<document><![CDATA[Fingers crossed https://t.co/ixDtgzgnd1]]></document>
		<document><![CDATA[Tiny donny wouldn't know the truth if it smacked him upside the head https://t.co/lYYf5MINWe]]></document>
		<document><![CDATA[woohoo! stranger things is KICKING IT!!! BOOM!! take that tiny handed trump!]]></document>
		<document><![CDATA[@mike_pence when you go dwn pinched pence we will all remember you for the coward, dirty hands and mind up our crotches little Donny puppet]]></document>
		<document><![CDATA[@realDonaldTrump  little tiny handed liar, big fat orange pants on fire!]]></document>
		<document><![CDATA[Speak up! Speak out! Speak for all who can't! Speak loud! Speak proud! when they go low, we go high!]]></document>
		<document><![CDATA[from LBJ to djt: just don't piss in the soup we all gotta eat...]]></document>
		<document><![CDATA[Loving the politics of the sags. STICK IT TO THE MAN!]]></document>
		<document><![CDATA[@realDonaldTrump  when u go dwn bigly &amp; u will, u will b remembered 4 exactly what u always were a small, sad, embarrassing little fat man.]]></document>
		<document><![CDATA[Have you heard trump? https://t.co/fpvga5RdY4]]></document>
		<document><![CDATA[Protect Yourself - https://t.co/QlpGHi8qjV https://t.co/czj3tNOFJy via @WDIDAboutTrump   VERY COOL!]]></document>
		<document><![CDATA[Um... say what? https://t.co/8veQlIaUiw]]></document>
		<document><![CDATA[Upset about the election &amp; want to make a difference? Great site w/lots of ways to help: https://t.co/CwCZ5795JC via @WDIDAboutTrump]]></document>
		<document><![CDATA[NOT A GOOD IDEA GOOGLE...... https://t.co/VVvW9fR4LX]]></document>
		<document><![CDATA[@mike_pence  hey pinched pence, get your grubby hands out of my uterus and pay attention to putin's     puppet the traitor little donny!]]></document>
		<document><![CDATA[@BarackObama please come back! We need sane not crazy, class not trash, 4 the people not 4 the putin, handsome not fat&amp;orange!]]></document>
		<document><![CDATA[@realDonaldTrump  little tiny liar, little tiny pants on fire]]></document>
		<document><![CDATA[@realDonaldTrump  hey little donny, do you and Bannon take golden showers together?]]></document>
		<document><![CDATA[@Morning_Joe Mika, does the gag order bother u at all??!!??]]></document>
		<document><![CDATA[@Morning_Joe  Joe is the rude republicant, Mika is fawning fake Democrat, where is the real tough Democrat?]]></document>
		<document><![CDATA[@Morning_Joe  hey, u guys gonna talk about the gag order on scientists and environmental people??? heading towards putin land!]]></document>
		<document><![CDATA[@realDonaldTrump  u small, fat, orange, putin puppet, kkk lovin putz ARE GOING DOWN. we will RESIST.]]></document>
		<document><![CDATA[Trump Executive Memorandum on DAPL violates law and tribal treaties: https://t.co/m3Y2wNpgQZ]]></document>
		<document><![CDATA[We made history at #womensmarch. Now it’s time to make our voices heard. First up: send a postcard to your Senators https://t.co/f0SHRdFKeu]]></document>
		<document><![CDATA[Lie is the word we need to use https://t.co/iFKyevG676]]></document>
		<document><![CDATA[@MSNBC why bother having kelly the con on, all she will do is like donny does. LIE. LIE. LIE. LIE]]></document>
		<document><![CDATA[@chucktodd hey, Don't forget little donny is being sued. Don't forget the gag order on scientists &amp; climate change, don't get distracted]]></document>
		<document><![CDATA[@DavidMuir would luv 2 watch yr interview 2 nite w little donny but just no he'll lie like that rug on his head &amp; u will not call him on it]]></document>
		<document><![CDATA[@TheView  whoopi, you have had lots of failed relationships soooo, r u the one who should b rolling yr eyes at them? u r NOT always right...]]></document>
		<document><![CDATA[@realDonaldTrump  hey you dumb dork, if there is voter fraud are u then illegitimate? all of USA is cheering @ this new shit you're spewing!]]></document>
		<document><![CDATA[@SpeakerRyan  you need to do something. Your idiot nominee will take us all down. Impeach this putin, kkk, lying lovin jerk now.]]></document>
		<document><![CDATA[@realDonaldTrump  YOU ARE THE AMERICAN IDIOT. DID YOU SEE THE WOMENS MARCH? YOU ARE HATED BY 2/3 OF AMERICANS.]]></document>
		<document><![CDATA[@realDonaldTrump  LIAR. LIAR. LIAR. PUTIN'S LITTLE PUPPET IS A BIG FAT BABY LIAR]]></document>
		<document><![CDATA[@realDonaldTrump  GROW UP YOU EMBARRASSING  PUTIN PUTZ!]]></document>
		<document><![CDATA[@realDonaldTrump  GET PUTIN OUT OF THE WHITEHOUSE]]></document>
		<document><![CDATA[@Morning_Joe  what's the difference between Joe &amp; trump? Nothing.]]></document>
		<document><![CDATA[@the view I agree with Sunny. People are entitled to their own opinion Whoopie, try 2 remember that.]]></document>
		<document><![CDATA[@realDonaldTrump  no matter where you go, who you know or what you do, you will only be known as a compulsive LIAR.]]></document>
		<document><![CDATA[@Morning_Joe  this republicant administration is ALL ABOUT THE OIL just like the last republicant administration. oil, oil, oil, oil.]]></document>
		<document><![CDATA[One has class, the other is trash https://t.co/ZjJLrNRmbO]]></document>
		<document><![CDATA[Little lying donny, kelly the con and sad lier spicer https://t.co/lQD7Knr9IV]]></document>
		<document><![CDATA[@realDonaldTrump  small sad little donny.no matter where u go, who u know or what u have u will NEVER have respect. Never ever, ever]]></document>
		<document><![CDATA[@seanspicer  hey lyer, when your kids lie 2 u do u clap em on the back &amp; say "way 2 b just like your president"???]]></document>
		<document><![CDATA[Fingers crossed! https://t.co/L2FV0SoJ1g]]></document>
		<document><![CDATA[He opens his mouth and lies tumble out. Compulsive lying, it a a thing https://t.co/kPCNJXRDFs]]></document>
		<document><![CDATA[@seanspicer hey little lyer... so lie one day and alternative facts the next? HAHA, what a putz]]></document>
		<document><![CDATA[Little donny the con man and his lady, kelly the con!]]></document>
		<document><![CDATA[No one lies like little donny and Kelly the con https://t.co/2LuJJo6Scd]]></document>
		<document><![CDATA[@TODAYshow I'm watching you because savanna is gone. she needs to go. sorry but if u want to b competitive it's bye, bye savanna....]]></document>
		<document><![CDATA[@Morning_Joe  I bet ya $100 sad spicer does it again &amp; again &amp; again. Like trump like spicer. watch em all LIE over &amp; over &amp; over]]></document>
		<document><![CDATA[@Morning_Joe  yo joe, THIS is the real trump. THIS here, THIS now IS THE REAL trump. a small bag of hot air.....]]></document>
		<document><![CDATA[Call congress 202.225.3121 and say NO to racist Jeff sessions. Just say no.]]></document>
		<document><![CDATA[@Morning_Joe  you blowhard joe, the women's March does matter, the size of it does matter you boob!]]></document>
	</documents>
</author>