<author lang="en">
	<documents>
		<document><![CDATA[@Exp_Sec_Prof @ProudTexanGal @RichardWeaving OMG this man is fabulous! @POTUS]]></document>
		<document><![CDATA[Thank you @ScottAdamsSays for the support of this being just a wrong way to protest. https://t.co/nMRvaxvgco]]></document>
		<document><![CDATA[@LucySullivan888 @DkmorrisKeith they are only tolerant when they are getting their way.]]></document>
		<document><![CDATA[@nuiotwo @BreitbartNews Hahahaha you and what army old woman is going to take Trump away from us?]]></document>
		<document><![CDATA[@OmanReagan I wear this hat &amp; believe in R @POTUS If anyone defaces my hat while Im wearing it I have a 6'3" Marine… https://t.co/U3PeFDIG9s]]></document>
		<document><![CDATA[@charliekirk11 @SenSanders DeVos doesnt need 2 have a home purchased 4 her or loans pd off like you did by Hillary or Soros..U sold out Bern]]></document>
		<document><![CDATA[@ScottPresler Thank you!!!]]></document>
		<document><![CDATA[Judge Anne Donnelly should be sued/held liable if a terroists slips through &amp; hurts or kills someone!! @POTUS https://t.co/6HSDdVYMH1]]></document>
		<document><![CDATA[@TerryHaas1 Ryans a blooming coward..he rides the fence that sways to the left!!]]></document>
		<document><![CDATA[@DineshDSouza Hillary not any better than Obama..she'd of continued BO idealisms! HC follower of Saul Alinsky...BO follower of Islam!]]></document>
		<document><![CDATA[@DineshDSouza Absolutely we Patriots voted Obama &amp; his stench out of R govt. Left does not seem to understand BO communist upbringing!]]></document>
		<document><![CDATA[He's nuts and no one really listens to the clown anyway....poor dear needs to be locked up in funny farm! https://t.co/SNhvlayhAP]]></document>
		<document><![CDATA[That is just plain Bovine Excretion!! https://t.co/jlJYytykRl]]></document>
		<document><![CDATA[@TomOrr777 @Gas8128 He's not a black American He may gave been born in Hawaii but he was raised in Kenya under Communists influences]]></document>
		<document><![CDATA[@JudgeJeanine @realDonaldTrump @UCBerkeley
Judge I had a tweet of Fox news stating he can't pull Federal Funding...what is UR take on that??]]></document>
		<document><![CDATA[@cultcommoncore @POTUS It is a terroist organization and so is its consort CAIR!]]></document>
		<document><![CDATA[@ExMuslim_TV 
Quit giving Sarsour a voice if you see her turn her off...black out her ability to speak to America Patriots.]]></document>
		<document><![CDATA[She wouldn't know the difference of Hamasaki or CAIR or local Brownies!!! https://t.co/y7VtQ5nZGC]]></document>
		<document><![CDATA[@nuiotwo or if we all write and petition our AG....we can insist they try them.]]></document>
		<document><![CDATA[@nuiotwo What can we do if no one in Congress will take action. The only thing possible is Americans start a class action against her.]]></document>
		<document><![CDATA[Plain BS U contributed to HC millions of our tax payers $ to get her not elected &amp; U have supporters w Vaginas on t… https://t.co/aNWffU4cBR]]></document>
		<document><![CDATA[Gee she probably wishes she'd of kept that money now!! Lmao!! https://t.co/J1F2NV6LHT]]></document>
		<document><![CDATA[@JamieBastello 
I'm not understanding how these groups got so emboldened!! Did Obama encourage them??]]></document>
		<document><![CDATA[CAIR is a Muslim Brotherhood organization in the USA...let em sue n lose but do not let them advance Sharia. https://t.co/hLm5Zv4u2Z]]></document>
		<document><![CDATA[Boycott Sarsour...why are we giving her voice black her out!! https://t.co/PsY52ER2EE]]></document>
		<document><![CDATA[@Killfreak_chuck @HarveyStaub1 
You can't make a silk purse out of a sows ear!]]></document>
		<document><![CDATA[@JohnTrumpFanKJV Yep bovine excretion!!]]></document>
		<document><![CDATA[@therealroseanne @AMMM7272 @AnotherRunner1 @LarryRRobertson 
Dear God Roseanne U dont look a thing like that ugly old hag Rosie O'Donnell]]></document>
		<document><![CDATA[I thought Trump already defunded???
When he does refund the burdens will be on the states. https://t.co/NXlocgxD6n]]></document>
		<document><![CDATA[@JacobBotzman @russell_hajek I am so there Jacob...next time I shop!!! Tee hee]]></document>
		<document><![CDATA[@Cali_Deplorable U know how we go door to door &amp; take census? I think we should go door to door to issue a voting card. Great way to ? Legal]]></document>
		<document><![CDATA[I'm not sure most of Americans are aware but under Obama the head of Homeland Security was a Muslim. BO dotted them… https://t.co/xr9CV71Vdh]]></document>
		<document><![CDATA[@mikandynothem @sparksburns 

Now you know why he is worth millions!
:  )  Im proud of him Someday we will look back and realize we owe him!]]></document>
		<document><![CDATA[@UjamiiSingh @ABC7 

An Allah Ahkbar American huh...lmao!!
Now I've heard everything...an AAA!]]></document>
		<document><![CDATA[@MissAmericaPie @woitekj 
I'm so thankful soldiers were there before citizen was hurt.]]></document>
		<document><![CDATA[@VesseyKristine @HillaryClinton did study &amp;was mentored by Saul Alinsky Shes Red as they come She is the enemy just as Obama has proven 2 B]]></document>
		<document><![CDATA[Patriots study that logo!!! Is that what I think it is? Communist flag joined with Islam flag? Wake up America!!! https://t.co/60JAIRaLjp]]></document>
		<document><![CDATA[@AmyMek @RepValDemings 
What a poor example U R 2 UR ppl Demings! Walk in the footsteps of the destroyers incarnate let's take it to UR home]]></document>
		<document><![CDATA[I believe all that $ spent on Iran &amp; Palestine should B earmarked in building beautiful health facilities for R Vet… https://t.co/6yBz9qwvBa]]></document>
		<document><![CDATA[@ChelseaClinton Ya right and where did not believing in God's word get your parents @ChelseaClinton ? Teach your children different Chelsea!]]></document>
		<document><![CDATA[If you had been taught right @ChelseaClinton youd of realized it wasn't a Church you were leaving but the word of G… https://t.co/Mq9kEibOQX]]></document>
		<document><![CDATA[Yes they should of asked us first...that is called Dictatorship to slowly infiltrate our country w laws we don't wa… https://t.co/gxqMPahtYn]]></document>
		<document><![CDATA[What eats at me most is the $ Dems wasted getting it going when they simply could of just modified Medicare &amp; Medic… https://t.co/0MIybDKJQw]]></document>
		<document><![CDATA[Republicans are on to your amazing hypocrisy @NancyPelosi amazing!!! Your nothing but one more corrupt Democrat!! https://t.co/OhqnHqRCPX]]></document>
		<document><![CDATA[@JayS2629 Obama is a sneaky snake I am glad he slithered back 2 the rock he slithered out from under Barrack Davis right @BarackObama ?]]></document>
		<document><![CDATA[What makes me furious is Berkely allowing this thug mentaliry. Education means to teach &amp; not just out of a book bu… https://t.co/AvxgrDOJRd]]></document>
		<document><![CDATA[She is one of the Muslims trying to convert USA to Sharia and dreams of taking this great country over. It'll never… https://t.co/O2CzZ2Wqpj]]></document>
		<document><![CDATA[No but what they will introduce is TB becuz 20% of them are coming in with TB. https://t.co/8geXDojFxh]]></document>
		<document><![CDATA[@AlecBaldwin is such an ugly dumb monkey!! https://t.co/byi90lE49h]]></document>
		<document><![CDATA[Let's adopt what the smart Japanese have done: https://t.co/JMhH0IVfP7]]></document>
		<document><![CDATA[OMG does Trump know of this danger as I thought I heard he is letting g them into America? @POTUS https://t.co/vB4Id5N5Nz]]></document>
		<document><![CDATA[@AvenidaDe1aPaz Really Yusuf you tell me how it works then. I suppose you know more about my ancestors than I do!]]></document>
		<document><![CDATA[@EntheosShines I watched 1 hr video showing the fraud BC was given to 2 world renown forensic doc firms unrelated 2 ea BOTH confirmed fraud]]></document>
		<document><![CDATA[@LindaSuhler I don't mean to be mean but if that's what it's gonna look like...it will be breached easily!!]]></document>
		<document><![CDATA[@AvenidaDe1aPaz @AmericaRising17  we arent wanting to see butts in the air shoulder to shoulder on the street..
We will never adapt Sharia]]></document>
		<document><![CDATA[@AvenidaDe1aPaz @AmericaRising17 @TEN_GOP My ancestors immigrated here in 1860 Yusuf without govt handouts learned English immediately]]></document>
		<document><![CDATA[Well sure hoping he is listening lately cuz things are getting a little violent!!! https://t.co/YKnZLRF65C]]></document>
		<document><![CDATA[Who the hell is @SarahKSilverman and under what rock did she crawl out of? Why are we giving theses nobodys airtime? https://t.co/DFdk5ZG8VF]]></document>
		<document><![CDATA[I don't blame him...I cry when I hear that beautiful music myself!!!! https://t.co/8r3xGLxQm9]]></document>
		<document><![CDATA[@Lrihendry She is as beautiful, graceful and as classy as Melania Trump yet she was a gentle woman and they make statues of her in her honor]]></document>
		<document><![CDATA[@quetzalcoatl444 A newsman on the five said he can't do that...I don't know the reason. Maybe it needs to go thru Congress or something!]]></document>
		<document><![CDATA[Sorry Starbucks we dont care Mr out of touch w Reality I'll never shop at Starbucks again for as long as I live!!!H… https://t.co/RAKKm7Rg39]]></document>
		<document><![CDATA[OK this is fake.mthe man in green is not the black leather arm spraying her!!! And why is it caught on camera?? https://t.co/OUuKmlxRse]]></document>
		<document><![CDATA[Megyn who?? https://t.co/Qa05gncru5]]></document>
		<document><![CDATA[Has anyone checked to be sure those thugs doing the damage are students??
They may be Soros pd for rioters! https://t.co/Qj5giQpOeJ]]></document>
		<document><![CDATA[It was all that printing printing printing of National $ in Obama years!!! It is inevitable that R $ would eventual… https://t.co/EljCtKBYxU]]></document>
		<document><![CDATA[Isasour not my voice Quit giving her voice period She is a nobody trying to spread Sharia law to mindless stupid pe… https://t.co/D3umzF1j8N]]></document>
		<document><![CDATA[Thats just plain BS Berkely could of controlled the situation better than this. They knew it was going to be violen… https://t.co/h5bjdgTWd7]]></document>
		<document><![CDATA[Patriots emails in protest of ur $ going to Berkely might help: Nicholas Direk chancellor@berkeley.edu https://t.co/wmAFtzVYdR]]></document>
		<document><![CDATA[Oh K in other words Soros dedicated lots of money to Berkely!! So do we Patriots 4 bil a year in Fed subsidy Protes… https://t.co/fy3Nfsb11i]]></document>
		<document><![CDATA[Big issue is: we R all paying for their education. Email Nicholas Direk chancellor@berkeley.edu let him know UR gon… https://t.co/6dEHUTKqYM]]></document>
		<document><![CDATA[@JodiGiddings @Scattermae777M @JuddApatow Mine under Obama got so expensive I had to drop it &amp; go without first time in my life!!]]></document>
		<document><![CDATA[Lets see not exactly but the 35 year old your married to will cut off your head if you don't ask permission to go o… https://t.co/c5BMh55Vb2]]></document>
		<document><![CDATA[@ConstanceQueen8 @WSJ 
Yep and Trump administration put them on notice!!!]]></document>
		<document><![CDATA[Patriots email Berkeley Chancellor let him know UR gonna protest your tax $ going to a college who spits in UR face… https://t.co/xSMSPwsmRp]]></document>
		<document><![CDATA[Well smart wants more. Most students now use student aid or mommy &amp; don't know what it's like to not party instead… https://t.co/PnnGVnxwvr]]></document>
		<document><![CDATA[@jimbunte Yes Jim to busy working..day care to trusting what public school was teaching R children. My children went to public Christian sch]]></document>
		<document><![CDATA[chancellor@berkeley.edu  Chancellor Nicholas Dirk email him &amp; let know UR feelings allowing students to destroy a c… https://t.co/NA5dXe2cyW]]></document>
		<document><![CDATA[And they worked their asses of to become vetted Americans &amp; they assimilated ..learned English &amp; loved America!! https://t.co/UqRNWKDvf1]]></document>
		<document><![CDATA[Like Hillary Clinton stated, "Democrats are easily manipulated"! https://t.co/kOvNhRcwDm]]></document>
		<document><![CDATA[Take bear spray with you at every riot! It shoots 18-40 feet!! https://t.co/KoZVVlnHkr]]></document>
		<document><![CDATA[@hollyjones2012 @chris63414391 @Right_Biker66 @Rockprincess818 @UCBerkeley  Whoa we tax payers R the ones who suffer &amp; pay! They recieve 5Bl]]></document>
		<document><![CDATA[Must start K-12 Im a retired College instructor Students think they deserve a C for showing up for class I guess C=… https://t.co/DD7TOkhRQJ]]></document>
		<document><![CDATA[@CuteOverloads @01elibo How adorable is that!! Green power I'd say!!]]></document>
		<document><![CDATA[@jimbunte I've already emailed. My tweet was auto corrected..it's Chancellor Nicholas Dirk! You are awesom..
He looks like a puke!!]]></document>
		<document><![CDATA[Patriots email Berkeley tomorrow  Nicholasville Dirks Chancelor chancellor@berkeley.edu let em know U will ask to d… https://t.co/7DKPX24cSw]]></document>
		<document><![CDATA[This is fascism at work....they are obstructing freedom of speech &amp; the campus we give 5 billion a yr in taxes is n… https://t.co/PI56UcshZI]]></document>
		<document><![CDATA[This is a fake story. https://t.co/Jf9WmIdzqB]]></document>
		<document><![CDATA[@ralphbenedict Go back to your bong...you make no sense at all &amp; your rhetoric is eating my time..]]></document>
		<document><![CDATA[@flyboymcgee @EntheosShines
Yes Angela Davis and her Panther groups!!]]></document>
		<document><![CDATA[@ralphbenedict Hey Ralph why don't you come on up meet a few brainless teethless friends of mine an insult them to their face troll? Coward!]]></document>
		<document><![CDATA[You are the woman!!! Loooove your fact checks n luv your spirit!! We need to remind the @POTUS that this is Federal… https://t.co/WbaiJSIcFR]]></document>
		<document><![CDATA[Yep Welfare didn't start until 1935 for children. It used to be everyone wanted a job!! https://t.co/cM56y2quxK]]></document>
		<document><![CDATA[This was a lie! Obama is a Muslim Brotherhood..leader look at his actions not his words! https://t.co/1RGkhptBKk]]></document>
		<document><![CDATA[@KatMcKinley @SeawordG 
Hey Kathleen don't leave out upper Idaho and Montana...we have about 10 guns per person avg!!!]]></document>
		<document><![CDATA[These may not be students but professional rioters..paid protestors! https://t.co/Ly7f8yvNE1]]></document>
		<document><![CDATA[@fundeals4u @GorsuchFacts @POTUS @VP  Yes it's in the prophecy. POTUS had all the pegan Muslim symbols taken out of the WH.]]></document>
		<document><![CDATA[Someone needs to find out if they are indeed students!! https://t.co/rCjeUO3XU3]]></document>
		<document><![CDATA[What exactly are they afraid of R they afraid you'll say something they'll agree w &amp; that terrifies them Are they a… https://t.co/dsqCAg53dN]]></document>
		<document><![CDATA[Yep in the 60s they hired more Communist Professors than UC Davis!! https://t.co/T9HJKuWEBB]]></document>
	</documents>
</author>