<author lang="en">
	<documents>
		<document><![CDATA[Shoutout to creativity of @gymeeznz staff who took my comment of 'draw your perfect physique on the box' and ran wi… https://t.co/FdpW3GJQJf]]></document>
		<document><![CDATA[Haven't drawn since Christmas and starting to get the itch. But what to draw? Suggestions?]]></document>
		<document><![CDATA[@CoryJane1080 I spent it watching a particular Room Raiders video where pukanas are a plenty and off food is the norm. 😂😂😂]]></document>
		<document><![CDATA[@Hurricanesrugby Heres a picture of the tickets I got for the Canes v British &amp; Irish Lions game... They arrive nex… https://t.co/t6IUawDf8c]]></document>
		<document><![CDATA[@Jorelephant Merry Christmas homie. Merry Christmas homie!]]></document>
		<document><![CDATA[Stoked to see my #NZSecretSanta so stoked with his gift despite some handlers playing Rugby with it. Stoked he's still stoked! #Stoked 🙌🏼]]></document>
		<document><![CDATA[First time partaking in #nzsecretsanta Would participate again. Stoked! 😆 Thanks to my SS. Merry Christmas friend.… https://t.co/gIcy7FUxqK]]></document>
		<document><![CDATA[Thanks @NZGamerdotcom and @PlayStationNZ for that sweet loot. Pictured: Something I drew. 🙌🏼 https://t.co/8FDYLXw36u]]></document>
		<document><![CDATA[@reaganschmagan 1. The @Hurricanesrugby won Super Rugby. 2. Like they actually did it! 3. They fucken did it!]]></document>
		<document><![CDATA[@TamaMaruAwatere what up homie?]]></document>
		<document><![CDATA[#NZsecretsanta status: Finding bubble wrap.]]></document>
		<document><![CDATA[Got an email from @NZGamerdotcom This afternoon with a complimentary $30 PSN code. 💛 that damn community. Chur! 🙌🏼]]></document>
		<document><![CDATA[Hey @Xenojay I think you know my present receiver from  @nzsecretsanta 🎅🏼👀 #2DegreesOfSeperation]]></document>
		<document><![CDATA[And yet the local 'video' store doesn't house Ratchet &amp; Clank, Rise of the Tomb Raider, Mafia 3 or Watch_Dogs 2.  😒]]></document>
		<document><![CDATA[It's 2016; and physical, like actual 'video' stores still exist! That blows my mind! 😂]]></document>
		<document><![CDATA[@nzsecretsanta My secret Santa sounds awesome! PS4 and it terms of games I love them all. 💛👾🎮]]></document>
		<document><![CDATA[Last completed game - Arkham Knight. Bravo @RocksteadyGames if this really was the last time we don the cowl in your world. thank you.]]></document>
		<document><![CDATA[Jumping on the @nzsecretsanta wagon this year. *cough* I love PlayStation *cough*]]></document>
		<document><![CDATA[What a ride. ⚡️ “The History of The Last Guardian by @KazHiraiCEO” by @KazHiraiCEO

https://t.co/qyrrTuVpJJ]]></document>
		<document><![CDATA[@Floppy_Ragdoll hard! Calls for beer for sure. 🍻]]></document>
		<document><![CDATA[@Floppy_Ragdoll fuck yes brother. 🙌🏼]]></document>
		<document><![CDATA[4 mins in and I've got an uneasy feeling about this match. #RSAvNZL]]></document>
		<document><![CDATA[@iamworkinghard I decorate it with cool shit in a nice and tidy way.]]></document>
		<document><![CDATA[@TamaMaruAwatere What's this? https://t.co/N52QLVVjHg]]></document>
		<document><![CDATA[@karlwkane I have to walk through this everyday. It really is a sad use of public space. But at least its home to a Poke-stop. Right?]]></document>
		<document><![CDATA[@CoryJane1080 how about learning English first? 

Love your work CJ.]]></document>
		<document><![CDATA[@JamesWillems if that's the case, 'What We Do In The Shadows' is a must. 👌🏼]]></document>
		<document><![CDATA[Blood, sweat, tears and 21 years. @Hurricanesrugby #HURvLIO]]></document>
		<document><![CDATA[First. @LionsRugbyUnion well done on an amazing season. What you's have achieved has been nothing short of amazing. #HURvLIO]]></document>
		<document><![CDATA[So how bout them Chiefs? @TamaMaruAwatere]]></document>
		<document><![CDATA[Let the bus start! Redemption. #HURvLIO]]></document>
		<document><![CDATA[Watching last years Super 15 final after living it in person. Can't wait to do it all over again on Sat. Let's just change the result yeah?]]></document>
		<document><![CDATA[@TamaMaruAwatere can't see it. 😉]]></document>
		<document><![CDATA[@TamaMaruAwatere we need to figure out what he's picking.]]></document>
		<document><![CDATA[@TamaMaruAwatere carry on, I'll blush eventually. Haha. I'm gonna try watch last years final tonight. 😥]]></document>
		<document><![CDATA[@aliseflannery 3 votes so far. I voted 'Donuts' and it gave Donuts 34% and the other two options 33%. I rest my case.]]></document>
		<document><![CDATA[@TamaMaruAwatere you would rather win money then see me be the happiest dude on the planet. You are are dead to me. #NotBoys 😂]]></document>
		<document><![CDATA[@VictorVito1103 @Hurricanesrugby and a 100th game! The script is written, Now  the performance... ⚫️💛🌪💛⚫️]]></document>
		<document><![CDATA[Same pair of kids. 1st kid 'How much are the @Hurricanesrugby  gonna win by?' 2nd kid '100!' #OurHouse]]></document>
		<document><![CDATA[On train. Two 6-7 year olds talking about buying a @Hurricanesrugby jersey. 1st kid 'It's $180.' 2nd kid 'yeah, deffs worth it' 1st kid' yea]]></document>
		<document><![CDATA[Stranger Things. Get on it people. That soundtrack! 👌🏼💛 #Nitflux]]></document>
		<document><![CDATA[@mijaradomachi probs playing games.]]></document>
		<document><![CDATA[@yosp appearance on @PlayStationNZ Snapchat today almost killed me. 😂💛]]></document>
		<document><![CDATA[That whole 'new chapter - same story' vid from @skysportnz has the goosebumps fizzing.]]></document>
		<document><![CDATA[@izzy_dagg pre-season with the Hurricanes. 😅]]></document>
		<document><![CDATA[@TamaMaruAwatere I'll make a sandwich 😉 #ThrowbackReference]]></document>
		<document><![CDATA[Float like a butterfly
Sting like a bee
Rest in peace
Muhammad Ali

😢
#RIPMuhammadAli]]></document>
		<document><![CDATA[I bleed black and yellow but even I had to pick up my jaw from the ground and applaud #ThatKick from @LimaSopoaga 👏🏼👏🏼👏🏼 #SuperBangBang]]></document>
		<document><![CDATA[Straight up. I love the @rugby_SUNWOLVES fans. ❤️⚪️❤️]]></document>
		<document><![CDATA[@Xenojay too late. 😉 Tryna jam in the collection before it comes out. 😅]]></document>
		<document><![CDATA[@Xenojay anytime m'dude. 👊got a Twitter version review?]]></document>
		<document><![CDATA[I'm only jealous of this man some of the time. Sometimes all of the time.  https://t.co/2gh3StDWp0]]></document>
		<document><![CDATA[Where's the hunger from last year? Did it turn in to literal hunger for carbs. Looking like a post World Cup Piri Weepu @Hurricanesrugby]]></document>
		<document><![CDATA[Well that was somewhat pathetic. Bar Ardie, none of the players looked like they wanted to be there. @Hurricanesrugby 😢]]></document>
		<document><![CDATA[Hey @skysportnz nice new graphics yo. Bout time. 👍]]></document>
		<document><![CDATA[@SKYNZ @josephhinvest is there a reason ESPNHD is not displaying in those last two letters atm? Where's the HD at?]]></document>
		<document><![CDATA[The Black Caps are getting Black Capped. 😭😭😭]]></document>
		<document><![CDATA[That House of Cards / COD cross over Ep of The Point was damn good. Bravo @dannyodwyer bravo to all the content you produce. 🙌🏼]]></document>
		<document><![CDATA[Stoked to hear my fav game producer has lost his shackles. HERE WE GO! @HIDEO_KOJIMA_EN &lt;3]]></document>
		<document><![CDATA[@oconnomiyaki @PlayStationNZ  didn't think I'd be a fan, but that looks dope. 😍]]></document>
		<document><![CDATA[https://t.co/tlCLWXZ69m Proceeds go to @KidneyKids Please help spread the word. @LydiaKo @RealStevenAdams]]></document>
		<document><![CDATA[https://t.co/tlCLWXZ69m Proceeds go to @KidneyKids Please help spread the word. @DevlinLive @EvanBelford @tofiga]]></document>
		<document><![CDATA[https://t.co/tlCLWXZ69m Proceeds go to @KidneyKids Please help spread the word. @Lomu_commentary @guywilliamsguy]]></document>
		<document><![CDATA[https://t.co/tlCLWXZ69m Proceeds go to @KidneyKids Please help spread the word. @sumostevenson @JohnJCampbell @JimKayes]]></document>
		<document><![CDATA[https://t.co/tlCLWXZ69m Proceeds go to @KidneyKids Please help spread the word. @Andrew_Mulligan @JamesMcOnie @CrowdGoesWildNZ]]></document>
		<document><![CDATA[https://t.co/tlCLWXZ69m Proceeds go to @KidneyKids Please help spread the word. @ManuVatuvei @BenMatulino @Shaun_Johnson90]]></document>
		<document><![CDATA[https://t.co/tlCLWXZ69m Proceeds go to @KidneyKids Please help spread the word. @piriweepu @NeemiaTialata @VictorVito1103]]></document>
		<document><![CDATA[https://t.co/tlCLWXZ69m Proceeds go to @KidneyKids Please help spread the word. @LiamMessam @SonnyBWilliams]]></document>
		<document><![CDATA[https://t.co/tlCLWXZ69m Proceeds go to @KidneyKids Please help spread the word. @beaudenbarrett @Tj_Perenara]]></document>
		<document><![CDATA[https://t.co/tlCLWXZ69m Proceeds go to @KidneyKids Please help spread the word. @ardiesavea @juliansavea7]]></document>
		<document><![CDATA[https://t.co/tlCLWXZ69m Proceeds go to @KidneyKids Please help spread the word. @BryanHabana @J_Rokocoko]]></document>
		<document><![CDATA[https://t.co/tlCLWXZ69m Proceeds go to @KidneyKids Please help spread the word. @kevenmealamu @AliWilliams_]]></document>
		<document><![CDATA[https://t.co/tlCLWXZ69m Proceeds go to @KidneyKids Please help spread the word. @bensmithotago @DanCarter @jeromekaino]]></document>
		<document><![CDATA[https://t.co/tlCLWXZ69m Proceeds go to @KidneyKids Please help spread the word. @CoryJane1080 @maavelous]]></document>
		<document><![CDATA[https://t.co/tlCLWXZ69m Proceeds go to @KidneyKids Please help spread the word. @WGTN_LIONS @Hurricanesrugby]]></document>
		<document><![CDATA[https://t.co/tlCLWXZ69m Proceeds go to @KidneyKids Please help spread the word. @AllBlacks @JONAHTALILOMU @tanaumaga]]></document>
		<document><![CDATA[About to get a little spammy slash promotery, but believe me when I say it for a good cause. Please still love me.]]></document>
		<document><![CDATA[@KissMyArceus we're sailing in the same ship. 😖]]></document>
		<document><![CDATA[The day I met Mr. William Webb Ellis. 😍😍😍🏆 #LoveAtFirstSite #GodsOnLambton #KingMcCaw @ Lambton Quay https://t.co/3MS8acSKPe]]></document>
		<document><![CDATA[I love Wellington but Auckland can be 'pretty' cool as well. 😍 Looking forward to the next time we… https://t.co/PAlseHjiMN]]></document>
		<document><![CDATA[Man. That All Blacks game! 😲 To a man, everyone played brilliantly. #RWC2015]]></document>
		<document><![CDATA[😍😍😍 #TYFwhanau https://t.co/JLZZiNq2b6]]></document>
		<document><![CDATA[😍😍😍 #TYFwhanau https://t.co/IprtXUp85b]]></document>
		<document><![CDATA[I know we have a God in the 7 jersey but that was Zeus like - What Pocock just did to England. #CarryThemHome #ENGvAUS #RugbyWorldCup]]></document>
		<document><![CDATA[How quiet is twickenham??? You could hear a suitcase close. #ENGvAUS #RugbyWorldCup]]></document>
		<document><![CDATA[Throwback Thursd... Oh wait, this is a PS4 controller. 😍😍😍#20yearsofplay https://t.co/6DhaMwamOH]]></document>
		<document><![CDATA[Welcome to the family you sexy All Blacks cap. #AllBlackEverything #BadHairDayEveryday https://t.co/RTc2cpZCwm]]></document>
		<document><![CDATA[Safe to say it was a good birthday.  #Stoked #AllBlackEverything. @allblacks https://t.co/8xr0YtZ1Oh]]></document>
		<document><![CDATA[Happy Birthday Mr. Bird http://t.co/EuVVfM8Tk1 via @wordpressdotcom Thanks Boloskefe. Luff ya. #NoHomo]]></document>
		<document><![CDATA[@TamaMaruAwatere I would read that. 😂]]></document>
		<document><![CDATA[@TamaMaruAwatere just write down key notes and write a paragraph for each. 😉]]></document>
		<document><![CDATA[@TamaMaruAwatere hard bro. You actually should. Our story is going to be Remember The Titans esque. Haha.]]></document>
		<document><![CDATA[I was going to save my 1,000th tweet for something about the @AllBlacks and the World Cup, but Japan just beat South Africa!!! #RWC2015]]></document>
		<document><![CDATA[Lets the games begin. Heaven is on earth for the next month or so. 😁😁😁 #RWC2015]]></document>
		<document><![CDATA[Woo woo! Woo woo! The Pigeon Song! #GuyWellingtons @guywilliamsguy @ Wellington Railway Station https://t.co/VbS2a82gK1]]></document>
		<document><![CDATA[@TamaMaruAwatere Oi. I was like 'what is this?' Then I scrolled up. WOW DANG! - All while I was on the train. 😂😂😂]]></document>
		<document><![CDATA[Brought the old man @CoryJane1080 's book for fadders day. Read the first few pages &amp; BOOM! Naenae bombs everywhere. #SoNiceTheyNamedItTwice]]></document>
		<document><![CDATA[@oconnomiyaki are you still able to download option files so players likeness &amp; team uniforms at least resemble their real life counterparts]]></document>
		<document><![CDATA[@oconnomiyaki I still remember the glory days of PES. That late PS2 era of PES was a dream. Good to hear it's back in form.]]></document>
		<document><![CDATA[@RachelKnight92 tell me about it. It's almost like its own separate language. 😅]]></document>
	</documents>
</author>