<author lang="en">
	<documents>
		<document><![CDATA[@rejectedjokes nope. I was a fat kid.]]></document>
		<document><![CDATA[@mtracey and people need stop giving this tomi whatever her name is a platform too]]></document>
		<document><![CDATA[@bustagrimes10 @ACLU while it's still legal*]]></document>
		<document><![CDATA[@CrockettBuffalo don't feed the trolls]]></document>
		<document><![CDATA[@jwingate816 yeah well she did donate money to him. I'm only a constituent... #bribery #kansas #senator]]></document>
		<document><![CDATA[@YappaPodcast right on. It's early and I haven't had my coffee yet.]]></document>
		<document><![CDATA[@factseeker3 @CrockettBuffalo @Pamela_M072 @ebencooke @Hanksingle they were sick of her because she's full of shit. Progressive? What a joke]]></document>
		<document><![CDATA[@factseeker3 @CrockettBuffalo @Pamela_M072 @ebencooke @Hanksingle campaigned as a progressing is a joke. She barely campaigned at all hubris]]></document>
		<document><![CDATA[@Amoney666 @ylianova I did. They like to play tough for the cameras. What else is new]]></document>
		<document><![CDATA[@ShaunNorton @keithellison do both]]></document>
		<document><![CDATA[@elibosnick 300 million guns and not a single goddamn patriot in this country...]]></document>
		<document><![CDATA[@Pamela_M072 @ebencooke @Hanksingle we shouted iceberg for a goddamn year and are trying to fix the party but somehow it's our fault.]]></document>
		<document><![CDATA[@Pamela_M072 @ebencooke @Hanksingle this is what you sound like. Accept the goddamn facts and help us rebuild the p… https://t.co/Zr4qsOFH7H]]></document>
		<document><![CDATA[@Pamela_M072 @factseeker3 @ebencooke @Hanksingle obama promised me change and delivered nothing. She ran on status quo. Do the math.]]></document>
		<document><![CDATA[@Pamela_M072 @ebencooke @Hanksingle we all just said we voted for her, but I guess it doesn't fit your preconceived narrative. Dissonance.]]></document>
		<document><![CDATA[@TheDemocrats your party is corrupt too... https://t.co/glH81Kphao]]></document>
		<document><![CDATA[@ebencooke @Hanksingle @Pamela_M072 yeah we all voted for her. Stop denying she was a shitty candidate and did poorly in the rust belt.]]></document>
		<document><![CDATA[@TomPerez no thanks. You corporate Dems have done enough. @justicedems will take it from here.]]></document>
		<document><![CDATA[@danagould McCain would gobble trumps cock and ask for seconds]]></document>
		<document><![CDATA[@jk_rowling that's metal]]></document>
		<document><![CDATA[@FoxNews @govsambrownback so we take praise from a man that has ruined the state he governs?]]></document>
		<document><![CDATA[@Amoney666 I understand. My barometer for seeing if something is penetrating the noise is asking my mom what she knows about it. Nada.]]></document>
		<document><![CDATA[@KyleKulinski "democrats remain silent about cheating"]]></document>
		<document><![CDATA[@EOrtizWitter one would hope. They will always come up with some nonspecific symptom bullshit like wifi and wind turbine detractors]]></document>
		<document><![CDATA[@MaraWilson our second Alzheimer's riddled celebrity president!?]]></document>
		<document><![CDATA[@justicedems as long as we don't get all anti science and want to ban nuclear. It's not possible to go green without it.]]></document>
		<document><![CDATA[I like how shit being in writing means something. https://t.co/EQMWeod9vr]]></document>
		<document><![CDATA[@GerryDuggan I want this picture to be like spider-man 129 cover with the punisher]]></document>
		<document><![CDATA[Senator @JerryMoran Olathe office has humans you can talk to!!! (913) 393-0711 call now! #kansas #resistance #DeVosvote #DeVosconfirmation]]></document>
		<document><![CDATA[@themightylayman that's a good description... this isn't normal]]></document>
		<document><![CDATA[@themightylayman I don't think I have words to deal with my feelings right now...]]></document>
		<document><![CDATA[Attention @CoryBooker looks like you have an event to attend to https://t.co/zn2KRhmHsY]]></document>
		<document><![CDATA[@themightylayman is that real!?]]></document>
		<document><![CDATA[Can #Punxsutawneyphil detect nuclear winter? #GroundhogDay]]></document>
		<document><![CDATA[@mtracey ugh. The amount of antiscience those 2 spout would make me die from hitting my dead on my desk repeatedly.]]></document>
		<document><![CDATA[How long before this administration renames #BlackHistoryMonth into something like blue history month?]]></document>
		<document><![CDATA[@jaketapper I'm glad you found a spine. Keep it up!]]></document>
		<document><![CDATA[@leahmcelrath @PiaGuerra voicemail is full. Haven't gotten a human in days. Email gets generic response. I did however fax him today]]></document>
		<document><![CDATA[@andeparks follow the money]]></document>
		<document><![CDATA[@makeitsnowondem @draiochta14 @juliacarriew YOU CANT MAKE FASCISTS AFRAID WHEN THEY ARE IN POWER!!!]]></document>
		<document><![CDATA[@BenMank77 I needed a good laugh thanks]]></document>
		<document><![CDATA[@kellyforamerica @RoughAcres pump the breaks. No reason to tag me.]]></document>
		<document><![CDATA[@pattonoswalt you have no idea how hard we are trying!!!]]></document>
		<document><![CDATA[My sincerest thanks to @SenatorCollins &amp; @lisamurkowski for not supporting #DeVosconfirmation your names shall be writ in the hall of heros]]></document>
		<document><![CDATA[@GoinPostalKC didn't he get traded to the dodgers?]]></document>
		<document><![CDATA[@GoinPostalKC I ordered 3 packages and specified usps this week. I aways specify usps. I'm pretty sure senators only open mail w $$$ inside]]></document>
		<document><![CDATA[I just #faxed yes #faxed @JerryMoran because I can't get ahold of his office any other way.]]></document>
		<document><![CDATA[Yes. Trump is aready a candidate for 2020. The people should decide. https://t.co/A54GUk0P61]]></document>
		<document><![CDATA[@JerryMoran your phone lines are nuts and I've sent many MANY emails. They are the best emails. Ask anyone. They are tremendous. No to DeVos]]></document>
		<document><![CDATA[@norbert4baka I don't know. The party is so weak there is no bench to choose from.]]></document>
		<document><![CDATA[Look at the #resistance go! https://t.co/nzRGSNlwvf]]></document>
		<document><![CDATA[@govsambrownback since @potus  has already filed for reelection I think we should let the voters decide in the 2020 election.]]></document>
		<document><![CDATA[@longislandtonv good. I like it when they struggle.]]></document>
		<document><![CDATA[@longislandtonv I think we saw with Cory Booker why they take corporate money.]]></document>
		<document><![CDATA[@longislandtonv i do all these things with no party support it gets rough]]></document>
		<document><![CDATA[@longislandtonv obama put them to sleep and if we were vocal we were called racist]]></document>
		<document><![CDATA[@longislandtonv corporatist democrats have proven they aren't willing to represent the people.]]></document>
		<document><![CDATA[@longislandtonv if they want to continue to exist they have to embrace the grassroots progressive movement. Period.]]></document>
		<document><![CDATA[@longislandtonv they lost 1000 state seats and 13 governors mansions in 8 years and the house senate and White House. How are they relevant?]]></document>
		<document><![CDATA[@kellyforamerica I remain skeptical but open minded. Thanks for the discourse. Have as good a day in fascist Americ… https://t.co/vyWOXD7K9u]]></document>
		<document><![CDATA[@kellyforamerica Sure. I'm always willing to give someone a chance. I just need to see evidence. Don't want to get obama'd again.]]></document>
		<document><![CDATA[@kellyforamerica she's off to a decent start. I will be interested to see how it plays out.]]></document>
		<document><![CDATA[@kellyforamerica having a bright future in an irrelevant party doesn't mean much]]></document>
		<document><![CDATA[@kellyforamerica I'm 100% willing to giver her a chance. Ditching donors is a good start.]]></document>
		<document><![CDATA[@kellyforamerica it has to do with the party as a whole. It needs a new direction or it's deader than the whigs]]></document>
		<document><![CDATA[@kellyforamerica that's cool. If she decides be a progressive on a national level I am willing to hear her out. I need more to go on.]]></document>
		<document><![CDATA[@kellyforamerica it's an argument because the Democratic Party can't stop losing seats since 2008]]></document>
		<document><![CDATA[@kellyforamerica we will see. Everything I read shows she's just another corporate democrat]]></document>
		<document><![CDATA[@kellyforamerica if she's so great where was she in 2016?]]></document>
		<document><![CDATA[@ShaunKing and @SenGillibrand will not be the dnc candidate in 2020 unless they wanna lose again]]></document>
		<document><![CDATA[.@RonanForDNC or bust!]]></document>
		<document><![CDATA[PUT THIS MAN IN CHARGE!!! https://t.co/fgDTQpZAsd]]></document>
		<document><![CDATA[Can't wait to deposit my pay check so I can buy some @satanicpsalms mercy!]]></document>
		<document><![CDATA[@FailGOP if the party would grow a sack and shout out the hypocrisy...]]></document>
		<document><![CDATA[I just want to play baseball...]]></document>
		<document><![CDATA[@KyleKulinski there are liberals in the media? Where were they during the primaries?]]></document>
		<document><![CDATA[Might actually watch https://t.co/vCBlK9dpe5]]></document>
		<document><![CDATA[@SenPatRoberts @GOPHELP how do you hate your own insurance plan? It's been the GOPs since Nixon!]]></document>
		<document><![CDATA[@MugabiBTurya i understand the analogy but the tparty was astroturfed by donors. This is the people. Left needs a spine and this is how.]]></document>
		<document><![CDATA[@MugabiBTurya if left wing tparty means people that will fight for policy and are supported by the people and not donors then i guess so]]></document>
		<document><![CDATA[@MugabiBTurya they can't obstruct. They  don't have enough people. They are a dead party. Comparing progressive movements to tparty is wrong]]></document>
		<document><![CDATA[@MugabiBTurya he will get his cabinet no matter what because Harry Reid neutered minority power in the senate.]]></document>
		<document><![CDATA[@ShaunKing gilibrand thinks she's next in like for the dem presidential run. Hahahaha primary them all.]]></document>
		<document><![CDATA[@cenkuygur democrats talk about unity like republicans talk about mental health after a mass shooting. Their time is over. #TooStong]]></document>
		<document><![CDATA[@TheDemocrats look in a fucking mirror]]></document>
		<document><![CDATA[@pattonoswalt freedom of speech doesn't mean freedom from consequences. Love it!]]></document>
		<document><![CDATA[@KyleKulinski #NotAllVendingMachines]]></document>
		<document><![CDATA[@davidsirota @latimes democrats talk about unity like republicans talk about mental health after a mass shooting. Deflection.]]></document>
		<document><![CDATA[I wonder how much @BetsyDeVos bribed senators @JerryMoran and @SenPatRoberts to support her... #devos #DeVosvote]]></document>
		<document><![CDATA[@Rodriguez91Y does the snowflake need a safe space?]]></document>
		<document><![CDATA[@govsambrownback why are you tweeting about candy? Are you out of downtrodden to oppress?]]></document>
		<document><![CDATA[@KevinRenk1 oh, you are THAT kind of crazy...]]></document>
		<document><![CDATA[.@SenPatRoberts I found the problem! Your phone wasn't plugged in! https://t.co/SweEkkAPwq]]></document>
		<document><![CDATA[@SenPatRoberts no you don't. No one wanted #DeVos]]></document>
		<document><![CDATA[@SenPatRoberts you are gonna name call after voting for #DeVos?]]></document>
		<document><![CDATA[Well. I tried being polite to senators @SenPatRoberts and @JerryMoran. Dunno how much longer I can be. #devos https://t.co/F1ZsJxPoZj]]></document>
		<document><![CDATA[.@cnn decides to do its fucking job after it's already too late @cenkuygur  https://t.co/OtFHMru02S]]></document>
		<document><![CDATA[Answer your phones please @SenPatRoberts @JerryMoran https://t.co/boKR9ZsOQB]]></document>
		<document><![CDATA[This administration curtesy of  @TheDemocrats @DNC and @DWStweets enjoy.]]></document>
		<document><![CDATA[Still waiting on the #2a cowards to do something about the executive branch violating the courts ruling... #MuslimBan]]></document>
	</documents>
</author>