<author lang="en">
	<documents>
		<document><![CDATA[@Dear_student When I started uni in 2010 I still thought academics had book launches &amp; book tours. How little I knew!]]></document>
		<document><![CDATA[A few years ago I asked my lecturer if I could go to his book launch for his upcoming book. He was rather amused. 😳 https://t.co/JCDRSPOL5w]]></document>
		<document><![CDATA[Hubby's due home soon after being away for a few days. It'll be good to talk to an adult again. #familylife]]></document>
		<document><![CDATA[Ooh get ready for some more @TrumpDraws 😋 https://t.co/WCUdD0YpZa]]></document>
		<document><![CDATA[You know something's up when you answer the phone and it's your Dad.]]></document>
		<document><![CDATA[@RebeccaHuntley2 Thank you!]]></document>
		<document><![CDATA[I've spent too much time reading about US politics in the last few days. I've got to stop. Really must focus on my own work &amp; my own home 🤔]]></document>
		<document><![CDATA[@abcconvos @RebeccaHuntley2 and if not, can you guide me to someone who does this research? Is it Hugh McKay?]]></document>
		<document><![CDATA[@abcconvos @RebeccaHuntley2 I loved this conversation. I'd like to know if you delve more deeply into religious beliefs in your book?]]></document>
		<document><![CDATA[A fascinating look into what everyday Australians are concerned about and how they view the themselves &amp; their world https://t.co/PrZ8BShVMl]]></document>
		<document><![CDATA[Written 2 years ago but gives a good background to the strategic importance of the US-Australia relationship.  https://t.co/EsTaGHqxpw]]></document>
		<document><![CDATA[@jshermanroberts @simoncrerar Yep. Actually a news report recently said that our bees kill more than any creature. Ppl becoming allergic.]]></document>
		<document><![CDATA[I know some people find this funny. I don't. I'm just glad to see that some people have woken up. More 2 come I hope https://t.co/Mnk5yeEKPo]]></document>
		<document><![CDATA[@DonnaSBJ oh well. I just assumed you must be doing it too. I'll txt you soon about a catch up.]]></document>
		<document><![CDATA[@DonnaSBJ if it's not full I will! What tute did you sign up for?]]></document>
		<document><![CDATA[It seems strange to think, but b/c Sydney's summer has been so hot, 25 degrees feels like a cool day. A welcome change at least.]]></document>
		<document><![CDATA[@SGUYBRAY Thanks! Will do.]]></document>
		<document><![CDATA[@SGUYBRAY Yes they're the 2 I'm preferring at this point. Might come down to what fits best w/ my kids' school hours &amp; day care. Can't wait!]]></document>
		<document><![CDATA[@milkingahegoat If I choose not to do it I might email the lecturer and ask for some suggested readings.]]></document>
		<document><![CDATA[@milkingahegoat The religion one? It sounds good but I can't attend the lecture and I love lectures. I'm leaning towards Knowledge &amp; Limits.]]></document>
		<document><![CDATA[@MichelleArrow1 Yes! And I'm almost certain I'll pick it. Just got to check I can get the right tute time.]]></document>
		<document><![CDATA[Oh dear. I've got to choose two units for this semester and there are four I'm interested in. #history #philosophy https://t.co/P9jJCAc7ao]]></document>
		<document><![CDATA[@DonnaSBJ No, not weird - it was an email to tell me to hurry up enrolling, in the nicest possible way!]]></document>
		<document><![CDATA[@DonnaSBJ @Macquarie_Uni Hey Donna, they sent me an email this morning and it states Mon 27 Feb. They should fix website though!]]></document>
		<document><![CDATA[My 2 eldest kids are back to school today. My youngest is pining for her new preschool. I'm relishing the peace &amp; slow pace I can take today]]></document>
		<document><![CDATA[Early warning signs of fascism.  https://t.co/GbkqT1PNB9]]></document>
		<document><![CDATA[Democracy Wins One as a Federal Court Strikes a Big Blow Against Gerrymandering via @thenation 
https://t.co/mmgFmWTwEx]]></document>
		<document><![CDATA[Why can’t Sydney get events right lately?? Melbourne &amp; Brisbane have no problems.
https://t.co/D8KM5jEpY6 via @newscomauHQ]]></document>
		<document><![CDATA[Yes let's hope! He's got armed toddlers to deal with next. #worsethanjihadists 😉 https://t.co/EMfE9QxgU9]]></document>
		<document><![CDATA[Interesting that, as I've seen, more aggressive-type males seem to hate PC &amp; yet we may have to be more PC around them so as to not offend.]]></document>
		<document><![CDATA[Toxic masculinity: Will the 'war on men' only backfire? (1/2)

https://t.co/1eUl2u8sAc via @abcnews]]></document>
		<document><![CDATA[@McLarenJen Yeah - Wednesday for us. Can't wait!]]></document>
		<document><![CDATA[@McLarenJen I assume he doesn't use Twitter! I hope your evening improves. I'm at peak kids-home-for-holidays. I neeeed my space &amp; peace.]]></document>
		<document><![CDATA[.@McLarenJen unbelievable isn't it! No time to even let people 'close up' their lives first which would be bad enough. But it's so sudden!]]></document>
		<document><![CDATA[@JonnyGeller and he doesn't even hold his wife's hand in public. Must've been a good meeting for him.]]></document>
		<document><![CDATA[@RevDaniel @AncestryCA If you go back far enough we're all probably related to aristocracy.]]></document>
		<document><![CDATA[@RevDaniel @AncestryCA I might be from Prussian aristocracy but it's hard to prove as he changed his name when he got to Australia.]]></document>
		<document><![CDATA[He's really helping those who are struggling. Only a matter of time before they discover they'll be worse off under Trump presidency.]]></document>
		<document><![CDATA[So the 20% tax will raise prices of fruits &amp; vegetables. So Americans will get more unhealthy. Gee he cares so much! https://t.co/GAfNXxs5qg]]></document>
		<document><![CDATA[I am grateful for many things but would so appreciate time alone to tackle the looong list of things that must get done shortly. Whinge over]]></document>
		<document><![CDATA[One more week of school holidays. I'm so exhausted from moving house &amp; having my three kids with me almost all the time. No time alone, argh]]></document>
		<document><![CDATA[The Australian history boom has busted, but there's hope it may boom again 
https://t.co/iYxgwI5r9V via @ConversationEDU]]></document>
		<document><![CDATA[I Was at Trump’s Inauguration. It Was Tiny.  via @thenation https://t.co/ixXD06B4yU]]></document>
		<document><![CDATA[Ok Summer, that's enough now. You can go home. Your hot days have been too frequent this year and I'd like to regain some energy back.]]></document>
		<document><![CDATA[@rfidler @KateForsyth Oh you've made my day!! Thank you.]]></document>
		<document><![CDATA[@rfidler @KateForsyth Is this a new one with her or last year's one repeated? I loved last year's one btw!]]></document>
		<document><![CDATA[@dantdmlive 
Remote Control - Michael

Monkey Bars - Evie]]></document>
		<document><![CDATA[Kids and I are excited to see #DanTDM now! #Operahouse #Minecraft https://t.co/EDfQbjGaRI]]></document>
		<document><![CDATA[I'm disgusted and surprised by this incident. Normally Macquarie's a very laid back, down to earth sort of place. https://t.co/sNEaVwB0TD]]></document>
		<document><![CDATA[Murray Cox: The Australian pricking Airbnb’s global bubble #unfairbnb 
https://t.co/D4k9TsqzgI via @Domaincomau]]></document>
		<document><![CDATA[Yes but it's also *not* peer reviewed. Remains to be seen how good it is.  https://t.co/3Tt0UumwCg]]></document>
		<document><![CDATA[Loving the view from my bedroom in our new house. https://t.co/XTOz3Pral8]]></document>
		<document><![CDATA[@mynameispurpose Yes that part's not great. It's not much of a problem for me as I'm usually not in crowded places.]]></document>
		<document><![CDATA[Having said that, I might feel differently if I lived in a place where it rained a lot.]]></document>
		<document><![CDATA[Ah beautiful, soft, summer rain on a cool day....how I've missed you! I really am a pluviophile.]]></document>
		<document><![CDATA[.@perkinsy That was lovely &amp; interesting to read. I never knew about her research into religious history in Aust. That would be interesting.]]></document>
		<document><![CDATA[@McLarenJen Yes think snow and maybe we'll cool down! Apparently a southerly has hit coast now but not suburbs til afternoon. 😳]]></document>
		<document><![CDATA[My poor 11yo has played 3 hrs of soccer this morning in this heat. We're now at home, in air-con comfort. Not leaving, even if food runs out]]></document>
		<document><![CDATA[@JanzenBrycen Yes but at least you'll be part way through a PhD.  It'll take me almost 10 years to complete my BArts as I'm bringing up kids]]></document>
		<document><![CDATA[Am now planning a significant birthday party for a significant person in my life who prefers not to draw significant attention to himself.]]></document>
		<document><![CDATA[I am grateful for modern dentistry but that doesn't mean I have to like it.]]></document>
		<document><![CDATA[@RevDaniel @leukgirl Also learning to let go or at least analysing why you can't let it go and eventually you get over it and let it go.]]></document>
		<document><![CDATA[Re LT: my hometown Newcastle is a case in point, it appears to have become a hipster haven.]]></document>
		<document><![CDATA[Regional towns are the new inner city as buyers &amp; cafe culture move further out.
https://t.co/qzww3Kci2u via @newscomauHQ]]></document>
		<document><![CDATA[I don't like busting my guts getting to an appointment on time only to have to wait 45mins before I see the doctor/specialist. #vet #dog]]></document>
		<document><![CDATA[@mynameispurpose I'm so not used to that. I remember being in NYC one March and trying to smile for a photo one night but my teeth hurt!]]></document>
		<document><![CDATA[@mynameispurpose Yes it would be tempting. At least summer temps vary a lot. It was 40 today but 25 tomorrow. At least breeze is here now.]]></document>
		<document><![CDATA[So glad I could spend the day indoors. And that we now have air-con. I really am grateful. #heatwave #hatehotweather]]></document>
		<document><![CDATA[I don't think students are aware that their teachers are interested. Most students seem afraid of office hours. https://t.co/JBdggIviiv]]></document>
		<document><![CDATA[@renhistorian that was my exact thought too!]]></document>
		<document><![CDATA[And I could really do without the signing &amp; dating needed on every page. I know *why* it's necessary but still... 🙄]]></document>
		<document><![CDATA[Finishing off the Condition Report to end all Condition Reports. I've never had such a minutely detailed one before. 110 pages! #renting]]></document>
		<document><![CDATA[Which reminds me that I need to enrol in my next uni classes.]]></document>
		<document><![CDATA[I've hit that point in the summer where I love the slow mornings but am getting frustrated at how little gets done as kids w me all the time]]></document>
		<document><![CDATA[Trumponomics 'will not work', say Nobel-winning economists 
https://t.co/8WquoZZX86 via @smh]]></document>
		<document><![CDATA[@Praxeas Hi Andrew, I hope you're well and have had a good Christmas. I have just sent you a DM with a question about scholars. Thanks.]]></document>
		<document><![CDATA[Pink-collar jobs: Why men don't want the jobs done mostly by women https://t.co/AIGxd1zWHF via @smh]]></document>
		<document><![CDATA[Re LT: It's a lovely thought and tempting to think it could've been good for her but would she have gotten over her fears enough to do it?]]></document>
		<document><![CDATA[Would Marilyn Monroe's career (and life) have been different if she had acted on stage? 
https://t.co/Y26iusXOHG via @ConversationEDU]]></document>
		<document><![CDATA[Why people think they're right, even if they're wrong.  https://t.co/Z8TT6wdHRf]]></document>
		<document><![CDATA[😂 and Dead Poets is one of my favourite films! https://t.co/H2DmVDqrev]]></document>
		<document><![CDATA[Though I'd be surprised if *all* the descendants were still wealthy. Surely it's only some descendants?? https://t.co/zWaS9WSDgl]]></document>
		<document><![CDATA[@katrinafee oh no! I it's ok now. When we lived in Brisbane for 2 yrs I used to dread the rain - it made it more sticky &amp; humid.]]></document>
		<document><![CDATA[So grateful to have air-con in our new house. 40degrees is intolerable.]]></document>
		<document><![CDATA[@RevDaniel I love that you've done rather understated small font rather than the big shouty font memes usually have. It works well here.]]></document>
		<document><![CDATA[I haven't read any reviews but based on the huge amount of advertising going around I'm guessing Brad Pitt's latest film Allied must be bad.]]></document>
		<document><![CDATA[We had to give a 3min presentation to the class this yr. Most students didn't speak that well: eye contact, voice projection, and grammar.]]></document>
		<document><![CDATA[Seems odd that unis &amp; schools put so much emphasis on writing properly yet students aren't taught oral communication https://t.co/EPGkl4EQ18]]></document>
		<document><![CDATA[@flissina Yes, I have a hard time believing it myself but I get that there are some similarities.]]></document>
		<document><![CDATA[@mynameispurpose I'd say it's the Aussies who got it wrong.]]></document>
		<document><![CDATA[Day 4 in our new abode. Still living in chaos. *sigh* https://t.co/epmSur2sIj]]></document>
		<document><![CDATA[New York City is really similar to Melbourne, Australia 
Thoughts anyone? 
https://t.co/kxgqUOGoAB]]></document>
		<document><![CDATA[Interesting. Wondering how historically accurate it is. Might be fun though. 
VR medieval living. https://t.co/CjDoDqyqhu]]></document>
		<document><![CDATA[@RevDaniel I'm the same. I really love it too but many characters not so much.]]></document>
		<document><![CDATA[So, so good. I love @RevDaniel constant wisdom. https://t.co/BPjq6Pglu8]]></document>
		<document><![CDATA[@RevDaniel It sounds a bit like the shepherds are today's evangelicals.]]></document>
		<document><![CDATA[Re LT: It's one of the big picture issues I'm wanting to explore in one of my writing projects.]]></document>
		<document><![CDATA[I found this very interesting: 'Is neo-liberalism making us sick?' a discussion with Phillip Adams. #ABCRadio  https://t.co/sDk19UsfGH]]></document>
		<document><![CDATA[@shepm thanks!]]></document>
		<document><![CDATA[Moving day. Removalists here in 30 minutes. 😬]]></document>
	</documents>
</author>