<author lang="en">
	<documents>
		<document><![CDATA[World leaders duped by manipulated global warming data https://t.co/KrtbOhjSQ9 via @MailOnline]]></document>
		<document><![CDATA[BuzzFeed sued over its publication of uncorroborated Trump dossier https://t.co/6nrdyaJfza]]></document>
		<document><![CDATA[Apparently Justin Trudeau is looking after these kids, as per Canadian media.

Comment? https://t.co/QioI0tqBMZ]]></document>
		<document><![CDATA[How Sierra Club’s support for Planned Parenthood reveals “racism” in green movement https://t.co/RkRxSU7C9j]]></document>
		<document><![CDATA[BREAKING : George Soros ARREST On The Table ? Hungarian Foreign Minister https://t.co/nO0HgGvC2M via @YouTube]]></document>
		<document><![CDATA[Berkeley Blowback: Milo Book Sales Soar 12,740% Overnight | Zero Hedge https://t.co/Zo7P4ceIBU]]></document>
		<document><![CDATA[...hopefully we will change:  "wishful thinking" to "action" during the elections. https://t.co/HmsWU7EESF]]></document>
		<document><![CDATA[I also hope that Ontario will vote Wynne out. https://t.co/3NmLXzFCwO]]></document>
		<document><![CDATA[Sincerely hope so! 
You made my day/weekend happier - thank you. https://t.co/fZPEsUURe0]]></document>
		<document><![CDATA[Thank you @TarekFatah  - you are a great Canadian. https://t.co/IZp9E6DJvN]]></document>
		<document><![CDATA[*Milo doesn’t have a TV show (yet) but he gives talks and is on a campus tour.*

YET!

Great article. https://t.co/cgIpOrTxV6]]></document>
		<document><![CDATA[Trump’s secret trip honors fallen hero https://t.co/jeT9YXzpNG via @ReadTheHornNews]]></document>
		<document><![CDATA[Yes, perhaps to Russia. Putin is waiting.... https://t.co/rAAN6oFVQi]]></document>
		<document><![CDATA[Jobless claims drop to 246,000 in first week of Trump administration https://t.co/HKLIP1zts2 via @DCExaminer]]></document>
		<document><![CDATA[Morale at Homeland Security has 'skyrocketed' under Trump https://t.co/ImawElhn40 via @DCExaminer]]></document>
		<document><![CDATA[Lawyer Phil Shiner struck off for fake allegations against Iraq troops https://t.co/otpVf4h7xo via @MailOnline]]></document>
		<document><![CDATA[Establishment Hawks Go To War Against Steve Bannon, But They’re Weaker Than Ever https://t.co/tmlLizHM9P via @dailycaller]]></document>
		<document><![CDATA[Trump, Trudeau to meet: What could go wrong? https://t.co/cYZPcCxcqV via @YouTube]]></document>
		<document><![CDATA[Leaked Executive Order Reveals Trump Crackdown On Immigrant Welfare | Zero Hedge https://t.co/sUl6rjf4OS]]></document>
		<document><![CDATA[Jeff Session approved!]]></document>
		<document><![CDATA[#fakenews - there is no ban on muslims! https://t.co/DPSyeykUud]]></document>
		<document><![CDATA[Go to Afghanistan and check it out. https://t.co/Pb49JbaWPb]]></document>
		<document><![CDATA[#CanadianFakeMediaNews will NOT report this... https://t.co/3Q4dMC25xZ]]></document>
		<document><![CDATA[The United Arab Emirates' top diplomat has come out in defense of Trump's immigration ban https://t.co/WJwVFxZeXe via @bi_contributors]]></document>
		<document><![CDATA[Poland's Conservative Government Promises to 'Seal the Borders' https://t.co/eSrTATZdPZ via @BreitbartNews]]></document>
		<document><![CDATA[Ezra Levant fears The Rebel will be censored by Trudeau government https://t.co/zPgzexU5uC via @CIJNewsEN]]></document>
		<document><![CDATA[The Truth About Trump’s ‘Muslim Ban’ - @IsraelVideos https://t.co/W6uo0ZKVxR]]></document>
		<document><![CDATA[Fair question - there will be no answer, I presume. https://t.co/J9sKQFUX36]]></document>
		<document><![CDATA[Here’s A Reel Of Cars Plowing Through Protesters Trying To Block The Road [VIDEO] https://t.co/Mqs8KgA2HO via @dailycaller]]></document>
		<document><![CDATA[ICNA Canada contradicts Trudeau: “Islam is totally incompatible with western democracy” https://t.co/KwuZ9nyQFn]]></document>
		<document><![CDATA[WSJ to Cut Jobs in Europe, Asia Bureaus of Paper, Union Rep Says https://t.co/f5sd1VlXjX via @business]]></document>
		<document><![CDATA[Bucks County Authorities Make Arrest In Fetish-Themed Child Predator Sex Ring https://t.co/OImaUCkvwM]]></document>
		<document><![CDATA[Hungarian Foreign Minister: Soros 'In The Background' of Organisations Helping  - Breitbart https://t.co/TU603Kj2HK via @BreitbartNews]]></document>
		<document><![CDATA[Polish Foreign Minister Says Trump Has the Right to Ban Immigrants https://t.co/Hy4qdPZycv via @BreitbartNews]]></document>
		<document><![CDATA[Report: Syrian Refugee Enrolled In Canadian High School Sexually Assaulted 14-Year-Old Girl [VIDEO] https://t.co/P1Z27ookFM via @dailycaller]]></document>
		<document><![CDATA[If... https://t.co/dg7DVrBK7b]]></document>
		<document><![CDATA[He did not expect this.....he did not think it was "m by m"... https://t.co/K9S0I67gRv]]></document>
		<document><![CDATA[He believes - it's HIS country now...... https://t.co/VDnT0sd14D]]></document>
		<document><![CDATA[Why The Cold War Between Tech CEOs and Trump Is About To Go Nuclear | Zero Hedge https://t.co/WSWHP6jOwU]]></document>
		<document><![CDATA["Script" provided by Soros - obviously.... https://t.co/hogJatGM2Q]]></document>
		<document><![CDATA[....and Trudeau as speaking for ALL Canadians.

He is NOT speaking for me. https://t.co/yNwSL2DwuJ]]></document>
		<document><![CDATA[Now please... https://t.co/STQ1hIIWr0]]></document>
		<document><![CDATA[*“Every country has the right to determine their policies,” said Hussen.* https://t.co/aWV39BdWIp]]></document>
		<document><![CDATA[Seven Inconvenient Facts About Trump's Refugee Actions - Breitbart https://t.co/IkWtZeg4m1 via @BreitbartNews]]></document>
		<document><![CDATA[Sincerely hope so! https://t.co/moeN5jjGbc]]></document>
		<document><![CDATA[Watch: Trump Snubs The Media While Boarding Air Force One, Twitter Hilariously Reacts https://t.co/2hHcVaZJeR]]></document>
		<document><![CDATA[I hope Trudeau is watching. His Mexican Amigo's decisions have consequences. https://t.co/aU8Dvc6AqB]]></document>
		<document><![CDATA[Soros-Funded Media Matters Secretly Plotting to ‘Stop’ Breitbart News - Breitbart https://t.co/7PigQc99dN via @BreitbartNews]]></document>
		<document><![CDATA[I don't care about his heir. I hate what he says and does. Every time I see his picture I want to scream... https://t.co/55ah3xhzP7]]></document>
		<document><![CDATA[They want Hillary - still...

#FakeNewsMedia https://t.co/qGTTHOP7iC]]></document>
		<document><![CDATA[...nice hair, though. https://t.co/CYExxBfvy2]]></document>
		<document><![CDATA[Victoria 'F*ck the EU' Nuland Leaves Her Post at the US State Department: https://t.co/ygJ5jhzDjn via @SputnikInt]]></document>
		<document><![CDATA[Reading about all his [Kennedy's] "accomplishments" -  I'm not surprise that the new Admin. doesn't want to keep hi… https://t.co/qzCT6mW8nr]]></document>
		<document><![CDATA[What a pompous [.....]! https://t.co/7JymHu1hoh]]></document>
		<document><![CDATA[Left or asked to leave - which one is a #fakenews? https://t.co/iiv6eWBR5u]]></document>
		<document><![CDATA['... the Paris climate agreement or other environmental treaties...' could be affected. https://t.co/QDMDi7yF5z]]></document>
		<document><![CDATA['Opposites attract': Theresa May signals strong relationship with Trump https://t.co/0R8cRLvKLX]]></document>
		<document><![CDATA[Don't fight with the "giant" - negotiate instead - my opinion. https://t.co/JKdaEV1RxC]]></document>
		<document><![CDATA[The peso is tumbling after Mexico's president says he won't meet with Trump https://t.co/azvpVc3Sw3 via @BIUK_Finance]]></document>
		<document><![CDATA[The Entire Senior Management Team At The State Department Just Resigned | Zero Hedge https://t.co/S3Ncu449h6]]></document>
		<document><![CDATA['Hypocrites can’t be trusted, nor do they deserve respect.'

Interesting article. https://t.co/znOp8kzXwZ]]></document>
		<document><![CDATA[VIDEO : Black Trump Supporter Weighs in on Chicago "Black on Black Terrorism is Out of Control" https://t.co/Uf6vG4xffc]]></document>
		<document><![CDATA[Women's March: Idiots duped by Muslim con artist https://t.co/wZFyDd9In3 via @YouTube]]></document>
		<document><![CDATA[She didn't care much about suffering Ontarians - until – they started to call her names. Sad, but - at least - they… https://t.co/Zi2k7TKJTN]]></document>
		<document><![CDATA[US no longer ‘full democracy’ – Economist Group report https://t.co/k3xFU4Iebs]]></document>
		<document><![CDATA[A white Trump voter explains why he left a black waitress a $450 tip with an uplifting https://t.co/qjDNk46RDb]]></document>
		<document><![CDATA[Sean Spicer's 7 Year Feud with Dippin' Dots Appears to be Coming to an End https://t.co/ziaSTtU2qN #Lifestyle via @pjmedia_com]]></document>
		<document><![CDATA[Very interesting....

Hey, but there is no 'voter fraud' - says CNN @jaketapper . https://t.co/rl1RAd4nGN]]></document>
		<document><![CDATA[Canadian Liberals wouldn't want similar investigation either - my opinion. https://t.co/B83ulmIlbE]]></document>
		<document><![CDATA[...and why should  we 'simply' believe you, @jaketapper? https://t.co/rlgS3DKaoj]]></document>
		<document><![CDATA[Are you a "LEFT WING" @globalnews ? https://t.co/pN5dj0brv5]]></document>
		<document><![CDATA[Obama is gone - this boy has to go, too.  Soon. https://t.co/AJVltJB6sM]]></document>
		<document><![CDATA[Hard work leads to success. Congratulations to the Commander of not-surprisingly successful 'Breitbart North'… https://t.co/cZaYvN3RuT]]></document>
		<document><![CDATA[Trump Advances Keystone and Dakota Pipelines, Fulfilling Pledge.

https://t.co/m3z15QHBPu]]></document>
		<document><![CDATA[Trump signs executive order advancing Keystone XL and Dakota Access pipelines https://t.co/z2W4DM7Y53]]></document>
		<document><![CDATA[Sean Spicer takes free Dippin’ Dots away from the press corps and gives it to the troops, first responders https://t.co/6lAugHwNB1]]></document>
		<document><![CDATA[Soros considers you as a "collateral damage": You are done/gone. There are hundreds of other "useful idiots" waitin… https://t.co/ql9AkpLGoO]]></document>
		<document><![CDATA[#WomensMarch Crashed By Crowder... IN DRAG! (Featuring Wendy Davis) https://t.co/QtUr8uuNdL via @YouTube]]></document>
		<document><![CDATA[President Trump - hope for American work force.
PM Trudeau - phase-out Canadian work force.

#PhaseTrudeauOut https://t.co/FSj4bzBj5V]]></document>
		<document><![CDATA[Mike Cernovich Files Lawsuit to Unseal Records in Jeffrey Epstein Pedophile Case https://t.co/4M8zSItnV5]]></document>
		<document><![CDATA[Watch: First Lady Melania Trump Weeps at National Cathedral https://t.co/Xwz8JKdPXp via @BreitbartNews]]></document>
		<document><![CDATA[Hilarious: Jenna Jameson Exposes Bill Maher’s Hypocrisy, ‘I’ve Seen You At The Playboy Mansion’ https://t.co/vUMkllZbJB]]></document>
		<document><![CDATA[CNN - was there anything more important at the press conf. than this? https://t.co/537FpqrOQD]]></document>
		<document><![CDATA['useful' https://t.co/mAP6AxVTTa]]></document>
		<document><![CDATA["He earned an A rating for a memorable and heartfelt performance."

YES!

Read more: https://t.co/UcWiIPIcXH https://t.co/7JElBZnz9W]]></document>
		<document><![CDATA[Chuck Schumer Probably Shouldn’t Have Insulted Tom Cotton About Where He Was Eight Years Ago https://t.co/2o6LrthySk via @dailycaller]]></document>
		<document><![CDATA[Russia Receives Daesh Coordinates in Al-Bab From US: https://t.co/Fu3fUkB6U2 via @SputnikInt]]></document>
		<document><![CDATA[JUST IN : Mattis Celebrates First Day At Pentagon By Ordering 31 Strikes Against ISIS! https://t.co/B4A2WAKiHq]]></document>
		<document><![CDATA[Have to remind the world of the "amigos". https://t.co/H7VjwQWmnF]]></document>
		<document><![CDATA[Q to people in Poland: do you like/want what Obama did? https://t.co/qis7T0Df6V]]></document>
		<document><![CDATA[DHS Whistleblower Ready To ‘Drain The Swamp’ With Trump [VIDEO] https://t.co/u8hE2ubmj4 via @dailycaller]]></document>
		<document><![CDATA[Feminists helped attacker of female journalist flee the scene: The Rebel https://t.co/ptgjZzE00h via @CIJNewsEN]]></document>
		<document><![CDATA[Trump: ‘We’re Going to Start Renegotiating' NAFTA - Breitbart https://t.co/N732EdlGtI]]></document>
		<document><![CDATA[Foreign Protesters Get Whiny Over Being Turned Away at U.S. Border | RedState https://t.co/dMcXLglPee]]></document>
		<document><![CDATA[What a joke he is. https://t.co/LdeUJ70Tzd]]></document>
		<document><![CDATA[Wow. He is great!!! https://t.co/E5cWmSenXq]]></document>
		<document><![CDATA[Canada 150 logo joins long list of publicly-funded graphic design fails https://t.co/C42GX9LK9R]]></document>
		<document><![CDATA[Well … BYE. Katie Rich, SNL writer who tweet-bullied Barron Trump, deactivated her Twitter account https://t.co/KpKGXv0dkD via @twitchyteam]]></document>
		<document><![CDATA[Yes. Played and used --- by the globalists. https://t.co/sQILqYh2OY]]></document>
		<document><![CDATA[Russia, Kuwait Discuss Possible Construction of Nuclear Power Plant: https://t.co/35oBFwTPz9 via @SputnikInt]]></document>
	</documents>
</author>