<author lang="en">
	<documents>
		<document><![CDATA[@owenkeatley happy birthday mate have a good one😎x]]></document>
		<document><![CDATA[Jacks got life in prison]]></document>
		<document><![CDATA[Canny fucking believe this, my gran goes through a fucking hell of a lot]]></document>
		<document><![CDATA[Bored eh this laks]]></document>
		<document><![CDATA[@_JSummerrs happy birthday mate have a good one x]]></document>
		<document><![CDATA[@beccadownie_x happy birthday have a nice day xx]]></document>
		<document><![CDATA[@RyanHutchison16 happy birthday bro, have a good one❤️ https://t.co/niC2h1HAwH]]></document>
		<document><![CDATA["Doomsday clock" what a fucking load eh pish]]></document>
		<document><![CDATA[Surely seeing somecunt is 3 different friends characters on ur timeline, puts you off taking the fucking quiz]]></document>
		<document><![CDATA[Worst being awake at this time and bored]]></document>
		<document><![CDATA[She defo didn't marry him cause she loves him anyway https://t.co/AFV0v546OX]]></document>
		<document><![CDATA[Worst mood AV been in for a long time]]></document>
		<document><![CDATA[Jedward are fucking fannys, would happily stab both, defo shag eachother anaw]]></document>
		<document><![CDATA[Fuck ma life]]></document>
		<document><![CDATA[@beardanjeI fuck up you grave robbing deed body shagging goth]]></document>
		<document><![CDATA[@beardanjeI fishing for retweets you daft cunt away n die]]></document>
		<document><![CDATA[@beardanjeI shame that no one who retweeted this actually does https://t.co/1pl5qmfOkB]]></document>
		<document><![CDATA[Life😑]]></document>
		<document><![CDATA[Stomach is in fucking bits😷]]></document>
		<document><![CDATA[@LucyKayy_ @cutestpupss a want one]]></document>
		<document><![CDATA[@Eilidhf_ happy bday have a good one x]]></document>
		<document><![CDATA[Wee cunt gonna gets what coming]]></document>
		<document><![CDATA[Honestly don't think it's too much to ask for cunts to just no stink eh shite]]></document>
		<document><![CDATA[Annoying sitting next to someone who's breath smells eh proper shite]]></document>
		<document><![CDATA[@KieranPirie happy bday mate have a good one x]]></document>
		<document><![CDATA[Cba with snow like]]></document>
		<document><![CDATA[January is definitely the worst month]]></document>
		<document><![CDATA[Sherlock Holmes is actually very decent]]></document>
		<document><![CDATA[If anyone wants to ken what the worst program ever made is turn on too bbc one now]]></document>
		<document><![CDATA[Ollie is wearing chinos]]></document>
		<document><![CDATA[Time to try fucking kip wae this bloody dressing around my finger]]></document>
		<document><![CDATA[Too late for this shite Cba even making one oh well]]></document>
		<document><![CDATA[Just brilliant having to make a new bloody Snapchat fuck sake]]></document>
		<document><![CDATA[Snapchat no letting me log in hahaha defo been hacked n password changed😠]]></document>
		<document><![CDATA[Can not sleep one bit]]></document>
		<document><![CDATA[Fuck me am talking a power that's it]]></document>
		<document><![CDATA[In so much pain why's life never just all sound 😫]]></document>
		<document><![CDATA[Good start to the day ripping my nail off hahaha blood everywhere]]></document>
		<document><![CDATA[Fuck me why do I feel shit, no felt like this in ages]]></document>
		<document><![CDATA[Jaws is fucking shite]]></document>
		<document><![CDATA[@jackmurray55 fucking spice boy]]></document>
		<document><![CDATA[Dallas buyers club is an unreal watch like]]></document>
		<document><![CDATA[@abbypetersonx happy bday Abby! Have a class one😇😇xx]]></document>
		<document><![CDATA[Worst crimbo like hahah]]></document>
		<document><![CDATA[Don't think AV ever been this bored]]></document>
		<document><![CDATA[Christmas is heavy boring like rather be out]]></document>
		<document><![CDATA[Just another day like]]></document>
		<document><![CDATA[@woody1875hibs happy bday bro, have a good Christmas anaw xx]]></document>
		<document><![CDATA[How's Keith lemon allowed on tv still]]></document>
		<document><![CDATA[Fucking Baltic man]]></document>
		<document><![CDATA[Town in this weather should be fun]]></document>
		<document><![CDATA[Could do with a lift like]]></document>
		<document><![CDATA[Canny wait for a bevy]]></document>
		<document><![CDATA[Weird when people repetitively follow you on Instagram and you clearly keep declining]]></document>
		<document><![CDATA[@GregTodd67 @samjxnes also be good if they chucked in a couple half decent films]]></document>
		<document><![CDATA[@MarcDee123 happy birthday mate have a good one x]]></document>
		<document><![CDATA[It's freezing ya cunt]]></document>
		<document><![CDATA[@Robin_WlLson happy bday mate, have a good one, see u soon xx https://t.co/76jzsXTgYq]]></document>
		<document><![CDATA[Shite being ill as fuck n having nae energy🤒]]></document>
		<document><![CDATA[Really canny be fucked with the morn at all]]></document>
		<document><![CDATA[Filth is an absolutely unreal film]]></document>
		<document><![CDATA[Choked wae the cold🤒]]></document>
		<document><![CDATA[@lilyhallx1 happy bday lily have a good one xx]]></document>
		<document><![CDATA[Canny believe I've been so stupid man letting shit happening in my life get the better of me an blinding me]]></document>
		<document><![CDATA[Send help my head is a jungle]]></document>
		<document><![CDATA[Feels unreal to be in bed]]></document>
		<document><![CDATA[@blairmurrayy happy bday bro, see u later on today have a good one❤️]]></document>
		<document><![CDATA[Fucking starving n 0 decent scran in my house]]></document>
		<document><![CDATA[Canny stand a bus journey home with nae headphones]]></document>
		<document><![CDATA[@amyfindlayx happy bday ya Jake, have a class one😊xx]]></document>
		<document><![CDATA[To keep u off ma mind]]></document>
		<document><![CDATA[So many grasses about nowadays]]></document>
		<document><![CDATA[Fuck me mate]]></document>
		<document><![CDATA[Last thing I wanty do is work]]></document>
		<document><![CDATA[@OharaTrevor happy bday Trevor mate xx]]></document>
		<document><![CDATA[Guarantee I slip on ice walking to school the morn]]></document>
		<document><![CDATA[Wait for me]]></document>
		<document><![CDATA[Are you with me]]></document>
		<document><![CDATA[@EwanLawsonn happy birthday chief, have a good one, see u soon💚 https://t.co/vHJVfhKu2F]]></document>
		<document><![CDATA[Cba man, need another 4 hours in bed at least]]></document>
		<document><![CDATA[That honey G is a fat stupid stinking cunt]]></document>
		<document><![CDATA[@caraghsmith_xo happy bday caragh, have a nice day😄xx]]></document>
		<document><![CDATA[Thousand years tune lol]]></document>
		<document><![CDATA[Can u turn the "no storage" notification off cause sick eh seeing it]]></document>
		<document><![CDATA[don't know who am looking for]]></document>
		<document><![CDATA[@bennicky anyone Ken this tracks ID]]></document>
		<document><![CDATA[Someone gees a lift to school al pay]]></document>
		<document><![CDATA[Confused as fuck]]></document>
		<document><![CDATA[Fuck me I actual ignore everything n dinny listen memory is shocking to top it off]]></document>
		<document><![CDATA[Wouldn't mind feeling 100% for once]]></document>
		<document><![CDATA[heeds constantly pounding]]></document>
		<document><![CDATA[Shoulders are in bits like]]></document>
		<document><![CDATA[The middle is a beat laks]]></document>
		<document><![CDATA[Life's heavy too much effort sometimes]]></document>
		<document><![CDATA[That Scarlett has amber leaf teeth]]></document>
		<document><![CDATA[10-2 on a Sunday easy days]]></document>
		<document><![CDATA[Wait for me to come home]]></document>
		<document><![CDATA[Heeds mashed, hard trying to ignore problems]]></document>
		<document><![CDATA[And I will never want much more]]></document>
		<document><![CDATA[Alan walker ur a genius, cunt makes tunes that dinny get old]]></document>
	</documents>
</author>