<author lang="en">
	<documents>
		<document><![CDATA[@CamTucker_Sport @risingaction but there is a code of some sort to adhere to]]></document>
		<document><![CDATA[Required reading for ppl who still love this shit: https://t.co/ZXrd78tnzA https://t.co/mfL8MYcnwY]]></document>
		<document><![CDATA[@CamTucker_Sport bah.  So only KOs and TKOs]]></document>
		<document><![CDATA[@CamTucker_Sport I think it should be mandatory after every fight - considering the whole idea of fighting is to inflict head trauma]]></document>
		<document><![CDATA[@CamTucker_Sport how come no concussion protocol after fights? All the face punching and stuff]]></document>
		<document><![CDATA[@johnleewriter How is it?]]></document>
		<document><![CDATA[@BeantownCanuck will there be some sort of crisis 🚨?]]></document>
		<document><![CDATA[So when does this all become a “constitutional crisis”? Is it yet? Is the U.S. crisis-ing? https://t.co/XUQPdkfuI3]]></document>
		<document><![CDATA[@CamTucker_Sport the exasperated look from Bieksa while it was happening - and while being scrummed after - was pretty funny as well]]></document>
		<document><![CDATA[@CamTucker_Sport I meant AV's reax - I have literally never seen a coach in any sport at any level break out into a sustained giggle fit.]]></document>
		<document><![CDATA[@CamTucker_Sport yup.  Never seen anything like it before.  It's right up there with Mac-T ripping Harvey the Hound's tongue out.]]></document>
		<document><![CDATA[@CamTucker_Sport he does good impressions though]]></document>
		<document><![CDATA[Students Natalia Joya and Dana Angel build their first snowman. Some people are liking this snow. https://t.co/cpB0Zz2rQl]]></document>
		<document><![CDATA[Bus delays of up to an hour in West Van. Stay home. Call in sick. https://t.co/mLemdpTggy]]></document>
		<document><![CDATA[Abandoned car with Washington plates prompts search on Cypress Mountain https://t.co/WJJJHZfQcV]]></document>
		<document><![CDATA[Up to 20 cm of snow expected. Snowfall warning in effect for Metro Vancouver https://t.co/xrBrWL4cKi]]></document>
		<document><![CDATA[Hey Vancouver, the snow is back! The snow is back! 😕 https://t.co/Gj6yjsd1z9]]></document>
		<document><![CDATA[Score.  Free street pants! https://t.co/a1UpVyXccu]]></document>
		<document><![CDATA[Diesel not pleased with Chuck https://t.co/EVcRu7cSSS]]></document>
		<document><![CDATA[Helps explain Vice's $4b valuation. Just kidding. But jeez. https://t.co/3brS9pq5BK]]></document>
		<document><![CDATA[From Boston https://t.co/tDwzNgL781]]></document>
		<document><![CDATA[They gonna re-release the old good one. https://t.co/JenaCMfOYi]]></document>
		<document><![CDATA[@brianb3648 @TheSportMarket @Southsiders the ban will cover most of April - and could be extended indefinitely https://t.co/D4U9jKka55]]></document>
		<document><![CDATA[Whitecaps supporter group @Southsiders cancel U.S. bus trips due to Trump travel ban

https://t.co/O7dprw7qOK https://t.co/7WIxaofyPR]]></document>
		<document><![CDATA[@chadskelton Tableau is still tricky for media websites  because even with the latest update it's still can be iffy on mobile.]]></document>
		<document><![CDATA[@GerryKahrmann That's great news. I didn't think you were.]]></document>
		<document><![CDATA[It's like the longest season of Survivor https://t.co/XDgIFrvvgc]]></document>
		<document><![CDATA[That is one handsome mistress. https://t.co/8pJVEUm0oY]]></document>
		<document><![CDATA[The good news is everybody leaving is doing so on their own terms (voluntarily buyouts). Sad to see so many go though.]]></document>
		<document><![CDATA[Those RTs are just a fraction of the people leaving the newsroom today.]]></document>
		<document><![CDATA[So many newsroom hugs today. More than normal. 😧 #blacktuesday]]></document>
		<document><![CDATA[@1Cooop did you mean to DM that?]]></document>
		<document><![CDATA[Maybe we'll finally get an In-N-Out Burger https://t.co/8wY7ZKYNDw]]></document>
		<document><![CDATA[@Derek_Spalding Alternate headline: BBQ in Lambton County]]></document>
		<document><![CDATA[I was just thinking it's been too long since we had snow in Vancouver https://t.co/CvM0O6vwnf]]></document>
		<document><![CDATA[Is that really what he said? https://t.co/znS9AWOIy3]]></document>
		<document><![CDATA[This will make you feel a lot better and improve your Twitter experience #mute https://t.co/4Y7ocwDngT]]></document>
		<document><![CDATA[@BeantownCanuck it's all media.  Traditional advertisers have disappeared.  Local outlets are owned by Corps with no stake in communities]]></document>
		<document><![CDATA[@JoelProsser I don’t know how their personnel decisions are made - we have our own bloody carnage to deal with here - but it’s disheartening]]></document>
		<document><![CDATA[@portmoodyguy let me know when you start selling your “Sorry but I have a butthole!” T-shirts.]]></document>
		<document><![CDATA[Are there 2 broadcasters out there better than Rintoul &amp; Schaad? I get our business is in trouble but bloodletting… https://t.co/yRKpHqtLDV]]></document>
		<document><![CDATA[@HayleyCBee Also a daughter named Georgetta]]></document>
		<document><![CDATA[Car2Go replacing older Smart cars with Mercedes Benz sedans and SUVs … ya, they’ll cost more.

 https://t.co/TDkv3EKi1i]]></document>
		<document><![CDATA[Should've doled it out baby-bird style https://t.co/SRSg8mGzbU]]></document>
		<document><![CDATA[wha? https://t.co/jcIcNfWck4]]></document>
		<document><![CDATA[Wow. From broadcast booth to a GM job. https://t.co/2fGnb5wM9o]]></document>
		<document><![CDATA[@chadganske William Harrison lasted just  one month. But he died of pneumonia.]]></document>
		<document><![CDATA[It’s a rare executive order that is met with approval from both Jihadis and white supremacists. #crazytimes https://t.co/QgtoeemGE4]]></document>
		<document><![CDATA[@PeterAlexander  but the official wouldn’t go on record?]]></document>
		<document><![CDATA[@legenie041 it’s snowflake. One word. Dummy.]]></document>
		<document><![CDATA[@legenie041  hey it’s the troll I slapped around earlier today!]]></document>
		<document><![CDATA[But he said … https://t.co/BGbwlypkUf https://t.co/oZkNg339jC]]></document>
		<document><![CDATA[Yikes   McDavid back foot to backhand]]></document>
		<document><![CDATA[I hope @NHL comes out with a behind the scenes show from this weekend.  I’d love to watch more of the legends mixing with the young stars.]]></document>
		<document><![CDATA[Ppl don’t like Cary Rae? https://t.co/4PeXSnHywu]]></document>
		<document><![CDATA[This administration has done so many outrageous things - that their downplaying of the Jewish genocide in WW2 is mo… https://t.co/STi5bK0Pjm]]></document>
		<document><![CDATA[@legenie041 @rose_car @AndreaWoo @nytimes I’m looking for the translate option on this tweet … but stupid isn’t a language.]]></document>
		<document><![CDATA[@NazanineHozar fucking hell.  This is a nightmare.]]></document>
		<document><![CDATA[@NazanineHozar ☹️this whole thing sucks]]></document>
		<document><![CDATA["I’ve spoken to community members here who have spouses who are working in Seattle and they can’t see them" https://t.co/I3BPDTVP7t]]></document>
		<document><![CDATA[Another one ... https://t.co/zKgQ1apz3n]]></document>
		<document><![CDATA[@laurby @ABC spaceballs is fine.  But he's the elephant man!!!]]></document>
		<document><![CDATA[Spaceballs?!? That’s one of the two that you pick? https://t.co/6MXHLmE2ke]]></document>
		<document><![CDATA[No Draisaitl? This list should go to 11.  https://t.co/IjoNhiCZpY https://t.co/atxKx6IOM9]]></document>
		<document><![CDATA[@bethanylindsay way better than a cat cafe ... 🍻 + 🐶 = 💰]]></document>
		<document><![CDATA[@bethanylindsay could've worse - could've been called a Drinkery]]></document>
		<document><![CDATA[Of course not.  Bring on the pig people! https://t.co/tmn3yammDp]]></document>
		<document><![CDATA[Vancouver Aquarium gives Ocean Wise status to B.C.’s giant red sea cucumber. I will pass.
https://t.co/a413JJjpch https://t.co/Zlue27tJVc]]></document>
		<document><![CDATA[IHIT @HomicideTeam has taken over investigation into latest shooting in Surrey.   https://t.co/qFgzYcK1v0 https://t.co/m6qXO7vTf5]]></document>
		<document><![CDATA[@OnsideWithJouni Huh, when did he play there?]]></document>
		<document><![CDATA[@FAYEERBE I don't think they photoshop her out. It's just a different angle from the video screen grab on the right.]]></document>
		<document><![CDATA[and hope that pig people will soon be a thing https://t.co/FtJNvOG1D6]]></document>
		<document><![CDATA[Can 3 SIM cards be next?!?! Where will it stop? This could get like the great razor blade wars. https://t.co/RSacAdhsIR]]></document>
		<document><![CDATA[@JSB_TV That sign is going to mess with traffic]]></document>
		<document><![CDATA[@michaelroston @nytimes it's hard being the middle generation]]></document>
		<document><![CDATA[@Lesley1031 is that enough research for you, Lesley? You didn’t even read the article I Tweeted out.]]></document>
		<document><![CDATA[@Lesley1031 there are currently zero Nanaimo local kids on the Nanaimo Clippers roster https://t.co/u4B1byccAr]]></document>
		<document><![CDATA[@Lesley1031 take a look at Portland’s front office staff https://t.co/v30P5YtuYv compared to the Clippers’ https://t.co/01SDwLI3HT]]></document>
		<document><![CDATA[@Lesley1031 when that failed because they couldn’t secure government support, Gallacher bought the Portland Winterhawks of the WHL.]]></document>
		<document><![CDATA[@Lesley1031 Bill Gallacher &amp; Ken Wagner, majority owners, both oil men, tried to build an arena in 2006 with plans to bring in a WHL team.]]></document>
		<document><![CDATA[@Lesley1031 what is an employed playet? And why is it in quotes?]]></document>
		<document><![CDATA[@Lesley1031  WHL is a bigger operation than BCHL with more people in front office and on hockey staff.  It’s not comical it’s just a fact]]></document>
		<document><![CDATA[@Lesley1031 I covered the BCHL for about 15 years, including six years in Nanaimo as sports editor. Lol lol]]></document>
		<document><![CDATA[@Lesley1031 current owners are Calgary oil men]]></document>
		<document><![CDATA[@Lesley1031  Clippers have had about 4 or 5 different owners in the last decades - and most haven’t been local. WHL will employ more locals]]></document>
		<document><![CDATA[@Lesley1031 @gdrinnan  there is already a junior A team playing there.  The WHL franchise would take its place.]]></document>
		<document><![CDATA[@Lesley1031 @gdrinnan the story says team will play out of Frank Crane Arena for two seasons while rink is constructed]]></document>
		<document><![CDATA[@AliciaATobin I wouldn’t go stalking the meter maid and posting her video on YouTube however. I’d just yell dirty words at the ticket.]]></document>
		<document><![CDATA[@AliciaATobin sure … there is that.  But I dunno - someone should be able to pull over their car for a minute without being dinged for $60]]></document>
		<document><![CDATA[If city approves new rink, WHL could land in Nanaimo soon as next season. Good stuff from @gdrinnan https://t.co/wR8Nd0a56f]]></document>
		<document><![CDATA[And Jordan Subban is returned to the Utica Comets #canucks https://t.co/hPu6z6C83Y]]></document>
		<document><![CDATA[@sportsnetmurph @TysonNash Make sure you don't air this 1995 Blazers boy band video of him singing End of The Road  https://t.co/qRbmoZ2Tgo]]></document>
		<document><![CDATA[Wait - how was he able to get verified then? https://t.co/Un0Ha2QFa6]]></document>
		<document><![CDATA[Farewell, Railway Club
Hello, Railway Stage &amp; Beer Café

https://t.co/0vzYJWCXaR]]></document>
		<document><![CDATA[@jonnywakefield TIL Fort Nelson is now Northern Rockies … and Jonny is the most popular fella in town]]></document>
		<document><![CDATA[@GoofyGemini I dunno - I think she thinks I am Senator Scott Brown from Massachusetts - even though she understands I live in Canada 🤔]]></document>
		<document><![CDATA[@karenfadus oh I get it ... you are a moron.  Carry on.]]></document>
		<document><![CDATA[@karenfadus Karen did you wake up on the wrong side of the hole today?]]></document>
		<document><![CDATA[@bruce_arthur @karenfadus I'm floored that it's not an https://t.co/f7I7HPc0u6 address.]]></document>
		<document><![CDATA[I will file this under random weirdo tweets. https://t.co/fMj0QPG3Gj]]></document>
	</documents>
</author>