<author lang="en">
	<documents>
		<document><![CDATA[@davidrose62 was a shocking decision like haha never a pen but a wins a win]]></document>
		<document><![CDATA[if Celtic never scored 5 goals we would be getting beat 2-0 🤔]]></document>
		<document><![CDATA[Thanks https://t.co/dqnXLfvX0u]]></document>
		<document><![CDATA[@laurendoudiex aye I've always smoked menthols gaha]]></document>
		<document><![CDATA[@laurendoudiex haha everybody says that 😂]]></document>
		<document><![CDATA[@SneddenMaxine dono might just buy 10 lol no really bothered if a just smoke when am drinking 😂]]></document>
		<document><![CDATA[2 weeks of the fags 😬🚬❌]]></document>
		<document><![CDATA[@bet365 @LouisGemmell1 so if hearts score first u take my £30 but because they didn't u bend the rules and only give me £6 profit?? Deleted]]></document>
		<document><![CDATA[@LouisGemmell1 @bet365 fucking shocking. Can't pay out bets! Never been heard of!!!]]></document>
		<document><![CDATA[Wish a was out 😩😢]]></document>
		<document><![CDATA[Cani wait to get this new virgin V6 box installed the morra 🤓😁]]></document>
		<document><![CDATA[Can't wait for the light mornings and nights to come again 😁☀️👌🏼]]></document>
		<document><![CDATA[@Blair_Adamson1 @RossMillerr bobby sands wouldn't even eat that]]></document>
		<document><![CDATA[Hahaha fuck city and pep 🖕🏼]]></document>
		<document><![CDATA[Nothing worse than seeing someone wear a suit and it's to big for them 😂 looks fucking horrendous.]]></document>
		<document><![CDATA[@trafficscotland is the Kincardine bridge and Clackmannanshire bridge fully open to cars?]]></document>
		<document><![CDATA[@rmurphy_x al have a look the day rhi, thanks 😊]]></document>
		<document><![CDATA[@DyllanMc_ will do bro, cheers 👍🏼]]></document>
		<document><![CDATA[@aidentully96 cheers Sen 👍🏼 will have a look]]></document>
		<document><![CDATA[Does anyone know any good log cabins with hot tubs and preferably allowed pets lol?]]></document>
		<document><![CDATA[@karendonaldson8 wasn't bad getting up this morning lol probe be worse the morra 🙈]]></document>
		<document><![CDATA[Very depressing setting your alarm for 5 o'clock after two weeks off 😩🔫]]></document>
		<document><![CDATA[Watching the jihad next door on Netflix. Fucking boils your blood the things they cunts get away with in Britain!!]]></document>
		<document><![CDATA[Class seeing everybody moaning about being back at work tomorrow and am not back until Monday 😬 #get #it #up #yeeeees]]></document>
		<document><![CDATA[Magic feeling knowing your no back to your work until the 9th 😬👌🏼]]></document>
		<document><![CDATA[@AbbieBegg @beckysnedden ken never hear the end of it haha]]></document>
		<document><![CDATA[@AbbieBegg think a need to do this too! All a ever get tagged in 😂]]></document>
		<document><![CDATA[Kevin bridges is fucking class]]></document>
		<document><![CDATA[@LiamPaul2 zatly who's wanting rolled?]]></document>
		<document><![CDATA[A coupon win the day would be very noooice 🙏🏼]]></document>
		<document><![CDATA[@aidentully96 fucking brutal man probe no get a new for a couple week]]></document>
		<document><![CDATA[Cani believe a lost ma bank card last night 😩]]></document>
		<document><![CDATA[What a film cast away is 📽📺]]></document>
		<document><![CDATA[Finished work until the 9th. Very good 👌🏼]]></document>
		<document><![CDATA[@SneddenMaxine defo max! Does ma fucking heed in like! Blast ma horn n aht when a over take them 😂]]></document>
		<document><![CDATA[Slow drivers infuriate me so much. Shouldn't be driving!]]></document>
		<document><![CDATA[He's back! Hopefully put a few past the huns 👌🏼 https://t.co/7FElfFUTf8]]></document>
		<document><![CDATA[Toast, peanut butter and jam are what dreams are made off 😍😋]]></document>
		<document><![CDATA[4 days left of work 😬🤘🏼]]></document>
		<document><![CDATA[@CM71_ARSENAL11 hahahahaha arsenal are dog shit and your a clown]]></document>
		<document><![CDATA[Millwall not scoring fucking my score and win 😩😢]]></document>
		<document><![CDATA[Nae good when your dug gets a hold of your phone and scratches fuck out your screen 😂]]></document>
		<document><![CDATA[@Blair_Adamson1 @SkySportsBoxing fucking brutal watching stuff that isn't in HD now ae haha]]></document>
		<document><![CDATA[Fuck me just turned the Leicester game on there 😲😲]]></document>
		<document><![CDATA[0-0 at half time when you've got a btts on must be the worst ever💩💩]]></document>
		<document><![CDATA[Nailed it. https://t.co/vSMnIqZ0QB]]></document>
		<document><![CDATA[Happy birthday bro 👍🏼 @RyanKennedyyy]]></document>
		<document><![CDATA[Cani want for these 2 weeks off xmas 😬👍🏼]]></document>
		<document><![CDATA[Fucking sick about all this child abuse from coaches! They should be hung]]></document>
		<document><![CDATA[Nothing worse than being fucked with the cold 😩😴]]></document>
		<document><![CDATA[Roberts through balls are class 👌🏼]]></document>
		<document><![CDATA[@Ladbrokes they done well. Clowns https://t.co/1kwxCVmFcd]]></document>
		<document><![CDATA[That's why we're champions 🍀🍀]]></document>
		<document><![CDATA[10 in a row 🍀💚]]></document>
		<document><![CDATA[The cry was no defenders 😂😂]]></document>
		<document><![CDATA[Defence? There is none]]></document>
		<document><![CDATA[@beckysnedden wit? Lol]]></document>
		<document><![CDATA[Planet earth is the best thing on tele! How do they manage to capture all this footage, unreal!]]></document>
		<document><![CDATA[@WeeBaills "not 1 of them at the were at the game" that doesn't make sense lol]]></document>
		<document><![CDATA[@WeeBaills am no one for correcting grammar mate but that doesn't make any sense haha]]></document>
		<document><![CDATA[Thank fuck Roberts is starting!]]></document>
		<document><![CDATA[Up from 6 on a Sunday with this wee cunt 😩💤😂 https://t.co/WNKId0gkRN]]></document>
		<document><![CDATA[Hopefully our first bit of silver wear the day and on the road to the treble 🍀 #cmonthehoops]]></document>
		<document><![CDATA[@conorjfrater aye a was just going to order stone island stuff. So u don't get 20% of that?]]></document>
		<document><![CDATA[@conorjfrater where's this? Cruise?]]></document>
		<document><![CDATA[How kin mcgregor start when you've got Roberts and Forrest on the bench??]]></document>
		<document><![CDATA[@Craigsnedden91 good seeing u take interest in Celtic bud]]></document>
		<document><![CDATA[@Craigsnedden91 u always seem to like ma tweets about Celtic 😂 u started supporting them now?]]></document>
		<document><![CDATA[Buzzing for the football the night! Hopefully get some sort of result 🙏🏼🍀💚]]></document>
		<document><![CDATA[@LewisRintoul aye that roads bad for it and the one from the champnay out to queens ferry is very bad like]]></document>
		<document><![CDATA[@NeeksAdamson definitely a go daft when a over take them 😂 blast the horn n aht haha]]></document>
		<document><![CDATA[Folk who drive 30mph in a 50 and 40mph in a 60 shouldn't be driving. Fucking twats 👊🏼👊🏼]]></document>
		<document><![CDATA[@ChelseyW_91 6 or 7 a think it is]]></document>
		<document><![CDATA[@patrick7roberts is one sexy wee cunt 👌🏼🍀💚]]></document>
		<document><![CDATA[@LouisGemmell1 am not. But arsenal are dog shit mate]]></document>
		<document><![CDATA[David Attenborough is the fucking man 🌍👌🏼]]></document>
		<document><![CDATA[Rangers are fucking dog shit 💩💩😂😂😂😂]]></document>
		<document><![CDATA[Up at half 4 with lockie on ma day off 😩😴]]></document>
		<document><![CDATA[@DavidSpence_ nah they're no aloud to show games between 3-5 mate]]></document>
		<document><![CDATA[@LewisRintoul naughty boi 😈]]></document>
		<document><![CDATA[Odds on Steven gerrard signing for Celtic @SkyBet #RequestABet]]></document>
		<document><![CDATA[Cmon the hoops!!! Fucking into this scum 🍀💚]]></document>
		<document><![CDATA[@Derekcunningh16 same al no make ma work if a go out lol]]></document>
		<document><![CDATA[@Derekcunningh16 just in the house bro u?]]></document>
		<document><![CDATA[Cani wait for the morra 😝 hope it's another Hun skelping like the last time 😂😂]]></document>
		<document><![CDATA[@WeeBaills finished haha]]></document>
		<document><![CDATA[@WeeBaills av got 3-1 on haha Cani see them scoring like]]></document>
		<document><![CDATA[Please get a goal city 🙏🏼🙏🏼🙏🏼]]></document>
		<document><![CDATA[We're on the road again 🍀💚cmon Celtic into these cunts!!]]></document>
		<document><![CDATA[#SASWhoDaresWins is fucking class 👌🏼]]></document>
		<document><![CDATA[@HayleyIslamx @BelvitaUK haha hoping they reply to ma tweet 😂]]></document>
		<document><![CDATA[@NikJ_x @BelvitaUK definitely lol won't settle for anything less 😂]]></document>
		<document><![CDATA[@RealMartynBroon @BelvitaUK absolute disgrace mate. Am not aloud to eat chocolate too]]></document>
		<document><![CDATA[Just bought these from Tesco and opened the pack to see it was filled with the chocolate chip ones instead… https://t.co/hpRIvUu0H8]]></document>
		<document><![CDATA[What a week of football... champions league on Wednesday then the old firm on the Sunday 😝🍀💚 #🖐🏼-🖕🏼]]></document>
		<document><![CDATA[What a trilogy lord of the rings is 👌🏼#class]]></document>
		<document><![CDATA[@SneddenMaxine haha was absolute ragin! Didn't even have any more change anaw 😩😂]]></document>
		<document><![CDATA[Craving a can of vimto all day.. go to get one out the vendy and it gives sprite 😷😡]]></document>
		<document><![CDATA[No get a much better breakfast than beans on toast 😋]]></document>
		<document><![CDATA[@LouisGemmell1 @Jordan_mayes92 has a few spare bud]]></document>
	</documents>
</author>