<author lang="en">
	<documents>
		<document><![CDATA[@DoctorChrisVT @xandvt #Ouch ! Baffled! I wonder if it is an acknowledgement 2your influential presence in Aus over last 6/52? Happy Hols👏🏻💐]]></document>
		<document><![CDATA[https://t.co/4I4QkTyeJg #iep #strugglingstudent #RTP #concussion #TBI #college #football #schoolnurse #GP #FOAMed… https://t.co/Wpw4fnJMed]]></document>
		<document><![CDATA[Frontiers | Inaccurate Saccades Enhanced #vestibular #ocular Reflex Suppression during Combined Eye–Head Movements  https://t.co/K1EJOaeEDa]]></document>
		<document><![CDATA[Frontiers | Inaccurate #Saccades &amp;Enhanced #VOR #Vestibular Suppression Chronic Neck Pain /Cervical Vertigo #PT #OT  https://t.co/K1EJOaeEDa]]></document>
		<document><![CDATA[Frontiers | Disrupted Saccade Control in Chronic Cerebral Injury  @neuroMOOC @ozcboss @EricJorde_DPT @critchi1 FYI💐 https://t.co/hzJMQlJwcl]]></document>
		<document><![CDATA[Frontiers | Disrupted Saccade Control in Chronic Cerebral Injury #ocular #saccades #braininjury #headinjury #TBI  https://t.co/hzJMQlJwcl]]></document>
		<document><![CDATA[#brain #sleep Deprivation &amp;Ability 2Form New Memories – NeurosciNews #memory #protein #hydration #serotonin #stress  https://t.co/Om2uRXGzhB]]></document>
		<document><![CDATA[@ZebrDotCo @Birmo @JohnAlexanderMP Opportunity to educate teachers on the #binocularvision #literacy fundamentals 🏆👀 https://t.co/DZsInKRFWZ]]></document>
		<document><![CDATA[The #Learning Difference Convention ACBO 4 #LaST #teachers @Birmo #VisionTherapy works! #autism #ADHD #psychology 👀🏆 https://t.co/DZsInKRFWZ]]></document>
		<document><![CDATA[#FollowFriday @DoctorChrisVT @xandvt @AutismTips top Influencers this week! Have a great weekend :) &gt;&gt; Want this 🆓? https://t.co/YAOjMsJwSa]]></document>
		<document><![CDATA[#convergenceinsufficiency symptom survey #iep #devdelay #literacy #strugglingstudent #binocularvision VIA @ZebrDotCo https://t.co/9kZlpeOqK5]]></document>
		<document><![CDATA[@SCWilsonAus If in doubt, your GP can order a blood test to determine your exact #VitaminD status : ASK!! 🔆]]></document>
		<document><![CDATA[Example of a #VitaminD tracker - Where always wearing sunscreen early morning/ late afternoon affects VitD SunSmart https://t.co/d8qnz89O88]]></document>
		<document><![CDATA[Link Found Between Vitamin D Deficiency And Changes Of Airway In Children With Severe Asthma https://t.co/FGNcxWhkqO /via @mnt]]></document>
		<document><![CDATA[#VitaminD Deficiency Alters #Lung Growth &amp;  Decreases Lung Function #COPD #asthma https://t.co/LFJVIj8ynK /via @mnt]]></document>
		<document><![CDATA[Tell Maryland lawmakers to upgrade the #vision screening https://t.co/INFVjDr0Ry via @ChangeAUS]]></document>
		<document><![CDATA[Hello @SCWilsonAus's 1627 followers - thank you so much for following! Wishing you all a happy Monday! &gt;&gt; Get FREE? https://t.co/Qp3DI0b9CM]]></document>
		<document><![CDATA[#mindfulness #Meditation Training Lowers Biomarkers of #Stress Response in #Anxiety Disorder – Neuroscience News https://t.co/4pLYqG8wFe]]></document>
		<document><![CDATA[Vision Problems after Concussions | #Concussion Symptoms Eyes  https://t.co/UToYKu94Xf]]></document>
		<document><![CDATA[We have 25 new followers from UK., Italy, and more last week. See https://t.co/RhXEljHjFY https://t.co/oseRqAwvk3]]></document>
		<document><![CDATA[@Birmo @JohnAlexanderMP Short Video on the issues as yet widely identified/ recognised in Australian schools where BOTHmy sons now ACHIEVE🏆👀]]></document>
		<document><![CDATA[@ChangeAus @Birmo Additional information relevant to UK and USA Federal Policy on the Same Issue.. 💐👀🏆🌈 https://t.co/AZnmbM57mB]]></document>
		<document><![CDATA[@ChangeAus @Birmo https://t.co/FuviQaEa3y #LITERACY #LaST &amp; #binocularvision dysfunction #lowvision disability 101!! 💐🏆🌈🙏🏻👀]]></document>
		<document><![CDATA[https://t.co/2C69Z0woWa via @youtube #VisionTherapy works!!! 🏆👀🙏🏻💐💐💐🌈 #NeverGiveUp https://t.co/Ou9BCmHLfP]]></document>
		<document><![CDATA[@Birmo Our Story from the suburbs of Sydney. Refs attached to pinned tweet. With kind regards, @SCWilsonAus 💐]]></document>
		<document><![CDATA[#AtticusAct is a bill https://t.co/INFVjDr0Ry via @ChangeAUS @Birmo on changing #literacy rates. Includes proposed legislation MA, USA. 💐👀]]></document>
		<document><![CDATA[#FollowFriday @tara_in_canada @Drannaoc @TheBrainLink - top engaged members this week :) 🔹🆓Grow followers ➪ https://t.co/CMLOdt0fXn 🆓🔹]]></document>
		<document><![CDATA[FACES: I recognise my mum by:her wrinkle lines when frowns/angry, her eye colour, her hair colour. I cant see the vital details of her face.]]></document>
		<document><![CDATA[Fixating on Faces: Face Cell Activation Depends on Where You Are Paying Attention – NsciNews #autism  https://t.co/OaYTFuBgM6]]></document>
		<document><![CDATA[#Faces: #FaceCell #FOV &amp; #attention #MonkeySeeMonkeyDo #AttachmentTheory #binocularvision #emotions #child developmt https://t.co/OaYTFuBgM6]]></document>
		<document><![CDATA[@ZebrDotCo @stevesilberman @AutismParentMag @dikeough @drbloem @PDavidAdelson @MicheleHillman2 https://t.co/IIcdQDeWMX #probiotics where ..]]></document>
		<document><![CDATA[https://t.co/h74WD03snn #accommodationinsufficiency #convergenceinsufficiency #binocularvision dysfunction… https://t.co/rM3uOtejto]]></document>
		<document><![CDATA[@SCWilsonAus https://t.co/5Pd4VLQXv5 #TBI #concussion #RTP #law opinion Jan2017 https://t.co/VZZRSkI3rA]]></document>
		<document><![CDATA[@SCWilsonAus https://t.co/KQeEd7fyGi #VisionTherapy #accommodationinsufficiency #BrosckString #HartCharts 🏆👀4my son… https://t.co/6yHx9CDCvi]]></document>
		<document><![CDATA[#immunity  #glueear #devdelay #hearing #adenoids #tonsilitis #masseter #protein #animalfat #probiotics #VitaminD def https://t.co/Sjy3ZQIOCj]]></document>
		<document><![CDATA[Hello @SCWilsonAus's 1631 followers - thank you so much for following! Wishing you all a happy Monday! &gt;&gt; Get FREE? https://t.co/Qp3DI0b9CM]]></document>
		<document><![CDATA[How the Brain Helps Us Understand Spoken Words in Noisy Settings – Neuroscience News Considerata in #CAPD #APD  https://t.co/biDitbIEtQ]]></document>
		<document><![CDATA[We have 28 new followers from Canada, and more last week. See https://t.co/RhXEljHjFY https://t.co/QmFzj0S7wr]]></document>
		<document><![CDATA[💐💐💐THANKYOU ALL 1628 FOLLOWERS!!!! 💐💐💐💐💐 @SCWilsonAus Twitter since01/01/16! 🤕😵👀https://t.co/Nme7UiqrX9 UNDER ISBN… https://t.co/8Ya2LtoATw]]></document>
		<document><![CDATA[@ovpjournal @OPTVISSCI @OrthoptResearch @FollowBIOS @Drannaoc @visionarian Because https://t.co/MpLMaJOqpi BECAUSE. 👀 🍀🙏🏻🌈💐💐]]></document>
		<document><![CDATA[@ovpjournal @OPTVISSCI @OrthoptResearch @FollowBIOS @Drannaoc #orthoptics @visionarian #OptometryDoctor VTOD FCOVD  https://t.co/dXG5IMFQvV]]></document>
		<document><![CDATA[#concussion #RTP #iep #CVA #saccades #braininjury #VMSS #VOMS #balance #vestibular #FOAMed #LITERACY S/O #devdelay… https://t.co/RHHY5jrlZ2]]></document>
		<document><![CDATA[#braininjury #concussion #hippocampus #memory #perception #headinjury #PTSD #cranialnsult #CVA #trauma #neurotrauma… https://t.co/qih7bk8QLV]]></document>
		<document><![CDATA[#VisionTherapy  https://t.co/WRu22qaYi8 https://t.co/tjYrdBHpg9]]></document>
		<document><![CDATA[#VisionTherapy  https://t.co/WRu22qaYi8 https://t.co/MvtBKgEDXo]]></document>
		<document><![CDATA[@SCWilsonAus  https://t.co/VZ0aBiNDtP #Ophthalmology . USA equiv = VTOD FCOVD &amp; orthoptics where #VisionTherapy ALO… https://t.co/U1jncLDcIB]]></document>
		<document><![CDATA[@SCWilsonAus @Drannaoc @JAMAOphth 6diopt CURED!🏆 With  #eyedrops #VisionTherapy #BrockString #Tracking #HartChart #AtNear #AtFar ..ALONE!💝]]></document>
		<document><![CDATA[@JAMAOphth https://t.co/F0DvIq8S2p #amblyopia 💝 #VisionTherapy !!!!! 👀🙏🏻🏆🌈💐💐💐]]></document>
		<document><![CDATA[#VisionTherapy for #binocularvision dysfunction !! STRENGTHEN BOTH EYES TO BE #ABLE TO FOCUS TOGETHER ON CERTAIN PO… https://t.co/N7BKMnhLja]]></document>
		<document><![CDATA[CrossRef &amp; Investigate in #autism https://t.co/nwzPDbL8CA]]></document>
		<document><![CDATA[#autism #strugglingstudent #iep #IDEA #lowvision disability ASK A VTOD or FCOVD USA.  #orthoptics worldwide… https://t.co/XZSEPPYRRs]]></document>
		<document><![CDATA[@ZebrDotCo @stevesilberman @AutismParentMag @dikeough @drbloem @NeuroscienceNew @MicheleHillman2 #autism &amp; #amblyopia LINK⏩ASK VTOD, FCOVD🇺🇸]]></document>
		<document><![CDATA[@ZebrDotCo @stevesilberman @AutismParentMag @dikeough @drbloem @NeuroscienceNew  🔆ASK YOUR GP 4 ADVICE &amp; REQUEST A BLOOD TEST 4 #VitaminD ‼️]]></document>
		<document><![CDATA[@ZebrDotCo @AutismParentMag @dikeough @drbloem @PDavidAdelson @NeuroscienceNew In #stress #malnutrition #VitaminD deficiency ⏩cannot✝ #BBB 😖]]></document>
		<document><![CDATA[@ZebrDotCo @AutismParentMag @dikeough @drbloem @PDavidAdelson https://t.co/51Q0wTfvVD #chemicaldigestion #stress #protein #aminoacids #BBB]]></document>
		<document><![CDATA[Thanks for the recent follow @StarsAndCatz @eyecareja Happy to connect :) have a great Sunday. &gt;&gt; Get FREE? https://t.co/iM4mZ7D2sV]]></document>
		<document><![CDATA[Thanks @EPM_Perth @dynemech @rcem for being top engaged community members this week :) 🔹🆓Grow followers ➪ https://t.co/yxFsNGFf5j 🆓🔹]]></document>
		<document><![CDATA[@eyecarrot @SeeClearlyLTSC @TrentKittleman @righteyeinsight @SeeVividly @Change CROSS REF #PTSD #Autism #strugglingstudent #iep #RTP #TBI 👀💔]]></document>
		<document><![CDATA[YES! Sure everything goes dry after a #TBI !! #mucosa #sinuses #lungs #oropharygeal #otorhinal #lacrimal #gut #GIT 🏆 https://t.co/A9cQClOXap]]></document>
		<document><![CDATA[#blink NeurosciNews #accommodationinsufficiency #TBI #mTBI #eyedrops #blinking  #VisionTherapy WORKS!!! VTOD FCOVD🏆🌈 https://t.co/A9cQClOXap]]></document>
		<document><![CDATA[@OxfordBRC #jobmarket #screens #hospitals must be the last frontier! #anger #addiction #PAMs #nurses #MoetMedics… https://t.co/6GPzEkaluF]]></document>
		<document><![CDATA[Please cross reference the following FYI 💐💐 With Kind Regards! https://t.co/MpLMaJOqpi 👀🌈 https://t.co/UKzaSeMDxZ]]></document>
		<document><![CDATA[🏆🏆🏆 @WebMD Thus indicatative of referral to #OptometryDoctor FCOVD VTOD USA. #orthoptics UK/AUS..?👀🌈💐💐💐 @eyecarrot 🏆https://t.co/YW7iIPkiVO]]></document>
		<document><![CDATA[#Concussion treatment continues to evolve #RTP #iep #TBI #mTBI https://t.co/pYVC0V43kO @eyecarrot 💐💐💐]]></document>
		<document><![CDATA[@concussion_hq @MicheleHillman2 I agree with this - based on #shockblast spectrum of #headinjury : 🌟 https://t.co/MpLMaJOqpi 💐💐💐]]></document>
		<document><![CDATA[@doctor_oxford @trentconsultant https://t.co/ZD46qRh2n6 Last PLOS Link broken. Resending, as such,2end transmission.NHS💔 #Cradle2Grave 🙏🏻💐🌈🏆]]></document>
		<document><![CDATA[@doctor_oxford @trentconsultant Search #2 E IQ...💔😵👀 ... https://t.co/E9u9HamFgU https://t.co/8878jncR0A]]></document>
		<document><![CDATA[@doctor_oxford @trentconsultant https://t.co/yIrVN9PghO… from a search: https://t.co/Xbed5A8M34… Emotion'ly Fragile… https://t.co/BthkC2ViyM]]></document>
		<document><![CDATA[@doctor_oxford @trentconsultant Symptoms of an undiagnosed or untreated binocularvision dysfunction such as amblyop… https://t.co/KU5ZrUV8Ge]]></document>
		<document><![CDATA[JHunt #binocularvision DysFn (misalignment)InHisRIGHTEye 😱 #semiliterate #memory  @doctor_oxford @trentconsultant 💔👀 https://t.co/F0DvIq8S2p]]></document>
		<document><![CDATA[https://t.co/2C69Z0woWa via @youtube #VisionTherapy #iep #strugglingstudent VTOD FCOVD #accommodationinsufficiency… https://t.co/fiwIDo5jYg]]></document>
		<document><![CDATA[#liability #instinct #refresh @DrRobgalloway @butNHS @keepnhspublic @BBCNewsnight @trentconsultant @doctor_oxford 💔🍀 https://t.co/BOqTUDBjOi]]></document>
		<document><![CDATA[NSW State Premier Mike Baird 2retire from #politics @Jeremy_Hunt  #responsibility #liability #NHSCrisis #refresh bow https://t.co/BOqTUDBjOi]]></document>
		<document><![CDATA[@SVSgreensboro Child "x" post #VisionTherapy in 2015... achieved 85/100 for English and 87/100 for Mathematics in Year 4 / 2016 #VTworks !😂🎉]]></document>
		<document><![CDATA[@SVSgreensboro Hence: https://t.co/q0X0vUwcEq]]></document>
		<document><![CDATA[@SVSgreensboro AKA sudden onset #devdelay #academicdelay after a sharp knock2the left temple in a literate child who prev. excelled @ school]]></document>
		<document><![CDATA[@SCWilsonAus @SVSgreensboro 2013-2015 journey 4Child "x". Not a Story! A small sample what life is like with #accommodationinsufficiency 💔💐👀]]></document>
		<document><![CDATA[@SVSgreensboro Where kids know visual symptoms when you ask them about what happened at the time they first hit their head! This=Child "x"!]]></document>
		<document><![CDATA[@SVSgreensboro Welcome to Twitter! Please find PMHx attached for Child 'y'. Apparently the first "N/S" #TBI in the world 2Be Dx &amp; cured AI👀🏆]]></document>
		<document><![CDATA[@SCWilsonAus @SVSgreensboro 1. post injury and 2. Post #VisionTherapy 4 #accommodationinsufficiency . Attached:Kind… https://t.co/hjtSRXIi5Q]]></document>
		<document><![CDATA[@SCWilsonAus @SVSgreensboro Child "x" academic journey at school. Cured after #VisionTherapy completed late May 2015. PRIOR2 #EBM #protocol]]></document>
		<document><![CDATA[@SCWilsonAus Child "x" OVER achieved in Kindergarten prior to head injury. POST injury = sudden onset academic delay&amp;developmental delay.]]></document>
		<document><![CDATA[@SVS_Greensboro CompareChild "y", the second child in the world 2be Dx &amp; receive🏆Tx cure4 #accommodationinsufficiency #binocularvision DysFn]]></document>
		<document><![CDATA[#hippocampus #visualperception #stimuli #binocularvision DysFn #accommodationinsufficiency… https://t.co/Fy58Lt0cSz]]></document>
		<document><![CDATA[#hippocampus #visualperception #stimuli #binocularvision DysFn #accommodationinsufficiency… https://t.co/A4E4ub2Oth]]></document>
		<document><![CDATA[https://t.co/2C69Z0woWa @youtube #hippocampus #visualperception #accommodationinsufficiency… https://t.co/hyYThP5put]]></document>
		<document><![CDATA[https://t.co/DbVbZouG5i via @youtube #hippocampus #sensoryperception #visualperception ⏩ #thoughts ⏩ #behaviour 💔 https://t.co/JiJN2ecX1g]]></document>
		<document><![CDATA[https://t.co/jaXg9kAXiN via @youtube #hippocampus #iep #literacy #sensoryperception ⏩ #thought ⏩ #behaviour 💔 https://t.co/SVI7vcKmYl]]></document>
		<document><![CDATA[#hippocampus #AtticusAct #accommodationinsufficiency #convergenceinsufficiency #LIFE #perinatal #TBI #VisionTherapy https://t.co/1yvfcHOdOk]]></document>
		<document><![CDATA[@NeuroscienceNew #hippocampus #visualmemory #visualprocessing https://t.co/iPmXUm6cYl]]></document>
		<document><![CDATA[@NeuroscienceNew #hippocampus https://t.co/ggGiQUzELI]]></document>
		<document><![CDATA[@NeuroscienceNew @OrthoptResearch @ovpjournal @OPTVISSCI #hippocampus &amp; #binocularvision @astroglia 💐 https://t.co/Qseh1A68x8]]></document>
		<document><![CDATA[@NeuroscienceNew @OrthoptResearch @ovpjournal @OPTVISSCI @visionarian @covd  #hippocampus https://t.co/PxM7nA5c05]]></document>
		<document><![CDATA[@NeuroscienceNew #hippocampus @OrthoptResearch @ovpjournal 🏆@OPTVISSCI https://t.co/ERCno3swBA]]></document>
		<document><![CDATA[@NeuroscienceNew 💐🏆@OrthoptResearch  @ovpjournal @OPTVISSCI #hippocampus #sensoryprocessing #visualperception… https://t.co/76sxmuKPG5]]></document>
		<document><![CDATA[@NeuroscienceNew @astroglia #orthoptics in UK, VTOD FCOVD in USA. Resource: @OrthoptResearch @followIOA @COVD Refs:… https://t.co/2UltDPjTWS]]></document>
		<document><![CDATA[@NeuroscienceNew @astroglia (Professionally Diagnosable &amp; Treatable ..) Factors Influencing: AKA #visualperception… https://t.co/BHT5Yhq7er]]></document>
		<document><![CDATA[Giving a Damn-Link Between #Profanity &amp; Honesty NeurosciNews 👀IMO2Types: 1.Honest Frustration 2.ClosedMindObstinacy  https://t.co/oMYI8gDG5u]]></document>
		<document><![CDATA[How Bats Remember Directions – NeurosciNews @neuroMOOC @wowvision @visionarian @ZebrDotCo @ovpjournal @OPTVISSCI 😵=💔 https://t.co/Zj0sqVKjIi]]></document>
		<document><![CDATA[Remembering Directions – NeurosciNews 👀PREVENTED in #binocularvision dysFn #accommodationinsufficiency 👀= #efferent  https://t.co/Zj0sqVKjIi]]></document>
	</documents>
</author>