<author lang="en">
	<documents>
		<document><![CDATA[Follow Ken Clarke's lead and your morals will never stray too far wrong. https://t.co/uKTXteQ7Tx]]></document>
		<document><![CDATA[Queues already for #Vietnom food at @littlemancoffee - big demand for vietnamese food in #Cardiff. Hope it becomes… https://t.co/SnXIVj133K]]></document>
		<document><![CDATA[#Vaquita pop is down to 30 animals. And US Army-trained dolphins are being brought as a last resort to save them. https://t.co/byzQhboB9e]]></document>
		<document><![CDATA[Cycling is the fastest way to commute into Cardiff. Woop!

https://t.co/UtCpES53EI]]></document>
		<document><![CDATA[Another practical reason to love the EU... Would this have happened without its pressure on phone companies/regulat… https://t.co/Dnkdg6G6ts]]></document>
		<document><![CDATA[BBC News - Extra protection for Wales' sea birds and porpoises backed https://t.co/u52F0LdoEl]]></document>
		<document><![CDATA[.@DefraGovUK confirms to @CommonsEAC that no highly-protected areas will be in Tranche 3 #MCZs. Will T3 complete network after all? #MPAs]]></document>
		<document><![CDATA[Great news! UK Government gives five #harbourporpoise sites the official seal of approval. https://t.co/VkgtKQayJB… https://t.co/0BzFy3kPRY]]></document>
		<document><![CDATA[.@chrisshipitv more flip-flopping than a havaianas factory]]></document>
		<document><![CDATA[Hope to hear @theresecoffey's support for ambitious third tranche of marine conservation zones tomorrow #mczs #mpas https://t.co/vJ2rPZzcl3]]></document>
		<document><![CDATA[Cherish moments like these and salute these two masters of their craft https://t.co/fPWGCznFCn #FedererNadal #AusOpen #PureGenius]]></document>
		<document><![CDATA[When some of your own MPs are now banned from entering the US. The shame.  https://t.co/n534I89YWx]]></document>
		<document><![CDATA[Worth reading: Trump's Press Conference With British Prime Minister, Annotated

https://t.co/eekA3NefHL]]></document>
		<document><![CDATA[Had a blast at @SchoolOfRockUK last night. Those kids are too damn talented! #stickittotheman]]></document>
		<document><![CDATA[A plan for water in Kwale: vital for forests, wildlife and people https://t.co/4FuQFtQTKu via @wwf_uk @wwfcymru]]></document>
		<document><![CDATA[Truly frightening... https://t.co/W7qrM9CUnf]]></document>
		<document><![CDATA[Thank God for Gina Miller putting the rabble of politicians to shame on @Channel4News - all of us owe her a huge debt #SupremeCourt]]></document>
		<document><![CDATA[Lovely to see a flock of redwings in my London garden feeding on the holly berries today. A rare treat!]]></document>
		<document><![CDATA[Great new campaign by @SkyOceanRescue - #plastic is a scourge to our #oceans but lots of ways to solve it! https://t.co/oa3xzeS3vV]]></document>
		<document><![CDATA[Whatever you feel about #Brexit and #Trident, hard to stomach Gov's current disregard &amp; lack of respect for Parliament.]]></document>
		<document><![CDATA[#TBT this is well worth remembering: Who Won the World Cup of Arm-Folding? https://t.co/oLDq8jBCNK via @slate]]></document>
		<document><![CDATA[Excellent presentation. Nephrops industry really need to up their game. Irish Sea seriously damaged ecosystem.… https://t.co/9U007ltKBB]]></document>
		<document><![CDATA[Jim Claydon is spot on. #marineplanning needs independent investigation (and parli scrutiny) as standard, not on MMO recommendation #CF17]]></document>
		<document><![CDATA[Jenny Oates highlights achievements of @celticseas partnership at #coastalfutures. https://t.co/XXJXmz9Tgg #CF17 https://t.co/C10lzrKMtE]]></document>
		<document><![CDATA[Day 1 #coastalfutures done! More juicy stuff to chew over tomorrow incl #brexit #fisheries #mpas &amp; #marineplanning. #cf17]]></document>
		<document><![CDATA[I'll be expanding on this today at #coastalfutures #CF17 🐳. Looking forward to it! https://t.co/kgeINp8dvE]]></document>
		<document><![CDATA[I pity all transcribers for the next four years. https://t.co/hCYuojGZbQ]]></document>
		<document><![CDATA[@MarineEconomics will do mate]]></document>
		<document><![CDATA[@WurlitzerCrab @syoungresides Hi Graeme, feel free to email me at ataylor@wwf.org.uk 👍]]></document>
		<document><![CDATA[I'll be speaking about this next week at #coastalfutures. Weblink up soon! #CF17. https://t.co/7Gz5qVxW0T]]></document>
		<document><![CDATA[Good point and sig challenges for Cardiff project. But process to comply with Directives clear &amp; understood. Until… https://t.co/m26TciVgPx]]></document>
		<document><![CDATA[Good that #HendryReview urges caution before jumping into #tidallagoon power. Need "reasonable period" of monitoring after #SwanseaBay pilot]]></document>
		<document><![CDATA[#Tidallagoon power exciting but just part of low-carbon energy mix. Let's also see continued expansion of cheaper wind and solar. #Hendry]]></document>
		<document><![CDATA[Hope @hendry_review sounds caution over impacts of #tidallagoons. Swansea Bay must be test case before others come forward.]]></document>
		<document><![CDATA[Well done that man! A cyclist's video diary https://t.co/XnMrh3YU8Y]]></document>
		<document><![CDATA[@whosampled discovered your ace app today! Any chance of integrating it with @Spotify as well as YouTube links? Would be brilliant.]]></document>
		<document><![CDATA[The best film posters of 2016 https://t.co/FIMGt55MtT]]></document>
		<document><![CDATA[Belatedly catching up with @Coldcut's NYE mix on @BBC6Music - unbelievably funky!]]></document>
		<document><![CDATA[This is intriguing: these green roads could charge electric cars as they drive https://t.co/O4M19zoFzf]]></document>
		<document><![CDATA[Couldn't have put it better myself. https://t.co/tdIJJzNCFf]]></document>
		<document><![CDATA[@HawkersKingston Ah, sorry - was enquiries@hawkerskingston.com]]></document>
		<document><![CDATA[@HawkersKingston hi there. Should be alectaylor1@hotmail.com.  thks]]></document>
		<document><![CDATA[Hey @HawkersKingston - sent an email to enquiries about a possible special booking - just following up in case not received? Cheers!]]></document>
		<document><![CDATA[Read the full chain - terrible to see. Thanks @AlbertoNardelli for highlighting it. https://t.co/7NaWtVSaAo]]></document>
		<document><![CDATA[Beavers could be reintroduced to Wales after centuries' absence https://t.co/zTtgVTOQkI]]></document>
		<document><![CDATA[Amazing to see Venus shining so brightly next to the moon at the moment - what a new year's treat :)]]></document>
		<document><![CDATA[An early and very Happy New Year  - may 2017 be glorious for one and all!]]></document>
		<document><![CDATA[This made me laugh :) https://t.co/pjr7QJfpvx]]></document>
		<document><![CDATA[2016 had one more sting in the tail. Terrible. RIP George  #toosoon]]></document>
		<document><![CDATA[If anyone slags off the BBC, just play them this and ask who else would make such wonderful radio https://t.co/p5XTtsBC0z @bbcworldservice]]></document>
		<document><![CDATA[BBC News - In pictures: The plight of the fishermen https://t.co/edUmSIprrb]]></document>
		<document><![CDATA[Paraphrasing @DavidSedaris last night with @BBCSO at @BarbicanCentre: "The only way my brother takes coffee now is up his ass". Great show!]]></document>
		<document><![CDATA[This was a brilliant show, tune in everyone! https://t.co/ee46zO5hh7]]></document>
		<document><![CDATA[BBC News - Squid may become favourite UK meal as seas become warmer https://t.co/bH9xTjnSzc]]></document>
		<document><![CDATA[Phew. I must have released thousands of hatchlings from hotel swimming pools, bars and parking lots in my time!… https://t.co/dH9d35ge8V]]></document>
		<document><![CDATA[You can watch my (croaky) presentation to the #BalticMSP Forum on WWF's #marinespatialplanning experiences here: https://t.co/gK0ioqRIHe :)]]></document>
		<document><![CDATA[Wonderful news that Nature Directives won't be opened up at EU level. Thank you @KarmenuVella for an early Xmas present! #NatureAlert]]></document>
		<document><![CDATA[These are brutal political times... https://t.co/jLIF4WUdlj]]></document>
		<document><![CDATA[@pontcannatiling @Robin_Hamaker :) might need some of these in time for our house...]]></document>
		<document><![CDATA[Much to welcome and support in here form the looks of it - thanks to @cardiffbybike for wading through the docs! https://t.co/SEc0oGTz0M]]></document>
		<document><![CDATA[@KINANDILKPC we're hoping to buy a house round the corner on Ryder St so you will hopefully be or local from the new year, so definitely :]]></document>
		<document><![CDATA[Popped in for an awesome coffee on way to coach station this morning - highly recommended!  https://t.co/bNNuUJf5z1]]></document>
		<document><![CDATA[Damn Zac, it was all going so well this time last year. #richmondpark]]></document>
		<document><![CDATA[@paulwaugh @realDonaldTrump or Kenneth Williams in Willo the Wisp]]></document>
		<document><![CDATA[Build it and they will come: Cyclists make up 70% of Blackfriars Bridge traffic https://t.co/5KDJjM6FOV #cycling #space4cycling]]></document>
		<document><![CDATA[Great job available: Seafood Sustainability Specialist - WWF-UK https://t.co/RF301bsAk8 #charityjobs #environmentjobs]]></document>
		<document><![CDATA[@Robin_Hamaker @SW_Trains thanks, no point going to hampton court then!]]></document>
		<document><![CDATA[Great to have most Baltic Sea #MSP authorities round the same table. Transboundary coordination key. #balticmsp https://t.co/0mVhV3J4wH]]></document>
		<document><![CDATA[Pleasure to speak to #balticmsp forum about @WWFEU's experiences of #MSP. Sorry about the bad voice!]]></document>
		<document><![CDATA[2 tickets available for William Tyler at Bush Hall tomorrow at face value, let me know if interested]]></document>
		<document><![CDATA[@SW_Trains Hi, was charged twice on my credit card for a ticket bought by machine at Surbiton today, who should I contact to get half back?]]></document>
		<document><![CDATA[@ELPinchbeck @wwf_uk all the best Emma 🐬☺️]]></document>
		<document><![CDATA[@WeAreCardiff yes please, on Ryder St, would make a massive difference]]></document>
		<document><![CDATA[I've got 2 tickets for @williamtylertn at @Bushhallmusic on 20 November that sadly I can't use - anybody keen to take them at £15 each?]]></document>
		<document><![CDATA[@JNCC_UK yes thanks, was seemingly down for about 15 minutes earlier but all ok now. Cheers.]]></document>
		<document><![CDATA[@JNCC_UK Hi, is your website down? Can't seem to access it...]]></document>
		<document><![CDATA[Giving Nature a Home. Good job @johnlewisretail (ps great VFX!) https://t.co/yTcugA48Vo]]></document>
		<document><![CDATA[BBC News - Golden eagle numbers close to 'historic' levels https://t.co/TYOXJSK4nw]]></document>
		<document><![CDATA[@Adam_Egg @MilesKing10 @bwebster135 @4peatssake2 esp in marine env where I work. Brings in all sorts of value judgements and emotions too.]]></document>
		<document><![CDATA[Very revealing if true (and sad) https://t.co/lrvfcXg8w5]]></document>
		<document><![CDATA[@MilesKing10 @Adam_Egg @bwebster135 completely arbitrary IMO &amp; goes to the heart (&amp; soul) of offsetting. What price ancient forest?]]></document>
		<document><![CDATA[Oh to be a member of the US delegation at #COP22 ... https://t.co/2bN3Iu7ztk via @ClimateHome]]></document>
		<document><![CDATA[Trump calls for unity after running the most divisive campaign in modern political history. Truly a post-truth world. #ElectionNight]]></document>
		<document><![CDATA[WWF's call to ease impact of 'busier Celtic seas' https://t.co/45BkVN2OAa - great job @celticseas #futuretrends #msp #marineplanning]]></document>
		<document><![CDATA[River Wey looked great on way into work this morning #nofilter #coldfingers #surrey https://t.co/G6Eoh7pADD]]></document>
		<document><![CDATA[Pleasure to be at the launch of the @mcsuk #oceandevotion campaign tonight. UK needs bigger and better #MPAs to restore wider ecosystems.]]></document>
		<document><![CDATA[Amazing double rainbow in #RichmondPark earlier today @theroyalparks @LBRUT #autumn #nofilter https://t.co/Uc0vOHheA1]]></document>
		<document><![CDATA[So many ifs &amp; hypotheticals on #Article50 &amp; #brexit. Very few facts to discuss. Nice to see a convivial atmosphere though #bbcdp]]></document>
		<document><![CDATA[The lost suburbs of Cardiff and the fascinating history behind them https://t.co/muIDNFnt5z]]></document>
		<document><![CDATA[Thanks @GoGo_Penguin, you were ace. https://t.co/oCu5C2yvh4]]></document>
		<document><![CDATA[@BirdLife_News @DisneyPixar knowing a few VFX/CGI artists, I can't imagine the time taken to get such a beautiful &amp; real look. Amazing.]]></document>
		<document><![CDATA[+1 for HC's TV choices too 👏 https://t.co/QdffGq1JDV]]></document>
		<document><![CDATA[It's been a stonker of an #autumn for leaf colours so far #AutumnLeaves https://t.co/V138BEJ1tk]]></document>
		<document><![CDATA[@trussliz where is the outrage you showed when you found out all our cheese was imported? #doublestandards  https://t.co/Gu01WjSMtu]]></document>
		<document><![CDATA[Imagine working &gt;15 yrs in sweat &amp; tears to become officially the best in the WORLD at what you do - good luck @andy_murray! #Parismasters]]></document>
		<document><![CDATA[.@SadiqKhan, there's your 20 yr #cycling target. Thanks in advance, London cyclists. https://t.co/Y49lBbvGju]]></document>
		<document><![CDATA[@arusbridger this still makes my blood boil 2 days on...]]></document>
		<document><![CDATA[Cannot WAIT to see this later! @GoGo_Penguin boom. https://t.co/JinsKoHp3z]]></document>
		<document><![CDATA["If £4 mince is reduced towards £1, I'll be far more excited than a grown man should be by the price of mince," https://t.co/akvN4TjK8v]]></document>
		<document><![CDATA[So depressing to watch too, feel your pain @angelasmithmp https://t.co/moBNJZ6jAf]]></document>
	</documents>
</author>