<author lang="en">
	<documents>
		<document><![CDATA[#UFCHouston #WalkoutConsultant is up at @MMASucka! Find out who is the first 2-time offender!

https://t.co/ED2tubC243]]></document>
		<document><![CDATA[@yay_yee Cool!]]></document>
		<document><![CDATA[Going through options for a fighter for this week's #WalkoutConsultant, just saw @realscottyriggs in the video for one of the songs]]></document>
		<document><![CDATA[Is this true, @UrbanTacticsKM? https://t.co/7qVdmXNPUF]]></document>
		<document><![CDATA[Can't believe we have a return for this week's #WalkoutConsultant...]]></document>
		<document><![CDATA[@Paige_UFC What happened?]]></document>
		<document><![CDATA[@aMMAndaPR kids don't know that #StrikeforceNeverDie]]></document>
		<document><![CDATA[@katiew well then, stock up on new tunes on Friday. @Bandcamp is donating 100% of their cut to the ACLU.]]></document>
		<document><![CDATA[@aubreysitterson you do occassionaly need to assert yourself. You can't spend your entire political life playing Neville Chamberlain.]]></document>
		<document><![CDATA[This city tries too hard... It's like Rick Moranis in Ghostbusters. https://t.co/rXFxxve32z]]></document>
		<document><![CDATA[@RyannVonDoom @WMMANews wouldn't be an issue if they hadn't rushed out the ban and left border security with no guidance.]]></document>
		<document><![CDATA[@Sugarhigh5me that kind of talk is part of why the label "Regressive Left" exists.]]></document>
		<document><![CDATA[@Sugarhigh5me this is the shit I was worried about]]></document>
		<document><![CDATA[@pdlmma the only white stuff I ingest is nutritional. Rice, milk, Oreo filling, etc.]]></document>
		<document><![CDATA[@schulerbenson @kyleantivenin "do these cargo shorts make my butt look big?"]]></document>
		<document><![CDATA[@pdlmma if I do it, it's a matter of reach. Nobody's gonna read my blog. A surprising number of people follow my twitter.]]></document>
		<document><![CDATA[@JasonThalken @EdLatimore yeah... It's deep SF kind of stuff, considering the base/stator proposed is an orbital ring]]></document>
		<document><![CDATA[@EdLatimore @JasonThalken would the momentum of orbit - theoretically - allow it to maintain consistent velocity if w/out external impulse?]]></document>
		<document><![CDATA[Same question for @EdLatimore? Thanks @HunterAHomistek! https://t.co/pALBHdGqe0]]></document>
		<document><![CDATA[@JasonThalken can one use an external rotor to fall/orbit along the exterior of an orbital ring, cutting numerous mag fields, for power gen?]]></document>
		<document><![CDATA[@Jeremy_Baker Jones is indeed appearing on Rogan's podcast this week]]></document>
		<document><![CDATA[Okay. I don't know anybody in #Physics Twitter, but I have a crazy question RE: an orbital ring and power generation if anyone can help?]]></document>
		<document><![CDATA[@Jeremy_Baker I think I speak for both of us when I say that I hope Joe Rogan punches Jones in the mouth on the JRE this week.]]></document>
		<document><![CDATA[Rogga Johanson has too many bands that sound too similar, though I appreciate that he keeps using David Ingram on... https://t.co/wZOBD6GyWX]]></document>
		<document><![CDATA[Rogga Johanson has too many bands that sound too similar, though I appreciate that he keeps using David Ingram on v… https://t.co/j6lAq0Mes7]]></document>
		<document><![CDATA[Kataklysm burned themselves out during their monster run at the turn of the millenium &amp; haven't recovered.... https://t.co/WR0QqZxSFp]]></document>
		<document><![CDATA[Kataklysm burned themselves out during their monster run at the turn of the millenium &amp; haven't recovered. https://t.co/GV0bhO1OMq]]></document>
		<document><![CDATA[Darkest Hour either needs a proper growler or a real singer, as their vocalist's lack of power holds them back. https://t.co/GV0bhO1OMq]]></document>
		<document><![CDATA[Counterpoint: In Flames lost the plot when they changed guitar tones https://t.co/4t36m9LdCE]]></document>
		<document><![CDATA[Black metallers will be horrified to learn Satan loves boybands &amp; not them. After all, the devil is supposed to... https://t.co/9L6NLXHVQ9]]></document>
		<document><![CDATA[Black metallers will be horrified to learn Satan loves boybands &amp; not them. After all, the devil is supposed to com… https://t.co/5aXoSfJ1B3]]></document>
		<document><![CDATA[Most doom/sludge metal is overrated, boring, and lacks a sense of movement. https://t.co/GV0bhO1OMq]]></document>
		<document><![CDATA[@aubreysitterson that's ridiculously fucked.]]></document>
		<document><![CDATA[@NickUFC @BloodyElbow ya did good with this one, Kid.]]></document>
		<document><![CDATA[@ByYourLogic why? For the love of McFuck, why would you read that much about Taylor Swift?! Especially from Buzzfeed?!]]></document>
		<document><![CDATA[@dxferris Also, Arkells' "Morning Report" (not metal) and Devin Townsend's "Punky Brüester: Cooked on Phonics,"]]></document>
		<document><![CDATA[@dxferris I'll throw some old-schoolish &amp; local-ish stuff out there. To start, Confessor's "Condemned" &amp; Resurrection's "Embalmed Existence"]]></document>
		<document><![CDATA[@philthatremains that is not a tank. This is (part of) why Vice is horrible. Exceptions are Noisey, and @JackSlackMMA &amp; @AndrewWK's columns]]></document>
		<document><![CDATA[@dxferris anybody ready for some recommendations in advance? #MWE]]></document>
		<document><![CDATA[@TrevorTBDM @YouTube safe to day you're a happy hesher, then?]]></document>
		<document><![CDATA[@TrevorTBDM on the Cana-grind tip, are you familiar with Kataplexis or Exit Strategy?]]></document>
		<document><![CDATA[Make yourself a Notorious and celebrate, mudderfookers https://t.co/ysjTW8gRFm]]></document>
		<document><![CDATA[@TrevorTBDM @YouTube you're going hard on the G7 Welcoming Committee tip, eh? Canada's pre-eminent hard left punk/grind label]]></document>
		<document><![CDATA[@kyleantivenin @synoisia @heccubus what kills it? The same plodding pace?]]></document>
		<document><![CDATA[This is a compelling reason, in addition to the 7 Corporal Works of Mercy, for us Catholics to support refugees... https://t.co/xAJPjmW0xe]]></document>
		<document><![CDATA[This is a compelling reason, in addition to the 7 Corporal Works of Mercy, for us Catholics to support refugees and… https://t.co/UxojQahR4D]]></document>
		<document><![CDATA[Yo @FINALLEVEL, you might dig these boys https://t.co/O8o5ZdqJa9]]></document>
		<document><![CDATA[@aubreysitterson only if the terrorists REALLY hate Gwar would R.Va be a target]]></document>
		<document><![CDATA[Since the Conservatives can't keep Rona Ambrose (who has been killing it as interim leader), I hope Bernier wins... https://t.co/qAaDn4n2Y3]]></document>
		<document><![CDATA[Since the Conservatives can't keep Rona Ambrose (who has been killing it as interim leader), I hope Bernier wins ba… https://t.co/3HzwxUlqWM]]></document>
		<document><![CDATA[@ItsMikeFagan unfortunately yes. He is not neither the shooter nor this guy are behaving in a Christian manner.]]></document>
		<document><![CDATA[@mookiealexander I'd argue that anybody who murders anyone is not acting as a proper member of their faith. This includes the death penalty]]></document>
		<document><![CDATA[@basementgalaxy I'm exposing myself to at least one new artist every fight week. French hiphop is kind of hilarious.]]></document>
		<document><![CDATA[.@jeffoneilshow the @NFL doesn't listen to people or petitions. If they did, @Metallica would be playing the #SuperBowl2017 halftime show]]></document>
		<document><![CDATA[@KapustaDiamond also, refer those screenshots to their mothers if you can find them on social media.]]></document>
		<document><![CDATA[@KapustaDiamond report the ones that seem most plausible to the police. Save and screenshot everything, back them up on a USB stick]]></document>
		<document><![CDATA[Can any of my UK tweeps verify this? Easy to get fired up, but would like to make sure it's legit before I do. https://t.co/bMp4OhjQKU]]></document>
		<document><![CDATA[@TP_Grant @chaddundas @benfowlkesMMA well, hopefully she can use the change of scenery to make a positive change in her life.]]></document>
		<document><![CDATA[@TP_Grant @chaddundas @benfowlkesMMA sure that move is not just so she can avoid the police scrutiny she would deserve in Spokane?]]></document>
		<document><![CDATA[@kyleantivenin I will find a way to make it work between writing and short commutes]]></document>
		<document><![CDATA[@SBNLukeThomas I can't think of a single Persian that I have either trained with or been coached by that wasn't a beast.]]></document>
		<document><![CDATA[@SBNLukeThomas if Iran didn't have all the sanctions &amp; restrictions to deal with, they would be a combat sports powerhouse]]></document>
		<document><![CDATA[Does this mean Sheiky Baby's going on Piers Morgan to break that twit's back, fuck his ass, and make him humble? https://t.co/Rij8MDvgxC]]></document>
		<document><![CDATA[@dxferris you mean like pull a Farrelly annd moon Cameron Diaz to get a shocked reaction from her for the camera?]]></document>
		<document><![CDATA[@dxferris is that really as bad being an actual cuckold and paying Johnny Depp to make with Helena Bonham Carter (Burton's RL wife)?]]></document>
		<document><![CDATA[@dxferris if Burton gets it, he'd just cast Johnny Depp in there to make out with his wife again.]]></document>
		<document><![CDATA[@MikeJBknows just more of the same, really. He needs a humbling.]]></document>
		<document><![CDATA[@metalsucks re: Aaron Lewis and the word "Patriot" https://t.co/odqFDbR89T]]></document>
		<document><![CDATA[@KentGBasky honestly, doing them at random times helps best insure safety later. Ya never know when fire strikes, right?]]></document>
		<document><![CDATA[@LisachristCBC maybe they can take the time they would've devoted to Pop's Most Obnoxious &amp; air the Best Metal Award instead? One can dream]]></document>
		<document><![CDATA[@AgentM good grief... Some people's children, eh?]]></document>
		<document><![CDATA[@LisachristCBC is it really a boycott if it improves the proceedings?]]></document>
		<document><![CDATA[I wonder if we could get @julesk_fighter out of retirement for a charity MMA match vs. Piers Morgan... #BullyBeatdown]]></document>
		<document><![CDATA[@dxferris may he rest in peace.]]></document>
		<document><![CDATA[@WavesAudioLtd @hymov that I have? RBass. That I want? XNoise]]></document>
		<document><![CDATA[@kyleantivenin To be fair, he actually DOES come from life under the kind of regime where your only access to metal was smuggled-in tapes.]]></document>
		<document><![CDATA[@TheZaneSimon I recommended Disgaea 2 which just came out for PC. Can't go wrong with any @NISAmerica title, really.]]></document>
		<document><![CDATA[@SoozieCuzie has it's pros and cons. The biggest con is that you rarely get a majority, so coalitions form &amp; nothing gets done]]></document>
		<document><![CDATA[@southboundcine @dxferris shit... I think we may have to do this once I finish the Gundam album..]]></document>
		<document><![CDATA[@GrimKim then you'll see it in the.morning]]></document>
		<document><![CDATA[@GrimKim will e-mail later tonight then]]></document>
		<document><![CDATA[@GrimKim I have a semi-pitch for you or your staff that would go with some of direction you're wanting to go w/Noisey. May I DM?]]></document>
		<document><![CDATA[@ItsMikeFagan not that I can think of. It's both high-flying and yet beautifully efficient and hard-hitting. Would be a believable finish]]></document>
		<document><![CDATA[@shaunalshatti we all know Tito's on the Terry Funk Retirement Plan]]></document>
		<document><![CDATA[Okay all you kids on Twitch, get on this! You want this game! https://t.co/pZ6vYiWnFQ https://t.co/vAk77AT6kc]]></document>
		<document><![CDATA[Okay all you kids on Twitch, get on this! You want this game! https://t.co/pZ6vYiWnFQ]]></document>
		<document><![CDATA[@jessamynduke, trust me. You want this game. You too, @QoSBaszler. If you're awake. https://t.co/e2QZL8Xp5x]]></document>
		<document><![CDATA[@GrimKim mostly just made news here in Canada, so that's not a huge shock.]]></document>
		<document><![CDATA[@GrimKim kicked up a kerfuffle over a rapey album cover featuring a provincial MLA

https://t.co/gLOe2JN2wH]]></document>
		<document><![CDATA[.@baenagalactic how in the blue hell do I have more followers than you? Bizarre. Peeps, follow this young gentleman!]]></document>
		<document><![CDATA[@GrimKim surprised you gave them play after the controversy over their previous release's cover]]></document>
		<document><![CDATA[@Derdersh I believe they are both at Elevation, yes.]]></document>
		<document><![CDATA[@MikeBohnMMA only 3 of them will stay retired.]]></document>
		<document><![CDATA[@ZPGIFs ouch... That's rough, man. Hope he'll be okay once all this testing is done.]]></document>
		<document><![CDATA[@ItsMikeFagan you sure they're not self-married?]]></document>
		<document><![CDATA[@aubreysitterson if @SenFeinstein is a Christian, point him to #4 on the 7 Corporal Works of Mercy here.

https://t.co/87poA09yhs]]></document>
		<document><![CDATA[@BlerdyShani I will look into those, thank you very much for your help and understanding]]></document>
		<document><![CDATA[@ScogginsFlow @The_monkeygod can he make like Sun WuKong/Son Goku, though? https://t.co/o1JCcde8Yo]]></document>
		<document><![CDATA[@dxferris @southboundcine "You Give Martians a Bad Name"?]]></document>
		<document><![CDATA[@dxferris only if we can get a guy with a Danzig-esque croon singing "Livin' On a Prayer"]]></document>
	</documents>
</author>