<author lang="en">
	<documents>
		<document><![CDATA[In the real world, high-cost is ultimately a deal killer, because wages don’t rise at the same time... 
doesn't... https://t.co/YqEbRvX9iu]]></document>
		<document><![CDATA[The "Wind and Solar Will Save Us" Delusion https://t.co/j2pxLeIh1p via @gailtheactuary]]></document>
		<document><![CDATA[The West’s biggest coal plant (USA) may be about to shut down https://t.co/cfBJgnpAKl via @grist]]></document>
		<document><![CDATA[Ask PM Bill English to tell President Trump to end Muslim Ban. Sign the petition: https://t.co/giKMb3noQM via @nzlabour]]></document>
		<document><![CDATA[Humanity strikes back at @realDonaldTrump. Join the #WorldToTrump open letter that’s sweeping the planet! #Trump https://t.co/8rFzCr8kxc]]></document>
		<document><![CDATA[Tuesday Talks: Climate Change – The Latest Science https://t.co/RiNCaJU6lv via @]]></document>
		<document><![CDATA[NZ can be at front of pack to inclusive, clean global economy potential US $8 trillion of investment @lessflying 
https://t.co/x6WIDD4RzY]]></document>
		<document><![CDATA[Barry Coates says we must re-think trade deals for a fair and clean economy - "The International Energy Agency... https://t.co/E8Buv1lH9J]]></document>
		<document><![CDATA[Cycling recognised by both central and local government - now is the time to expand the network! https://t.co/NBkewN0clx]]></document>
		<document><![CDATA[Problems and Solutions- cycling now recognised by central and local government https://t.co/H5bYPROhoO via @bikeswelcome]]></document>
		<document><![CDATA[Greater Wellington Regional Council has a climate strategy that includes a divestment policy.  However, the... https://t.co/snWRLWsHlJ]]></document>
		<document><![CDATA[GWRC has a climate strategy that includes divestment - however, no action has been taken. 
Join me in asking GW... https://t.co/IyiEDCW4cA]]></document>
		<document><![CDATA[I particularly like the first point: We construct a national high-speed rail network and more efficient... https://t.co/ByUrL4LniD]]></document>
		<document><![CDATA[Life in a post-flying Australia, and why it might actually be ok https://t.co/4oml2STiGX via @ecobusinesscom]]></document>
		<document><![CDATA[Arnold Schwarzenegger Just Blew Everyone Away With This Post On FB. Wow. https://t.co/wxPrHdjmq2]]></document>
		<document><![CDATA[On Friday Huber Ballesteros was freed from prison! After more than three years in jail during which he has never... https://t.co/gv1ru7N5V4]]></document>
		<document><![CDATA[Locomotion - complete electrification of main trunk rail line https://t.co/vV9QmZKOCw via @TransportBlog]]></document>
		<document><![CDATA[....get cycle racks right outside the front door of your buildings/office where everyone can see them.... https://t.co/9tqbc8ZdO8]]></document>
		<document><![CDATA[Why Bike Parking, Part 2: The Psychology of Bike Parking https://t.co/qsPJkA4BKy via @bikeswelcome]]></document>
		<document><![CDATA[Buddha seems to bring tranquility to Oakland neighborhood https://t.co/mYQ4F980Sk via @SFGate]]></document>
		<document><![CDATA[Bike Welcome Counting Down: https://t.co/v3DA7w0bUc]]></document>
		<document><![CDATA[Greater density has the potential to substantially reduce building emissions, more so than other efforts to... https://t.co/3GyBQADqem]]></document>
		<document><![CDATA[Densifying cities could cut emissions more than doing energy retrofits on buildings. https://t.co/5A2F83Dy5Y via @grist]]></document>
		<document><![CDATA[These Geodesic Domes Are Home to The World's Largest Greenhouse https://t.co/1GVRWr0Gau via @Futurism]]></document>
		<document><![CDATA[The biggest ambition for California climate hawks, however, is a statewide ban on fracking. Momentum is building:... https://t.co/ZA1ICwAH32]]></document>
		<document><![CDATA[In the Trump era, all climate progress will be local https://t.co/hudVbdxLAw via @grist]]></document>
		<document><![CDATA[This is USA centric - however, all the right tips are there and apply to most New Zealanders.  Worth a quick... https://t.co/d4BzfB79wy]]></document>
		<document><![CDATA[Squeezing Oil Out of Your Travel (Make Your Life Less Oily in 2017, Part 2) https://t.co/dtSgm3AflC via @postcarbon]]></document>
		<document><![CDATA[Victoria state government shows leadership supporting a 75 megawatts solar plant with about half of that... https://t.co/dQcKLz2cGH]]></document>
		<document><![CDATA[Energy Minister Lily D'Ambrosio with 75 MW solar plant linked to tram network. @lessflying https://t.co/Wwujbyc4f4 via @theage]]></document>
		<document><![CDATA[Obama is spending another $500 million to fight climate change before Trump can stop him. https://t.co/vMWWEKYwVC via @grist]]></document>
		<document><![CDATA[Aid in reverse: how poor countries develop rich countries | Jason Hickel https://t.co/X21hCBqvPl]]></document>
		<document><![CDATA[We cannot survive as a civilisation without limiting our growth now! Hear Tim Jackson describe what is possible! https://t.co/IGQXBWhDAo]]></document>
		<document><![CDATA[7 Ways Grapefruit Essential Oil Can Boost Your Health https://t.co/C8rxjPmUnY]]></document>
		<document><![CDATA['Why do cyclists ride side by side?' - Cycling Weekly https://t.co/p9BFdcf3oC via @cyclingweekly]]></document>
		<document><![CDATA[Moana might be great for representation but it's not all heartwarming for Hawaii | Tina Grandinetti https://t.co/UeZgIHsNxG]]></document>
		<document><![CDATA[Paris will accelerate a plan to double the surface of its cycling lanes by 2020.
Climate is the number one... https://t.co/JbE9DLkzTr]]></document>
		<document><![CDATA[Overseas competition for state housing sell-off https://t.co/ttMtN3s9TY]]></document>
		<document><![CDATA[Only One Democratic State Possible in Palestine and Israel https://t.co/jUXLzjt3oe via @scoopnz]]></document>
		<document><![CDATA[The Hutt to Wellington city route is a prime candidate for a super intercity cycle-way - sections are being... https://t.co/F0tvlBdeUM]]></document>
		<document><![CDATA[Could intercity cycle highways revolutionise the daily commute? https://t.co/m4iZkICMcz]]></document>
		<document><![CDATA[Fantastic solutions for safe cycling in our cities! https://t.co/UHipUWxE2I]]></document>
		<document><![CDATA[Great Cycling Myths &amp; Mistakes - How Auckland (Wellington) can easily be a Great Cycling City https://t.co/X55jwEXTzm via @TransportBlog]]></document>
		<document><![CDATA[Netherlands design great roundabouts which should be used where ever possible in NZ too. https://t.co/GQB7gSz9Fz]]></document>
		<document><![CDATA[Build a $300 underground greenhouse for year-round gardening (Video): https://t.co/DfZpbEx7bJ]]></document>
		<document><![CDATA[According to the Regional Council Public Transport Plan, our zero emission trolley buses will be scrapped in June... https://t.co/GRCSlNN1uD]]></document>
		<document><![CDATA[Why trolley buses shouldn't be withdrawn this year https://t.co/oaePsQfxls]]></document>
		<document><![CDATA[https://t.co/IRvonDrsyb » Why trolley buses shouldn’t be withdrawn this year https://t.co/VwztiHgoVY via @scoopnz]]></document>
		<document><![CDATA[Cool discussion @sciblogsnz: "50% of people who lived in 1917 were intellectually disabled" https://t.co/w8P698J2Oa]]></document>
		<document><![CDATA[Greenpeace wins advert battle https://t.co/p5NdSLKLn7 via @nzherald https://t.co/bmh7m6GOCh]]></document>
		<document><![CDATA[Bernie Just Printed a Gigantic Trump Tweet and Brought It to the Senate Floor https://t.co/zZmSQXlGZc]]></document>
		<document><![CDATA[Seattle achieved a 20% increase in the speed of their rapidride bus services with off-board fare collection.... https://t.co/AtHruxgcYe]]></document>
		<document><![CDATA[Scientists say the global ocean circulation may be more vulnerable to shutdown than we thought @lessflying  https://t.co/A8rG9i85rr]]></document>
		<document><![CDATA[Should we pay people to cycle with money from drivers? https://t.co/A8wVLEQhIx via @metrotoronto]]></document>
		<document><![CDATA[A study in Vancouver suggests that for every dollar we individually spend on walking, society pays just 1 cent.... https://t.co/jogEsdLIpw]]></document>
		<document><![CDATA[It’s not a ban on plastic bags, it’s a ban on banning plastic bags in Michigan: hysterical laws means we're winning https://t.co/2agSlmoPkm]]></document>
		<document><![CDATA[33 states and the District of Columbia have cut carbon emissions while expanding their economies ... https://t.co/Qs3sVqkXcn]]></document>
		<document><![CDATA[As fossil fuel diehards take over White House, a fast-moving global energy transition is accelerating  https://t.co/3WVo0ZU2gy]]></document>
		<document><![CDATA[The only question that counts, is as follows:  are we going to join with others to plant the seeds of viable post-ca…https://t.co/Tu5HiH9Fkv]]></document>
		<document><![CDATA[The only question that counts, is as follows: are we going to join with others to plant the seeds of viable... https://t.co/OJHml3BHwP]]></document>
		<document><![CDATA[Death of the Fossil Fuel Industry—Will It Take the Rest of the Economy Down With It? https://t.co/gvRZup3IOy via @postcarbon]]></document>
		<document><![CDATA[Why be boring - Great cycle racks! https://t.co/AJPLP21iIS via @bikeswelcome]]></document>
		<document><![CDATA[Elon Musk: 'We need a revolt against the fossil fuel industry' https://t.co/QDE2glruYh]]></document>
		<document><![CDATA[Chris was a major player in raising awareness of climate change, and publicly opposed and demonstrated against... https://t.co/LD27ttCUEW]]></document>
		<document><![CDATA[Popular doctor Chris Cresswell found dead after biking accident https://t.co/civE7uwu1m via @nzherald @environtspt]]></document>
		<document><![CDATA[Exit Obama in a Cloud of Disillusion, Delusion and Deceit  : Information Clearing House - ICH https://t.co/h1ucxYOfVd]]></document>
		<document><![CDATA[There have been some positive global trends - the most important for me, is China's shift to positive engagement... https://t.co/lSOGv3ZpLr]]></document>
		<document><![CDATA[The decline was a reflection of more people riding and becoming accustomed to cyclists. Across New Zealand the... https://t.co/Ju7k2j0Fhv]]></document>
		<document><![CDATA[Cycling deaths on New Zealand roads at 25 year low, initial figures show #environtspt @lessflying https://t.co/Cb0KeUIZ36]]></document>
		<document><![CDATA[About https://t.co/PuC9GjOWib via @wordpressdotcom]]></document>
		<document><![CDATA[Cyclists have the greatest odds of showing up to work or school energized and punctual. That’s according to data... https://t.co/OrqtUTBBSd]]></document>
		<document><![CDATA[Montreal Cyclists Say a Bike Commute most reliable of any mode  https://t.co/sXTucBfanb]]></document>
		<document><![CDATA[A Bigger Problem Than ISIS? https://t.co/GcXv4Vty6i via @newyorker]]></document>
		<document><![CDATA[Mike Joy posted a link to this page with good reason! https://t.co/wkPY4C24Ga]]></document>
		<document><![CDATA[Users of Ofo’s yellow bikes, which cost about 10p to use, unlock them using a combination code sent through its... https://t.co/LW0zLIVtk3]]></document>
		<document><![CDATA[Bike-sharing revolution aims to put China back on two wheels https://t.co/2iOFUqGu6j]]></document>
		<document><![CDATA[Rachel Stewart: Who will stand up to dairying? - Business - NZ Herald News https://t.co/ymGTDMxI7D]]></document>
		<document><![CDATA[Bicycling: The SAFEST Form of Transportation  https://t.co/TyAPd6nWPJ]]></document>
		<document><![CDATA[Kiwi scientists make breakthrough to convert greenhouse reactive N to unreactive N2.  https://t.co/p8yy4E6cJ2 via @scoopnz]]></document>
		<document><![CDATA[What about a campaign to get supermarkets allow an option for cyclists of a discount on next visit instead of... https://t.co/lILcWW2GSu]]></document>
		<document><![CDATA[Numbers count - credits to cyclists rather than car drivers! https://t.co/bEdvxTN2jW via @bikeswelcome]]></document>
		<document><![CDATA[The Guardian itself committed to divest from fossil fuels in April 2015.... https://t.co/GwFGfu76nA]]></document>
		<document><![CDATA[Fossil fuel divestment funds double to $5tn in a year https://t.co/FP4EHO6pPV]]></document>
		<document><![CDATA[Cyclists are clear winners on time and money saved! https://t.co/ChmppFhjmx]]></document>
		<document><![CDATA[3 days of lives each year spent looking for parking space - cyclists clear winners! # 2WALKandCYCLE 
https://t.co/rfdGM6ndau via @MailOnline]]></document>
		<document><![CDATA["Once the principle is established for Auckland, fully funding Wellington light rail, realising the 1990s vision... https://t.co/keaViX7kpU]]></document>
		<document><![CDATA[Govt considers fully funding Auckland light rail https://t.co/hN0cMbxsV0]]></document>
		<document><![CDATA[Syria War Being Justified By Same Type of Propaganda As Iraq; Stop Belie... https://t.co/6XhQm74qqA via @YouTube]]></document>
		<document><![CDATA[Those electric cargo bikes are wonderful - no more hills and the strong winds become just a breeze! If he wants a... https://t.co/wGpJljB6si]]></document>
		<document><![CDATA[Stroke has a new indicator #fromEvernote https://t.co/nKvOwAPyYt]]></document>
		<document><![CDATA[Great learnings with clear parallels to the present https://t.co/gQLgMb9cZ0]]></document>
		<document><![CDATA[Costa Rica modernized without wrecking the environment. Here’s how. https://t.co/G0VeB8yE2w via @grist]]></document>
		<document><![CDATA[An omnibus in the bike lane: new blocking rule https://t.co/0iD3Qnkakg via @wordpressdotcom]]></document>
		<document><![CDATA[Aotearoa/New Zealand needs a new political project. There needs to be an alternative to the growing poverty and... https://t.co/CMcLNj2WJ6]]></document>
		<document><![CDATA[The reality of Winston Peters https://t.co/BOHSyI9exa via @FightbackNZ]]></document>
		<document><![CDATA[📢Guy McPherson's global warming claims: how do they stack up? other Alerts &amp; Events https://t.co/mtwCeZ7kTW]]></document>
		<document><![CDATA[📢 Tieke: ECO 14 December 2016  Guy McPherson's claims: how do they stack up, and other Alerts &amp; Events  https://t.co/5hlQ1YHoBT @lessflying]]></document>
		<document><![CDATA[Innovative funding mechanisms for urban brownfield regeneration analysed-https://t.co/IxawS2ZpBv]]></document>
		<document><![CDATA[The Rise of Community Energy globally indicates the way forward for NZ cooperatives  - @garethhughes@lessflying https://t.co/TWmbkKVpKL]]></document>
		<document><![CDATA[Monsanto Is Scrambling To Bury this new report from the FDA... https://t.co/uejVQXgToj via @thefoodbabe]]></document>
	</documents>
</author>