<author lang="en">
	<documents>
		<document><![CDATA[TV One Breakfast is like childrens TV. https://t.co/usPxG0Y57T]]></document>
		<document><![CDATA[Political commentary on the footpath outside the SupremeCourt of New Zealand. https://t.co/obZUkksK7I]]></document>
		<document><![CDATA["Can I have a name for the table?" "Sure. It's Barbara."]]></document>
		<document><![CDATA[The amount of exposure I'm getting on LinkedIn is bound to open up a world of opportunities. https://t.co/4J6yziGObw]]></document>
		<document><![CDATA[Oh how surprising.  Real Estate industry body doesn't want people to rate the real estate agents in their industry.  https://t.co/wmJrz4o0Kz]]></document>
		<document><![CDATA[In news just in, couple go for run. https://t.co/uke2PtpPCp]]></document>
		<document><![CDATA[Tweet of the morning. https://t.co/0MjwN1GL0R]]></document>
		<document><![CDATA[She needs to learn to type before she can tweet. https://t.co/fOaf8cOyAi]]></document>
		<document><![CDATA[I'm just going to leave this here.  https://t.co/cDFsoM1qNk]]></document>
		<document><![CDATA[This is an offical photo of a man writing a Presidential inaugural address. Seriously. https://t.co/o4QQAAt1q7]]></document>
		<document><![CDATA[The spam I get is always strange.  I reckon the most appropriate place to watch the Trump inauguration is the Nixon… https://t.co/hdvXlLogRH]]></document>
		<document><![CDATA[I'm trying to batten down the hatch but I don't have a hatch to batten down. #Weather]]></document>
		<document><![CDATA[More staff than customers at Whitcoulls Lambton Quay. After the fifth "Can I help you?" it was time to go.]]></document>
		<document><![CDATA[The biggest load of drivel I've seen on LinkedIn in ages. https://t.co/a2KdEKFZfq]]></document>
		<document><![CDATA[Sir Bob Jones earlier this evening. https://t.co/GQCh0EkCFh]]></document>
		<document><![CDATA[The Police are about three days ahead of us. https://t.co/DsoLTdLJvX]]></document>
		<document><![CDATA[Kids film maker Peter Jackson and his latest load of drivel to hit the big screen. https://t.co/1FgktYIALp]]></document>
		<document><![CDATA[@JoelRowan and be deported if you ever say "welly"]]></document>
		<document><![CDATA[Turns out they don't sell beds, or baths, at Bed Bath and Beyond.]]></document>
		<document><![CDATA[Translation: they wanted the money. https://t.co/ox1sKtieSE]]></document>
		<document><![CDATA[Does anyone know what Richie and Gemma had for breakfast? It's almost 9:30 and there's nothing on Stuff or the Herald site yet. Arrgggh!]]></document>
		<document><![CDATA[@realstevegray drivel with songs. It was like Glee for old people.]]></document>
		<document><![CDATA[The struggle is real.  https://t.co/n7VuWc1lxl]]></document>
		<document><![CDATA[Who's this "Richie McCaw" I keep hearing about?]]></document>
		<document><![CDATA[Must see.  Stupid Australian TV hosts go to war in leaked footage over a jacket.  One wonders how life can go on...  https://t.co/p8H4XrHPXu]]></document>
		<document><![CDATA[The biggest load of rambling drivel I've read in weeks.  Its like a stream of consciousness in overdrive. https://t.co/GJ6N6eMllr]]></document>
		<document><![CDATA[Based on what are the "most read" items on the Herald website, you'd be forgiven for thinking we're a nation of mor… https://t.co/KR2qGymdID]]></document>
		<document><![CDATA[I've tried Pinterest, but it's not as pinteresting as I'd expected.]]></document>
		<document><![CDATA[Someone just tooted In The Terrace tunnel. Clearly not a local.]]></document>
		<document><![CDATA[Who's Fontrra? https://t.co/1JUk2fpPRf]]></document>
		<document><![CDATA[Jim never has a second cup of coffee at home. https://t.co/7PrCdjtxql]]></document>
		<document><![CDATA[Wellington streets awash with pissy back-to-workers colliding with still-on-leave slow coaches dawdling along. Bitterness all round.]]></document>
		<document><![CDATA[This trend of belt-less pants needs to stop.]]></document>
		<document><![CDATA[@mlle_elle it really couldn't have been more up itself if it tried.]]></document>
		<document><![CDATA[#QuakeWatch:4.8 - New Zealand, 25 km E of Seddon on Fri, 6/01/17, 9:45 PM NZDT. Map: https://t.co/aDKeDHcFp1 * Info: https://t.co/ABlOBmcUOp]]></document>
		<document><![CDATA[@andrew_w_burns they spell Labour Labor, which is wrong.]]></document>
		<document><![CDATA[No casual racism here. Our cat is black and white. https://t.co/6FAnKroNx1]]></document>
		<document><![CDATA[@TeMunaRoad ...in their coffee.]]></document>
		<document><![CDATA[Me at every Art Museum. https://t.co/MfN8g0iY4d]]></document>
		<document><![CDATA[Turns out the Mad Butcher is mad.]]></document>
		<document><![CDATA[You know you're old when you remember when Boat Shoes were a thing the first time around. https://t.co/1yyrVurTGc]]></document>
		<document><![CDATA[What does "lit" mean?]]></document>
		<document><![CDATA[Sky News. Breaking news a year after everyone else. https://t.co/qvUvJ9Izl5]]></document>
		<document><![CDATA[Happy New Year to all.]]></document>
		<document><![CDATA[Turns out my New Years Honour was not publicised due to an administrative error. I am humbled by the award for services to myself.]]></document>
		<document><![CDATA["For services to chess." It appears this is a thing. https://t.co/aEpYxsj75d]]></document>
		<document><![CDATA[Woman gets New Years award for throwing things. #NewYearsHonours]]></document>
		<document><![CDATA[Do you win a prize if you've ever heard of any of the New Years Honours recipients?]]></document>
		<document><![CDATA[@paulapenfold the tip?]]></document>
		<document><![CDATA[#QuakeWatch: 5.5 - New Zealand, 35 km E Seddon on Thu, 29/12/16, 3:34 PM NZDT. Map: https://t.co/rIeybqu9tV * Info: https://t.co/cxbVTBc8hr]]></document>
		<document><![CDATA[You know journalism is dead when the usual "Holiday Tips" crap includes "Remember to fill up your car with petrol." https://t.co/uAlsxtEwLq]]></document>
		<document><![CDATA[Sharp rattle. Wellington City. #eqnz]]></document>
		<document><![CDATA[Vomit-inducing. "James proposed in Vienna. He took me out to dinner at an amazing organic raw vegan restaurant" https://t.co/W4w3ThDZjE]]></document>
		<document><![CDATA[Fire in Wellington.  Stock photo of a fire truck crossing the Auckland Harbour Bridge. #lazyjournalism https://t.co/ocPxKdbhaW]]></document>
		<document><![CDATA[Hand holding couples obstructing pedestrian traffic flow on Lambton Quay. Should be banned.]]></document>
		<document><![CDATA[Turns out trying to unsubscribe from annoying Trade Me spam is like trying to get out of Scientology. https://t.co/iQmCFa1VJY]]></document>
		<document><![CDATA[Woman in front of me announcing at the top of her lungs she would like a "cwassonn" with her coffee. Turns out she wants a croissant.]]></document>
		<document><![CDATA[About a million Police cars heading into Karori in the last ten minutes. Lost cat?]]></document>
		<document><![CDATA[Those people that drive round with a sun hat on display in their rear window.]]></document>
		<document><![CDATA[One of those people who pronounces "off" as "orf"]]></document>
		<document><![CDATA[The distressing thing about this Yahoo! security breach is that Yahoo! is reportedly still a thing.]]></document>
		<document><![CDATA[The latest Air New Zealand safety video is enough to seriously consider using Jetstar.]]></document>
		<document><![CDATA[Somebody just told me they've "sent a pxt." Is it 1998?]]></document>
		<document><![CDATA[Sharp shake. Wellington city. #eqnz]]></document>
		<document><![CDATA[@JoelRowan "could ruin the character of the suburb." It's Grenada.]]></document>
		<document><![CDATA["I'll have the triffle." https://t.co/iAo9hCU87i]]></document>
		<document><![CDATA[Does Bronagh Key talk?  I don't think I've ever heard her open her mouth.]]></document>
		<document><![CDATA[Small rattle. Wellington City. #eqnz]]></document>
		<document><![CDATA[Vomit-inducing. People naming their child things like Braxon, Maidon, Ashton, Shanton, and Riley.  https://t.co/nifERQaz1y]]></document>
		<document><![CDATA[Avoid "Neighbourly". Its a vehicle for spam and patronising messages from the Salvation Army. https://t.co/ktgNbOI2Gp]]></document>
		<document><![CDATA[If there is an earthquake in the middle of the Mannequin Challenge, is it null and void?]]></document>
		<document><![CDATA[That awkward moment when "Cameron" turns out to be a woman.]]></document>
		<document><![CDATA[Is it normal to have a passionate dislike for the general public and a desire to want to avoid them at every opportunity?]]></document>
		<document><![CDATA[Woman at lunch with spinach bits stuck in her teeth / braces. Trying supremely hard not to stare in revulsion.]]></document>
		<document><![CDATA[You know things are getting back to normal when you start seeing earthquakes in Greece and China in your live quake… https://t.co/gHRCPy3mQW]]></document>
		<document><![CDATA[After a stressful day, nice to arrive home to half a dozen Kereru happily settled in at the bottom of the garden. https://t.co/IPszH1Bu2F]]></document>
		<document><![CDATA[Martial law invoked at Thorndon New World. #eqnz https://t.co/vL0BmpyqnF]]></document>
		<document><![CDATA[That slip wasn't there yesterday. Karori, Wellington. #eqnz https://t.co/yHt1DSJOCg]]></document>
		<document><![CDATA[Bringing in the big guns on @NZMorningReport ... Enter Kim Hill and Guyon Espiner.]]></document>
		<document><![CDATA[Traffic heading into Karori seems to have increased in the last ten minutes. #eqnz]]></document>
		<document><![CDATA[Did he thank his wife? I think not. Awkward. #Decision2016]]></document>
		<document><![CDATA[Thanks to the cleaners, who clean things, they're so fantastic. Thank you so much for your fantastic for cleaning.]]></document>
		<document><![CDATA[Stream of consciousness stuff. #ElectionNight]]></document>
		<document><![CDATA[This. https://t.co/z6FQg6sAND]]></document>
		<document><![CDATA[Good. #ElectionNight https://t.co/bxr30GAACY]]></document>
		<document><![CDATA[The one to watch. Plus NC. #ElectionNight https://t.co/4hn5SdQZfJ]]></document>
		<document><![CDATA[Clinton = Virginia. There is hope. #ElectionNight]]></document>
		<document><![CDATA[Ouch. #ElectionNight https://t.co/hbe5Qy5ilV]]></document>
		<document><![CDATA[The beginning of the end. #ElectionNight https://t.co/H6jLvfePUH]]></document>
		<document><![CDATA[If Trump retains lead in VA, NC, FL and OH, he's in. #ElectionDay]]></document>
		<document><![CDATA[Feeling ill. #ElectionNight https://t.co/zoFB8ITjbw]]></document>
		<document><![CDATA[Panic personified. #ElectionNight https://t.co/znm50IZJnm]]></document>
		<document><![CDATA[Anyone else feel like throwing something at the TV every time Wolf Blitzer says "elect-oral" votes? #ElectionNight]]></document>
		<document><![CDATA[The ones to watch. #ElectionNight https://t.co/FuTCpsISVz]]></document>
		<document><![CDATA[It's getting interesting. #ElectionNight https://t.co/japdHCLPWN]]></document>
		<document><![CDATA[In news just in, person turns 20. https://t.co/vAx2Dp6CXh]]></document>
		<document><![CDATA[In breaking news, woman passes real estate test. https://t.co/Mfrrfp7xcG https://t.co/wjbfhJ2a4f]]></document>
		<document><![CDATA[I'm with Boy George. She's whiny with a voice like a broken drill.]]></document>
		<document><![CDATA[That awkward moment when people in the lift look at your phone display &amp; discover you're listening to Cliff Richard. https://t.co/6eDaNyF22k]]></document>
		<document><![CDATA[@AnnaGConnell @jordantcarter @Kiwi_Chatter Can I get a coke? (When they only have Pepsi)]]></document>
	</documents>
</author>