<author lang="en">
	<documents>
		<document><![CDATA[More evidence that will be ignored by #potus &amp; purveyors of alternative facts #muslimban https://t.co/zDX152x338]]></document>
		<document><![CDATA[A tweet that has deservedly gone viral https://t.co/tcOSIRRUPy]]></document>
		<document><![CDATA[Interesting post on the parallels between The New York Times' new strategy and how Netflix disrupted the TV market https://t.co/dOUKLw4gO1]]></document>
		<document><![CDATA[Dermot Breen's tales of the Clipper is @IoDIreland reunion - 10 from Cohort 24 of Chartered Director (including Der… https://t.co/PFLPrAjZYP]]></document>
		<document><![CDATA[At National Yacht Club: Dermot Breen Chair of @IrishCancerSoc is recalling how he participated in the Clipper round… https://t.co/HmFZxoAROi]]></document>
		<document><![CDATA[@mocireland @IrishCancerSoc @ClipperRace me too Marie should be fascinating !]]></document>
		<document><![CDATA[Delighted to see #marketingmultiplied case study on joint @RSAIreland &amp; Northern Irl seat belt campaign, led to eco… https://t.co/Noh8513Tw6]]></document>
		<document><![CDATA[This needs to change how boards perceive marketing. Congrats @alanthomascox @patrick_coveney &amp; @CoremediaIRL et al… https://t.co/1LoVyfwT0E]]></document>
		<document><![CDATA[And here's the other half of the  #marketingmultiplied panel https://t.co/qboRmk2lqd]]></document>
		<document><![CDATA[One half of the #marketingmultiplied being quizzed on the big theme of short-termism by @DearbhailDibs https://t.co/iy6SMR0p2b]]></document>
		<document><![CDATA[Peter Field says he's a contrarian about #digital but can be effective if it can learn from long-term TV campaigns… https://t.co/0iVOopI1j0]]></document>
		<document><![CDATA[Digital responsible for "seducing" management into running short term campaigns: Peter Field #marketingmultiplied https://t.co/qLle36rwPo]]></document>
		<document><![CDATA[Difference between long &amp; short term marketing approaches are significant: Peter Field. #marketingmultiplied https://t.co/bOZ8SyOcex]]></document>
		<document><![CDATA[Peter Field uses John Lewis Christmas campaigns to make his point about ROI and creativity #marketingmultiplied https://t.co/TQgxmETJyI]]></document>
		<document><![CDATA[Fame builds 'mental availability' says Peter Field marketing effectively expert #marketingmultiplied https://t.co/3ZvwwwwMEK]]></document>
		<document><![CDATA[Bottom line is that advertising fuels the wheels of economy: Jim Power #marketingmultiplied https://t.co/N0rA8bf82P]]></document>
		<document><![CDATA[Good to see #marketingmultiplied getting traction on Twitter, significant piece of work from @CoremediaIRL https://t.co/Kn3gnUEnSd]]></document>
		<document><![CDATA[Infographic from @CoremediaIRL captures main findings from #marketingmultiplied https://t.co/I904fYlemA]]></document>
		<document><![CDATA[Advertising source of debate among economists &amp; intellectuals some believe consumers are rational: Jim Power… https://t.co/M4ZLTr5jK2]]></document>
		<document><![CDATA[Why advertise? Six compelling reasons given by Jim Power #marketingmultiplied https://t.co/1MeEIeYgz8]]></document>
		<document><![CDATA[Economist Jim Power presenting results of large study of academic studies on marketing - a big global business… https://t.co/1gbLvZlzIu]]></document>
		<document><![CDATA[Too much money spent on brand tracking, gives a 'warm feeling' but not as effective as econometrics: @alanthomascox… https://t.co/Xd4lSI1ytQ]]></document>
		<document><![CDATA[Long term campaigns 3 more times effective than short term ones. Optimum should be 60% brand building@alanthomascox… https://t.co/szyNuslztF]]></document>
		<document><![CDATA[Powerful point from @alanthomascox https://t.co/iOMjquMnma]]></document>
		<document><![CDATA[Marketing has become too tactical but it can become a driver of long term value: @patrick_coveney… https://t.co/vYzKYMUhpF]]></document>
		<document><![CDATA[Boards not taking marketing seriously, only 2.6% of listed US companies have marketing backgrounds @patrick_coveney… https://t.co/gfnyZYBmIk]]></document>
		<document><![CDATA[At #marketingmultiplied organised by @CoremediaIRL to learn about the holy grail  of marketing - the economic &amp; bus… https://t.co/uCFwsKYkiT]]></document>
		<document><![CDATA[Worrying. More evidence that Mr Trump doesn't like real facts, this time on climate change. https://t.co/zQteXa8O4m via @rte]]></document>
		<document><![CDATA[Vacancy for Finance/Office Manager at @BITCIreland &amp; @CommunityFound &amp; be part of @TinaRoche senior team. #jobfairy https://t.co/NPM6kGdb0a]]></document>
		<document><![CDATA[Communications  Trump style https://t.co/qvgRHYYAfA]]></document>
		<document><![CDATA[Worth listening to @MrNiallMcGarry on his entrepreneurial journey &amp; his take on digital #media @TheBusinessRTE https://t.co/cluNLJgGb9]]></document>
		<document><![CDATA[One tweet. 7.2m followers &amp; counting #inauguration https://t.co/awhSqm3nb5]]></document>
		<document><![CDATA[Thanks @MediaComIreland for sending on the Marketing Sentiment report. Will tweet some #digital findings from my @AOT_digital account]]></document>
		<document><![CDATA[Hi @MediaComIreland is the full Marketing Sentiment report referenced in @irishTimes this morning available online?]]></document>
		<document><![CDATA[Two thirds of capital in market coming from overseas, strong demand for retail properties @marianfinnegan #iodevents https://t.co/OCQzICAVnZ]]></document>
		<document><![CDATA[Property supply is major issue for Ireland in attracting inward investment post #brexit @marianfinnegan #iodevents]]></document>
		<document><![CDATA[40% of what Sherry FitzGerald sold last year were investors getting out of rental market @marianfinnegan #iodevents https://t.co/d0j0gZick4]]></document>
		<document><![CDATA[32k residential sales in 2016 approx 2.5% of stock - half of what it should be in normal functioning market… https://t.co/RyktQ2LPh3]]></document>
		<document><![CDATA[At @IoDIreland breakfast event, full house interested in hearing about property trends from @marianFinnegan… https://t.co/7JDFh40iAH]]></document>
		<document><![CDATA[Worth reading. @gavreilly is one to watch #media https://t.co/vpa8xWTIg5]]></document>
		<document><![CDATA[An incriminating statement from a powerful programme #WeNeedToTalkAboutDad. Bravo @BrendanCourtney https://t.co/HaQoySEzLR]]></document>
		<document><![CDATA[Exciting role. @NGIreland seeking Marketing &amp; Engagement Manager to lead audience &amp; visitor strategies https://t.co/0Hfiz8iQb9 #jobfairy]]></document>
		<document><![CDATA[Paper is still valued by young professionals who love their digital gadgets https://t.co/dq2W1YIAFz]]></document>
		<document><![CDATA[@patrickm222 you're very welcome Patrick. If you run out just shout. We've 9 unopened!!]]></document>
		<document><![CDATA[Delighted to win whiskey in raffle at @IoDIreland lunch. Even more delighted to swap prizes with another winner. Th… https://t.co/cXD0xMJkxH]]></document>
		<document><![CDATA[With us at @IoDIreland lunch were @WoWempowering mentors @clare_duignan &amp; solicitor Imelda Reynolds..could have been others there too]]></document>
		<document><![CDATA[Had wonderful @IoDIreland Xmas lunch yesterday with my @WoWempowering co-founders @CarolAnnBolger @clodaghhughes &amp;… https://t.co/ZoAiTT4bh9]]></document>
		<document><![CDATA[@orlaithb @MCIreland09 @clare_duignan @lizhughesacca @feebryn great night &amp; chance to mark 'friendship &amp; camaraderie", as Marian said]]></document>
		<document><![CDATA[A Scottish politician tells about how she was raped at the age of 14. So sad yet so empowering (for victims) https://t.co/2L8mzDKlQU]]></document>
		<document><![CDATA[Proud  to have served on @RSAIreland board with Liz as Chair &amp; with @AinemCarroll @Clonsillalad &amp; others @Moyagh &amp; exec team are superb]]></document>
		<document><![CDATA[LIz will stay on as Chair of @RSA where she is a real champion for road safety &amp; improving driver behaviour https://t.co/lUnGrBxkDy]]></document>
		<document><![CDATA[So thrilled to read that @RSAIreland Chair Liz O'Donnell has a new day job, a policy/comms at MSD Human Health https://t.co/lUnGrBxkDy]]></document>
		<document><![CDATA[2/2 what, I asked. "We're the guys who get the blame if the chickens aren't on the shelves  when you want them?" Love it.]]></document>
		<document><![CDATA[Just love the millennials' humour. Met Darragh with Conall at @SmurfitSchool graduation. He has a masters in supply chain management 1/2]]></document>
		<document><![CDATA[@MargaretEWard @ChristineBohan lovely message Margaret. Thanks so much]]></document>
		<document><![CDATA[@AinemCarroll thanks so much Aine, having a wonderful family meal in @dunneCrescenzi  if I don't see you before the 25th, happy Christmas]]></document>
		<document><![CDATA[@NugentAran you are so kind Aran. Hope all is good with you &amp; the clan. Peter Kinahan (your old neighbour) &amp; I often talk about you!!]]></document>
		<document><![CDATA[@FrankSunTimes @JillKerby @SmurfitSchool thanks so much Frank. Under duress, the Harding clan are on razz tonight 🍾🍾🍾]]></document>
		<document><![CDATA[HR Masters graduate Conall Harding has new job in actuarial recruitment. DM me if you would like to meet him. His p… https://t.co/tczE2cNW5B]]></document>
		<document><![CDATA[And here is very same Conall with another member of the HR faculty Majella Fahy of @SmurfitSchool https://t.co/fY26RHg3NI]]></document>
		<document><![CDATA[Here's Conall with  Bill Roche Professor of Industrial Relations @SmurfitSchool at today's ceremony https://t.co/cRcnQjPJhH]]></document>
		<document><![CDATA[@pkellypr thanks a million Piaras @SmurfitSchool]]></document>
		<document><![CDATA[@ChristineBohan thanks Christine. Dizzy with excitement]]></document>
		<document><![CDATA[My proud Irish Mammy moment. My son Conall Harding conferred with Masters in HR at @SmurfitSchool . So, so proud https://t.co/MAY3S8sCx0]]></document>
		<document><![CDATA[At @SmurfitSchool for graduation ceremony. Kieran Mulvey being honoured with honorary doctorate as peacemaker &amp; con… https://t.co/88IZtjwv80]]></document>
		<document><![CDATA[Better buy a bigger trophy cabinet. Terrific to see @sundaybusiness do so well in #smurfitawards https://t.co/CCDBXb15Oj]]></document>
		<document><![CDATA[Hear hear. Congrats @CWeston_Indo https://t.co/dkDLx35Z1r]]></document>
		<document><![CDATA[Congrats Paul, great achievement for you &amp; @Fora_ie https://t.co/zv8ujHhksB]]></document>
		<document><![CDATA[@mocireland @FeargalORourke @TeresaMcColgan @PwCIreland and happy Christmas to you all]]></document>
		<document><![CDATA[Thanks @FeargalORourke @TeresaMcColgan @mocireland &amp; @PwCIreland colleagues on a top class boardroom@pwc event on i… https://t.co/SSeDOTxGbp]]></document>
		<document><![CDATA[@GoingForGrowth met many of your alumni at National Craft Fair in @theRDS today. Did enough damage to save the economy from #brexit]]></document>
		<document><![CDATA[@jenoconnell @IrishTimesMag @IrishTimesLife all's well, Jennifer particularly after a fit of the giggles when reading your column!]]></document>
		<document><![CDATA[Wonderfully entertaining column by @jenoconnell today https://t.co/i97eT7XzqK]]></document>
		<document><![CDATA[Heartbreaking. Please watch &amp; share @RSAIreland Crashed Lives video For Ciarán. https://t.co/LYVEDqzzbX]]></document>
		<document><![CDATA[@IrishTimesLaura @IrishTimes looking forward to the next instalments(s)]]></document>
		<document><![CDATA[@IrishTimesLaura great story Laura ..raises questions with readers (like me) about boundaries between O'Brien's media interests]]></document>
		<document><![CDATA[Fascinating story by @IrishTimesLaura which raises new questions about Denis O'Brien &amp; his media interests https://t.co/jf4IA3MihU]]></document>
		<document><![CDATA[Ireland doesn't have much to fear from Trump: @Carolecoleman #iodevents]]></document>
		<document><![CDATA[Trump "starved" his Republican opponents of publicity: @Carolecoleman #iodevents]]></document>
		<document><![CDATA[Florida Ohio &amp; Pennsylvania got more #fakenews than other US States during US election:  @Carolecoleman #iodevents]]></document>
		<document><![CDATA[Repudiation of Obama &amp; perception that he had weakened America were some of many factors that led to Trump win… https://t.co/ekCGb6HR28]]></document>
		<document><![CDATA[Looking forward to hearing @Carolecoleman &amp; her take on the Trump win at @IoDIreland lunchtime event #iodevents https://t.co/g78xRahXVo]]></document>
		<document><![CDATA[Globoforce fills 65% of vacancies from staff referrals, according to its MD for EMEA Christian Kinnnear  #altleadership]]></document>
		<document><![CDATA[@cathrih: Microsoft has graduate hiring targets to attract millennials but management layer has had to change &amp; reskill #altleadership]]></document>
		<document><![CDATA[Annual performance reviews becoming passé. Major corporates no longer do them, says Globoforce's Derek Irvine #altleadership]]></document>
		<document><![CDATA[@cathrih: Microsoft has changed its performance management system to focus on business impact &amp; making others successful #altleadership]]></document>
		<document><![CDATA[At @Altertweet event on how global tech companies like Microsoft, Hubspot &amp; Globoforce manage successful cultures  #altleadership]]></document>
		<document><![CDATA[This is scary.  An analysis by @BuzzFeed shows the reach of #fakenews on Facebook during the US election https://t.co/E9TlkvQNKf]]></document>
		<document><![CDATA[An ex-Wall Street trader who now takes pictures and records stories from US "back row": @Chris_arnade is worth following #Trump]]></document>
		<document><![CDATA["Boots-on-the-ground reporting giving way to big data": @Chris_arnade on what media missed about Trump https://t.co/4GOs0YsV1o]]></document>
		<document><![CDATA[@AinemCarroll thanks Aine for helping to spread the word about @WoWempowering]]></document>
		<document><![CDATA[@jenoconnell love to see you too. Let me know when you'll be in Dublin &amp; we'll organise a catchup]]></document>
		<document><![CDATA[Interesting appointment by @deeforbes_dee https://t.co/86zu5wZH2x]]></document>
		<document><![CDATA[So looking forward to reading @jenoconnell new column in Irish Times mag &amp; her take on living the American dream (o… https://t.co/LLLr2wjjqV]]></document>
		<document><![CDATA[Presidential Election 2016: An American Tragedy - The New Yorker https://t.co/7WlySKqVLh]]></document>
		<document><![CDATA[@AinemCarroll @WoWempowering because male leadership on #genderdiversity was our theme #WoWempowering]]></document>
		<document><![CDATA[Multitasking at @WoWempowering event so will be deserting Twitter for a while to moderate all male panel. Follow event on #wowempowering]]></document>
		<document><![CDATA[It took a female leader Angela Merkel to script an acknowledgement of #Trump win in a way so many people can relate… https://t.co/R1JVeuJD7u]]></document>
		<document><![CDATA[Follow @WoWempowering voluntary #genderdiversity initiative I'm involved with, aims to support next generation of female leaders, pls RT]]></document>
		<document><![CDATA[This doesn't make for pleasant reading  #Trump https://t.co/wLHfKjxRXG]]></document>
	</documents>
</author>