<author lang="en">
	<documents>
		<document><![CDATA[Gunners fans of the world unite! https://t.co/r9FZhYopWb]]></document>
		<document><![CDATA[@Lukeurmyson @gunsnroses yes but the Welly weather is behaving like November spring weather - gah! where's my summer?!]]></document>
		<document><![CDATA[Poor thing - looks hopping mad about having that cocktail stick through its thorax - Beware the 'stake' sandwich https://t.co/5OGA8dYmG3]]></document>
		<document><![CDATA[@gunsnroses sorry about the cold November Rain...our spring forgot to stop happening https://t.co/FI3ar86cBt]]></document>
		<document><![CDATA[Haere Mai to the Gunners! https://t.co/j2XF5ktEur]]></document>
		<document><![CDATA[Eat yer heart out @RNZhealth! https://t.co/HvbUvNhhHj]]></document>
		<document><![CDATA[@nzpjt @rnz_news luckily getting a warm welcome from some lovely RNZ listeners in Auckland telling me how much they ❤️ @radionz mwah!]]></document>
		<document><![CDATA[@nzpjt @rnz_news ps Wgtn people pls stop posting pics of how lovely it is there now!]]></document>
		<document><![CDATA[Have now followed the storm up the country to Auckland and squelching into ivs in soggy shoes - woe is me. https://t.co/EnAjBB8Nts]]></document>
		<document><![CDATA[What do you want to hear about on @InsightRNZ? Tweet us or email insight@radionz.co.nz https://t.co/E27VFP8cne]]></document>
		<document><![CDATA[Some flights cancelled @WLGAirport due to high winds - who forgot to send the weather the press release announcing… https://t.co/RRnHtAsn5E]]></document>
		<document><![CDATA[That's it from Insight for 2016.Happy Xmas from us!There are some great highlights on Mon @21.30, head to itunes or… https://t.co/eDIyyvuqKG]]></document>
		<document><![CDATA[Writing up the @Paymark stats is a personal fav...it's like Christmas for the newsroom https://t.co/p5rfTncQ1b https://t.co/rpfWVMB54o]]></document>
		<document><![CDATA[.@MHassan_1 @minhealthnz reason smeason - always best to look like one 'believes' when Santa is due in town ;)]]></document>
		<document><![CDATA[.@alisonmarigold @keith_ng it was sitting on a floor where @minhealthnz have kindly taken in their @mfe_news colleagues post quake :)]]></document>
		<document><![CDATA[Spotted @minhealthnz Another beacon of reason falls to the post truth era. https://t.co/jFfAKiesa7]]></document>
		<document><![CDATA[@DearMama_ get one at Moore Wilson and bribe them with a trip upstairs to the toy area where they play (ahem, watch the telly)]]></document>
		<document><![CDATA[Crikey our newsroom could do with a good tidy, @FoxMarama you're a diamond in the rough! Thanks for singing us a we… https://t.co/tG4u74RHue]]></document>
		<document><![CDATA[@MetService Pretty please work your Xmas magic (or science) Happy Christmas!!!]]></document>
		<document><![CDATA[You've created a monster... https://t.co/Vavzhc3Y6a]]></document>
		<document><![CDATA[Be gone bad weather! - Can handle no more snides remarks from English rellies coming for another 'summer' Christmas… https://t.co/ZF5F5gEiL4]]></document>
		<document><![CDATA[...so be good for goodness sake. https://t.co/6PXeZqNPCC]]></document>
		<document><![CDATA[Every 2101 read out brought on another wave of nausea 😕🍻🎉 https://t.co/NH98Tbpf9j]]></document>
		<document><![CDATA[Lucky ol' @radionz. A mighty journo in the mighty Waikato - thank you Andrew! https://t.co/5FnLyQMI1g]]></document>
		<document><![CDATA['Mr' oooh exciting - this could mean a pay rise https://t.co/pVmCdOxVej]]></document>
		<document><![CDATA[A luverly day in the Capital https://t.co/YXKTuT95cQ]]></document>
		<document><![CDATA[Sleeping pills for breakfast. Sounds like a potentially useful form of 'resistance training' for prospective new pa… https://t.co/xwx0Ov8hDv]]></document>
		<document><![CDATA[Dave is recovering from an op &amp; about to have another major one - needs a car to get to his appts. @winstonpeters… https://t.co/u8blMp0RzJ]]></document>
		<document><![CDATA[Hear how Dave (74)'s garage across the road from the police station was burgled &amp; car stolen. Took days for… https://t.co/yGMSs3ik5h]]></document>
		<document><![CDATA[@TracyJNeal @ChrisBramwell Love that stuff, especially the one that makes your hair smell like a Pina Colada!]]></document>
		<document><![CDATA[I just txted an #autocorrectfail @RNZAuckland "Ak newsroom naked for wgtn newsroom, so sweet" *baked!!! https://t.co/fU2uVAIq5l]]></document>
		<document><![CDATA[Thanks for the care package @RNZAuckland you've made our fortnight! ❤️😊love youz! https://t.co/fU2uVAIq5l]]></document>
		<document><![CDATA[@DearMama_ totally and like...Freud hahaha - go Mama :)]]></document>
		<document><![CDATA[@DearMama_ 'flee' that's about right hahaha!]]></document>
		<document><![CDATA[@womensrefugenz  @WhiteRibbonNZ @PotoChchEast
@amyadamsMP @mylawsociety    hear @nzpolice respond on @InsightRNZ th… https://t.co/xRsqJTFrB3]]></document>
		<document><![CDATA[@WgtnVenues @nzballet also, as a regular audience member - I'm questioning whether going inside is a good idea :(]]></document>
		<document><![CDATA[.@WgtnVenues thanks - Shame our national ballet @nzballet have to work out of an earthquake prone building for such a long time though :(]]></document>
		<document><![CDATA[@WgtnVenues @nzballet what's the plan for strengthening this yellow-stickered earthquake prone building given increased risk of a big quake?]]></document>
		<document><![CDATA[Have a listen to the podcast here. https://t.co/p1kcGEQvBG https://t.co/DdxHMiFmzo]]></document>
		<document><![CDATA[.@klendool how about a portmanteau? 'moatee']]></document>
		<document><![CDATA[.@klendool a milk goatee even - newborn joys]]></document>
		<document><![CDATA[Haha so true @LauraBootham I've been in flat 'getaway' shoes all week! https://t.co/qPuHJxplyL]]></document>
		<document><![CDATA[Kaikoura's Mark Solomon reckons he'll be building his next house on a rock! Watch the vid... https://t.co/JJPC5d6aOn]]></document>
		<document><![CDATA[Have a listen to Insight this Sunday at 8am on @radionz 101fm @stuartsmithmp @WWKaikoura @KaikouraNZ… https://t.co/HGJza5tK46]]></document>
		<document><![CDATA[.@TracyJNeal @RNZteresacowie @radionz @greyscale84 certainly was :)]]></document>
		<document><![CDATA[Just putting together the web story for this week's @InsightRNZ prog on Kaikoura's story &amp; welling-up at this pic b… https://t.co/nSNxdQRqGf]]></document>
		<document><![CDATA[@meganjwhelan @InsightRNZ @greyscale84 too emosh will try that one more time!!]]></document>
		<document><![CDATA[Thanks @CorrectionsNZ for inviting inside us to see the work you doing with prisoner rehab and reintegration https://t.co/S6BHkbnlbS]]></document>
		<document><![CDATA[Hello @nzballet are you still in your building, or have you been evacuated?  Take care, RNZ News]]></document>
		<document><![CDATA[@johnkeypm has just told @JohnJCampbell he's "staggered"Defence House has been damaged more on this on @CheckpointRNZ now]]></document>
		<document><![CDATA[Nice work on the @radionz midday quake special @nzpjt! Thank you :)]]></document>
		<document><![CDATA[.@meganjwhelan poss trees down, rather than just purely tormenting comm engage ed who's been up all night? Hope they STFU so u can sleep :)]]></document>
		<document><![CDATA[Wellington theatre director David Lawrence 'literally' nearly killed by books https://t.co/L9RcHeLluk]]></document>
		<document><![CDATA[.@k8chap hope you doing ok. Pretty freaky looking around for an adult to reassure you after a quake &amp; then realising YOU ARE the adult!!xxx]]></document>
		<document><![CDATA[@meganjwhelan take care ❤️]]></document>
		<document><![CDATA[@MarcPiercey @nzpjt thanks!!!]]></document>
		<document><![CDATA[.@klendool @InsightRNZ the air conditioning is always set to freezing to keep us awake! Knee rugs are the go for a long studio stint!!]]></document>
		<document><![CDATA[.@bryce_edwards Wellington is THE best. Best of luck!]]></document>
		<document><![CDATA[Here more from prisoners I spoke with @ Paremoreno &amp; AK Women's about their rehab &amp; reintegration - Sun 8am 101fm o… https://t.co/ouaDuvQQem]]></document>
		<document><![CDATA[@MUMAUrbanMaori one prisoner I spoke with said you were her only support on the outside:)]]></document>
		<document><![CDATA[Huge congrats to the talented @RoundSally on her @VSAvolunteer journalism award!!! https://t.co/UANLEEUq2J]]></document>
		<document><![CDATA[Can Working Prisoners Stop Re-Offending?: https://t.co/PRzt2cI1g9 check out what's coming up &amp; 'meet the reporter', moi!]]></document>
		<document><![CDATA[Have a listen to @radionz @InsightRNZ this Sunday 8am 101fm for more on work rehab @HowardLeagueNZ @JarrodGilbertNZ… https://t.co/G60Z0AV6l9]]></document>
		<document><![CDATA[And you can sign up to get the latest from @InsightRNZ https://t.co/kskBIIEreS]]></document>
		<document><![CDATA[@HowardLeagueNZ have prisoners mentioned these parole difficulties to you? https://t.co/qN3MYtLDjX]]></document>
		<document><![CDATA[Done &amp; dusted. Have a listen to what sort of work skills rehab @CorrectionsNZ is putting on in &amp; out of our jails.… https://t.co/2lyFyDx7tg]]></document>
		<document><![CDATA[When I made this Insight people were telling me this could work if framed as a "green" tax. @TourismAotearoa… https://t.co/aUjU9jpYP6]]></document>
		<document><![CDATA[@apolloxxxx too much eating of smashed avocado today ;)]]></document>
		<document><![CDATA[Check out this week's @InsightRNZ newletter for what's coming-up 'Homes Under Threat from Climate Change': https://t.co/QsS6ZYc4xg]]></document>
		<document><![CDATA[Oh boy @MBIEgovtnz posting GIFs - well if it makes things a little less taxing... https://t.co/2oQ5Fk34zL]]></document>
		<document><![CDATA[@MaxBentleyTowle probably under one of the many piles of yellowing newspapers holding the threadbare newsroom together]]></document>
		<document><![CDATA[With tequila... https://t.co/6NFFMMAYNR]]></document>
		<document><![CDATA[This week's Insight newsletter -https://t.co/4zBrjpbqzA Why haven't other countries followed NZ in decriminalising prostitution?]]></document>
		<document><![CDATA[@AnushaBradley I agree with @meganjwhelan on Fitzroy. St kilda is full of gap years &amp; beach is not that nice]]></document>
		<document><![CDATA[Take your nosiness to the next level. Net curtains provided by @WgtnCC https://t.co/TNvMnoBTzc]]></document>
		<document><![CDATA[Insight newsletter survey: https://t.co/zKW5yJbtak fill this in &amp; you could win a....drum roll please...RNZ tea towel!!!]]></document>
		<document><![CDATA[Hey 'get with the programme' and subscribe to @InsightRNZ on iTunes!!! https://t.co/ru3fj5eTJY]]></document>
		<document><![CDATA[Lest We Forget - NZ and the EU Today: https://t.co/crb1pyNCfg also, take our reader survey &amp; let us know what you want to see and hear]]></document>
		<document><![CDATA[.@DeanJBedford yes, she's a beaut I feel guilty every time I listen through the iPhone!!!]]></document>
		<document><![CDATA[I think my Roberts radio is becoming a little over exposed... https://t.co/mLScd3MmKt]]></document>
		<document><![CDATA[Edging ever closer to being a hard case Sheila Ms Ferguson :) https://t.co/IAXZCOVc40]]></document>
		<document><![CDATA[Lest They Forget: NZ and the EU Trade: https://t.co/73qupXESfU this week's Insight newsletter hot off the mailchimp with what's coming-up]]></document>
		<document><![CDATA[So many lives lost. But what are the implications for links with the EU today? @RSA_National @NZArmy https://t.co/VfcEUnSSMA]]></document>
		<document><![CDATA[Check out @janepatterson 's report from the @UN Security Council on Insight https://t.co/xAActQisEw]]></document>
		<document><![CDATA[How's my UN Security Council-ing? Call 0800 4 WORLD PEACE - check out @janepatterson 's analysis on @radionz Insigh… https://t.co/n4Ny39RKqi]]></document>
		<document><![CDATA[Say cheese! @nzpjt &amp; @SusieFergusonNZ - Look out the RNZ Girls' College debating team's about! https://t.co/9RSDxj3WsS]]></document>
		<document><![CDATA[Man you guys are almost as edgy as Insight...almost. Break a leg tomoz! https://t.co/CbDITUYAKP]]></document>
		<document><![CDATA[Family court changes were intended to save $$ by having less lawyer involvement. But some families say the emotiona… https://t.co/xoulYkzk5f]]></document>
		<document><![CDATA[Thank you @BBlaikie, @k8chap this has really opened my eyes. Wonder how New Zealand compares with US @USVeteransMag https://t.co/5czpmqWiBf]]></document>
		<document><![CDATA[Thanks @WgtnCC @lgnz here's hoping the kids don't turn it into papier mache]]></document>
		<document><![CDATA[@karlwkane @votelocalnz @lgnz @WgtnCC my commitment to democracy is pretty up there. I'd put Kate Sheppard a close 2nd after me ;)]]></document>
		<document><![CDATA[The flash as new Insight e-newsletter. Sign-up...go on you know you want to! https://t.co/c0IfjLiKXe]]></document>
		<document><![CDATA[Local govt candidates all a bit wet according to our porous letterbox. @lgnz @WgtnCC time for online voting? https://t.co/Ru64diYjrG]]></document>
		<document><![CDATA[Mea Culpa, I fried @nzpjt 's subbing faculties with my dodgy script today @markcubey]]></document>
		<document><![CDATA[Plans for a Wgtn wet house have been reignited, this 2009 Insight explores what they are &amp; how they work overseas? https://t.co/9BAMVAbI7J]]></document>
		<document><![CDATA[Great work from @SBrettkelly on what happens next after Te Puea @parkupforhomes @childpovertynz @paulabennettmp  https://t.co/huGa6xse2k]]></document>
		<document><![CDATA[Be 'insightful' and listen to @InsightRNZ on @iTunes  https://t.co/VbGZFeunVd]]></document>
		<document><![CDATA[What a line up!  https://t.co/3sNe8rkyX9]]></document>
		<document><![CDATA[0800 20 90 20 is the number to call the labour inspectorate on - get in touch if you are in need of help https://t.co/WVplsmOQVl]]></document>
		<document><![CDATA[Long-term 'temps', who's the boss? @helenkellyUnion @IainLG @RCSAevents @MBIEgovtnz @EtuUnion @ctu @WoodhouseMP  https://t.co/vwXWwem8rR]]></document>
	</documents>
</author>