<author lang="en">
	<documents>
		<document><![CDATA[@BobMackowycz I thought so...]]></document>
		<document><![CDATA[@BobMackowycz I'm sure he's going to SLEIGH it!]]></document>
		<document><![CDATA[Whiskey Tango Foxtrot! Repeat, Whiskey Tango Foxtrot!!]]></document>
		<document><![CDATA[These Hitler hairdos are making me feel ill.]]></document>
		<document><![CDATA[It was a dark and cynical day...]]></document>
		<document><![CDATA[The world is preparing for war.]]></document>
		<document><![CDATA[It's Always Sunny in Philadelphia, Baskets, Atlanta? Or Atlanta, Baskets, It's Always Sunny in Philadelphia?]]></document>
		<document><![CDATA[Yah, but think how great it'll be when the Times puts "YOU"RE FIRED" on the front page in 72 pt.]]></document>
		<document><![CDATA[Things are just funnier when they're below this picture.]]></document>
		<document><![CDATA[My life is already weird enough. I don't need things to be weird with my dentist.]]></document>
		<document><![CDATA[I LOVE CARRIE HOPE FLETCHER!!!]]></document>
		<document><![CDATA[A little late - but Season's Greetings to you Craig!]]></document>
		<document><![CDATA[@RustyMcGee Yah!! The next book comes out in May - in Canada. It doesn't have a UK publisher at the moment...]]></document>
		<document><![CDATA[Latest and greatest... https://t.co/10ftvtijGn]]></document>
		<document><![CDATA[2016 just stop it already]]></document>
		<document><![CDATA[@hkpmcgregor Agreed! It's an amazing book!]]></document>
		<document><![CDATA[Books read in 2016 https://t.co/iWUP6n9iZh]]></document>
		<document><![CDATA[Watching the NFL makes me sad for my gender.]]></document>
		<document><![CDATA[@zoewhittall that's what I do...]]></document>
		<document><![CDATA[@zoewhittall The Monkeys Vault, indoor parkour. They'll love it.]]></document>
		<document><![CDATA[Why are writers so boring on podcasts?]]></document>
		<document><![CDATA[Leonard: Hey, there you are.
Janis: You sure took your sweet time getting up here]]></document>
		<document><![CDATA[Every time I see someone in a red baseball cap this shock of terror bolts through me...]]></document>
		<document><![CDATA[Thank you for everything Mr. Cohen.]]></document>
		<document><![CDATA[If progress is so great why hasn't it taken us somewhere we want to stay?]]></document>
		<document><![CDATA[America had a time machine and they choose to go to the past, not the future.]]></document>
		<document><![CDATA[@merrittk @NatalieZed You want me to do what? But, like, aren't these things are held together with wax?]]></document>
		<document><![CDATA[@andrewpyper yes. Not so much the kissing thing, but yes.]]></document>
		<document><![CDATA[@juliangough It's a bigger problem - there's no need for R2 to take the plans off the ship...]]></document>
		<document><![CDATA[Defeated anthems of resistance leak from Honda Civics and second hand Nissans, already parked, the drivers lingering. It's Monday.]]></document>
		<document><![CDATA[There is no email in the Star Wars universe.]]></document>
		<document><![CDATA[Victory Is Ours! https://t.co/DJ3UrYZXYZ]]></document>
		<document><![CDATA[I keep thinking about the drummer of Green Day, who must be almost fifty now and still has to keep dying his hair bright green.]]></document>
		<document><![CDATA[@zoewhittall Is it the album version or the U.K. Surf version?]]></document>
		<document><![CDATA[@clarehitchens In the 80s that's what we went to the Ex to see...]]></document>
		<document><![CDATA[Books coverage may not be viral but it’s vital | TVO https://t.co/ww4gVTKD4V]]></document>
		<document><![CDATA[Remember this guy? https://t.co/Y9LOvxcbcZ]]></document>
		<document><![CDATA[@meandmybigmouth or your neighbours have cracked your password]]></document>
		<document><![CDATA[@ItsPrada_ she is young And lean...]]></document>
		<document><![CDATA[It's not really a pen unless it has to be cleaned]]></document>
		<document><![CDATA[Is it not weird that butchers and doctors wear the same coat?]]></document>
		<document><![CDATA[@rubytheclarke @LittleAppleBook @neilhimself Aimee Bender? Have you read her?]]></document>
		<document><![CDATA[People! The slanty house in Shaw is coming down!! https://t.co/2ydh0xRqfj]]></document>
		<document><![CDATA[Toronto landmark come down... https://t.co/Ip1vD5D3jE]]></document>
		<document><![CDATA[@CarrieHFletcher Your's is gorgeous! Are you working on the next??]]></document>
		<document><![CDATA[@CarrieHFletcher Your book is amazing!!!]]></document>
		<document><![CDATA[@dcwllms I'll favour every tweet you make if you let me be on Radio Free Riverdale...]]></document>
		<document><![CDATA[@RustyMcGee How do I get to it?]]></document>
		<document><![CDATA[In the future the idea of defining someone's gender at birth will seem like giving someone a good bleeding.]]></document>
		<document><![CDATA[@dumbghosttweets I can send you one...]]></document>
		<document><![CDATA[@shawnmicallef Jack Chambers is amazing! It's right by the exit to Woodstock, no?]]></document>
		<document><![CDATA[@sluttybookclub Can I??]]></document>
		<document><![CDATA[@sluttybookclub Absolutely! Are you really considering it??]]></document>
		<document><![CDATA[Anybody out there willing to talk about "In Watermelon Sugar"?]]></document>
		<document><![CDATA[How can not having a beard make me look old?]]></document>
		<document><![CDATA[Overhead lighting is for chumps]]></document>
		<document><![CDATA[This is an amazing book... https://t.co/RrNRwSjg3B]]></document>
		<document><![CDATA[@VanessGrillone @boyreporter totally should have said hi...]]></document>
		<document><![CDATA[When my kids look at pictures from the sixties, it's like me at eight looking at pictures of the thirties.]]></document>
		<document><![CDATA[@craigwallwork I Am Still Living With Your Ghost: the Collected Works of Charlie Waterfield]]></document>
		<document><![CDATA[@craigwallwork Soonish? I'm working on it. Thanks for asking. Wanna know the title?]]></document>
		<document><![CDATA[My first book review! https://t.co/hoOuWQJoAt]]></document>
		<document><![CDATA[Prince was ours. Bowie was too but he came from them. Prince proved that we weren't lacking — our generation had them too.]]></document>
		<document><![CDATA[Today I where these shoes for the first time in seven years. R.I.P. Prince. You helped us all. https://t.co/YyOELrpv3V]]></document>
		<document><![CDATA[I can't believe it was Donald Trump who made the first 911 joke.]]></document>
		<document><![CDATA[⚡️ "Terry Fox began his Marathon of Hope on this day in 1980"

https://t.co/kSveDepVG7]]></document>
		<document><![CDATA[I refuse to shovel.]]></document>
		<document><![CDATA["Chaos in veritate!" Sally Montgomery, "The Ticking Heart"]]></document>
		<document><![CDATA[The problem with the Metaphoria isn't that it's taken away your control but given you too much #livingwiththeMetaphoria]]></document>
		<document><![CDATA[#153: The whole point of the Metaphoria is that none of it still makes sense. #LivingwiththeMetaphoria]]></document>
		<document><![CDATA[@KKuitenbrouwer Same thing?]]></document>
		<document><![CDATA[It's not a robot if it can't shoot lasers out of its eyes.]]></document>
		<document><![CDATA[Custom DreamSpace - the pilot podcast is almost finished!]]></document>
		<document><![CDATA[Sarah Winterston dialed her husband's number but she didn't get his cell phone but his subconscious.]]></document>
		<document><![CDATA[@kennethjharvey Finally got my ring size! I'm a nine and s half for a large band!!]]></document>
		<document><![CDATA[I'm listening to the Tragically Hip and I don't care who knows it.]]></document>
		<document><![CDATA[@wordsnfixtures If that's a garbage can, wouldn't an optimist think it was half empty?]]></document>
		<document><![CDATA[@kennethjharvey Hey! Just wanted to say thank-you again for making the Relit happen!]]></document>
		<document><![CDATA[It's been a good day! https://t.co/CwmtnehSTB]]></document>
		<document><![CDATA[@meandmybigmouth @foundpress Thank you Scott!]]></document>
		<document><![CDATA[You are not my father! https://t.co/8tbLa0Il28]]></document>
		<document><![CDATA[@shawnmicallef If I use Roger's Centre instead of SkyDome do you think I could invoice?]]></document>
		<document><![CDATA[@emilymkeeler We did in high school - in Wingham!!]]></document>
		<document><![CDATA[The Globe's picture books reviewers... https://t.co/wbcDw3qQX4]]></document>
		<document><![CDATA[Maybe 20 people get this but does there have to be a moment during the writing of a Mayday where it drives you crazy, then gets easier?]]></document>
		<document><![CDATA[It's really more of an overcast Friday.]]></document>
		<document><![CDATA[Cops should get paid as much as doctors: and be required to have the same level of education.]]></document>
		<document><![CDATA[@SilentUproarPro Which one?]]></document>
		<document><![CDATA[Here illustrated during the twelve minutes it will get direct sunlight.... https://t.co/nks4vjcFzn]]></document>
		<document><![CDATA[My chess ranking is over 1200 mofos!!]]></document>
		<document><![CDATA[I just watched an ad so I could watch an ad.]]></document>
		<document><![CDATA[This one is my favourite ....  https://t.co/QbUwMcixE1]]></document>
		<document><![CDATA[@J9andIf @meandmybigmouth @Cecelia_Ahern I'm just happy that more people will read this amazing book!]]></document>
		<document><![CDATA[Do you think they'll start making me eat bacon outdoors?]]></document>
		<document><![CDATA[Frustrational: the process of learning through repeated failure.]]></document>
		<document><![CDATA[Maybe taking all that wisdom from pop song lyrics wasn't a good idea after all.]]></document>
		<document><![CDATA[You can too easily laugh yourself past the difficulties. Laughter is not a way to understand; it is, basically, a method of elusion R Wiebe]]></document>
		<document><![CDATA[If you're voting today make sure to bring a piece of id with your address on it - passport doesn't work.]]></document>
		<document><![CDATA[I have a forty-five minute attention space. If I remember correctly, this is the same length as a high school class. #lifeishighschool]]></document>
		<document><![CDATA[Every time a Fed Ex truck goes by I feel like I'm in a movie.]]></document>
	</documents>
</author>