<author lang="en">
	<documents>
		<document><![CDATA[Just posted a photo https://t.co/WlGMmRgGfc]]></document>
		<document><![CDATA[Just posted a photo https://t.co/ypGb1XXUrB]]></document>
		<document><![CDATA[Just posted a photo https://t.co/bYYZzAeEs1]]></document>
		<document><![CDATA[Just posted a photo https://t.co/RIpKAPi0XG]]></document>
		<document><![CDATA[Just posted a photo https://t.co/i74UA1Yofk]]></document>
		<document><![CDATA[Just posted a photo https://t.co/mqtJW1n5oJ]]></document>
		<document><![CDATA[Just posted a photo https://t.co/zQUkSVPA2U]]></document>
		<document><![CDATA[Just posted a photo https://t.co/BIY5f9lmb1]]></document>
		<document><![CDATA[Just posted a photo https://t.co/6SbUlbbUUA]]></document>
		<document><![CDATA[Just posted a photo https://t.co/wmGFFNSETa]]></document>
		<document><![CDATA[Just posted a photo https://t.co/hWEfHYhBGo]]></document>
		<document><![CDATA[Just posted a photo https://t.co/K68jCxIhpx]]></document>
		<document><![CDATA[Just posted a photo https://t.co/E2KQwwzyVg]]></document>
		<document><![CDATA[Just posted a photo https://t.co/7fU8OVRGaN]]></document>
		<document><![CDATA[Just posted a photo https://t.co/I9PjPId8di]]></document>
		<document><![CDATA[Just posted a photo https://t.co/z19CmKQpRU]]></document>
		<document><![CDATA[Just posted a photo https://t.co/0VFiWqvvsa]]></document>
		<document><![CDATA[Mermaid Inspired Photo-Shooting https://t.co/22C0VSaDUU]]></document>
		<document><![CDATA[Quick BTS from last night's shooting 😊 https://t.co/soAGd3ZlS4]]></document>
		<document><![CDATA[Just posted a photo https://t.co/sPZ1mxKkwr]]></document>
		<document><![CDATA[Just posted a photo https://t.co/14lHhnVff3]]></document>
		<document><![CDATA[Just posted a photo https://t.co/yMo8TNgWaX]]></document>
		<document><![CDATA[Just posted a photo https://t.co/bMqGxN04so]]></document>
		<document><![CDATA[Just posted a photo https://t.co/GN0TjxqRCp]]></document>
		<document><![CDATA[Just posted a photo https://t.co/7Iu2dJCnG0]]></document>
		<document><![CDATA[Just posted a photo https://t.co/q2F43Ha0SS]]></document>
		<document><![CDATA[Just posted a photo https://t.co/VDt2OIBFEh]]></document>
		<document><![CDATA[Double-Hug - Werner Kaffl Photography https://t.co/hfgXhPno00]]></document>
		<document><![CDATA[21st Birthday https://t.co/kUZqZJCoG2]]></document>
		<document><![CDATA[Just posted a photo https://t.co/U9H0YlNnom]]></document>
		<document><![CDATA[Just posted a photo https://t.co/AiAcI9aQT0]]></document>
		<document><![CDATA[Just posted a photo https://t.co/kBHq9AGlO7]]></document>
		<document><![CDATA[Just posted a photo https://t.co/gp2T1uvsB4]]></document>
		<document><![CDATA[Just posted a photo https://t.co/ngYLVeX3RT]]></document>
		<document><![CDATA[Just posted a photo https://t.co/njYfmA2Sgg]]></document>
		<document><![CDATA[Just posted a photo https://t.co/oBrNNuDNYB]]></document>
		<document><![CDATA[Just posted a photo https://t.co/6CrjaeurkA]]></document>
		<document><![CDATA[Just posted a photo https://t.co/4kw7bun98A]]></document>
		<document><![CDATA["Pricing for Photoshoots" https://t.co/wTmxp0w4Dg on @LinkedIn]]></document>
		<document><![CDATA[Just posted a photo https://t.co/cYkl59rT7d]]></document>
		<document><![CDATA[Just posted a photo https://t.co/FzVu87BCD2]]></document>
		<document><![CDATA[Just posted a photo https://t.co/kor8DdT7fT]]></document>
		<document><![CDATA[Just posted a photo https://t.co/oxj08dbm8t]]></document>
		<document><![CDATA[Yesterday, pre-storm, 6am https://t.co/k9eGYUBVd2]]></document>
		<document><![CDATA[Windgames https://t.co/m1MHJWX1Fo]]></document>
		<document><![CDATA[Just posted a photo https://t.co/U75hdqsprI]]></document>
		<document><![CDATA[Just posted a photo https://t.co/x8uxaWiJcg]]></document>
		<document><![CDATA[Just posted a photo https://t.co/JHOOcvUoIN]]></document>
		<document><![CDATA[Just posted a photo https://t.co/GRjGjAto5u]]></document>
		<document><![CDATA[Just posted a photo https://t.co/OhbepDVqYO]]></document>
		<document><![CDATA["Business Photo Package" https://t.co/uQFQqwjPpt on @LinkedIn]]></document>
		<document><![CDATA[Just posted a photo https://t.co/i83BQY0fgj]]></document>
		<document><![CDATA[Just posted a photo https://t.co/9k1SIyrD1Z]]></document>
		<document><![CDATA[Just posted a photo https://t.co/6nlssAk65w]]></document>
		<document><![CDATA[Just posted a photo https://t.co/XVxZ80hF9z]]></document>
		<document><![CDATA[Just posted a photo https://t.co/mDI0el1oWM]]></document>
		<document><![CDATA[Just posted a photo https://t.co/BiwqaBUVyI]]></document>
		<document><![CDATA[Just posted a photo https://t.co/bJF0Tyxpa1]]></document>
		<document><![CDATA[Just posted a photo https://t.co/iA8H220AFS]]></document>
		<document><![CDATA[Another recent sale to Germany 😊 https://t.co/naJIdBfhWY]]></document>
		<document><![CDATA[And another one from this industrial area https://t.co/zwD0tlJPFY]]></document>
		<document><![CDATA[A recent sale to Germany, surreal industrial nightscape 😊 https://t.co/aQPeIjNkfz]]></document>
		<document><![CDATA[Just posted a photo https://t.co/uebVsplede]]></document>
		<document><![CDATA[Just posted a photo https://t.co/PkXCylLfgG]]></document>
		<document><![CDATA[Just posted a photo https://t.co/ikqPXHiYdg]]></document>
		<document><![CDATA[Have a look on here for more photos https://t.co/KNaS5QJxFw]]></document>
		<document><![CDATA[Just posted a photo https://t.co/b6a7F4LSk2]]></document>
		<document><![CDATA[Just posted a photo https://t.co/QFzUlnxXGR]]></document>
		<document><![CDATA[Just posted a photo https://t.co/Yn2YKOOJ9c]]></document>
		<document><![CDATA[Just a chance shot - actually 25 handheld chance shots stitched together hehe https://t.co/D3Xv8OwHwB]]></document>
		<document><![CDATA[Just posted a photo https://t.co/N2E1A0j3AC]]></document>
		<document><![CDATA[Just posted a photo https://t.co/WGh84zbil0]]></document>
		<document><![CDATA[Just posted a photo https://t.co/BiezkmJfTF]]></document>
		<document><![CDATA[Just posted a photo https://t.co/b4nopxNiiD]]></document>
		<document><![CDATA[Just posted a photo https://t.co/SDfg6czmSM]]></document>
		<document><![CDATA[Just posted a photo https://t.co/0QtZwYo74w]]></document>
		<document><![CDATA[Happy 2017 from Wellington - in 8 hours... https://t.co/7b664CCqbG]]></document>
		<document><![CDATA[Just posted a photo https://t.co/83aOLfE3tp]]></document>
		<document><![CDATA[Just posted a photo https://t.co/owvNkm5cvR]]></document>
		<document><![CDATA[Just posted a photo https://t.co/e5PxW1mneH]]></document>
		<document><![CDATA[Just posted a photo https://t.co/XDkVT1iyDE]]></document>
		<document><![CDATA[Just posted a photo https://t.co/mY7wc5jNpj]]></document>
		<document><![CDATA[Just posted a photo https://t.co/sSWWKZeokL]]></document>
		<document><![CDATA[Just posted a photo https://t.co/SyonFBlkRE]]></document>
		<document><![CDATA[Just posted a photo https://t.co/KN3ihzyjNG]]></document>
		<document><![CDATA[Just posted a photo @ Wellington International Airport https://t.co/a3c8plP40Y]]></document>
		<document><![CDATA[Just posted a photo @ Wellington International Airport https://t.co/KtAILluIhJ]]></document>
		<document><![CDATA[Found it LOL @ Wellington International Airport https://t.co/oecYDFTwNN]]></document>
		<document><![CDATA[Merry Christmas Everyone 😊 @ Werner Kaffl Photography https://t.co/7hZam3ptWK]]></document>
		<document><![CDATA[Just posted a photo https://t.co/yxJakLgLWH]]></document>
		<document><![CDATA[Just posted a photo https://t.co/dJjPioo0EX]]></document>
		<document><![CDATA[Just posted a photo https://t.co/hmxVYqqxSs]]></document>
		<document><![CDATA[Just posted a photo https://t.co/cnd7fTuizO]]></document>
		<document><![CDATA[Just posted a photo https://t.co/wSEVaYt8dd]]></document>
		<document><![CDATA[Just posted a photo https://t.co/rZB7UvexcF]]></document>
		<document><![CDATA[Just posted a photo https://t.co/fVA7BIZ68o]]></document>
		<document><![CDATA[Just posted a photo https://t.co/OyRsnwm8BN]]></document>
		<document><![CDATA[Just posted a photo https://t.co/bUWjhINxA0]]></document>
		<document><![CDATA[Just posted a photo https://t.co/Qotil1ogIX]]></document>
		<document><![CDATA[Just posted a photo https://t.co/4hngYrTKEY]]></document>
	</documents>
</author>