<author lang="en">
	<documents>
		<document><![CDATA[You're having such a great time that it's hard to know when to... More for Aquarius https://t.co/ijWX7mE2wN]]></document>
		<document><![CDATA[2 people followed me and one person unfollowed me // automatically checked by https://t.co/NBdAD2Zqh8]]></document>
		<document><![CDATA[Got to meet this lil gem tonight 👶🏻#LyonBracketDoyle @AaronBracket @KirstyDoyle21 https://t.co/ZTzNXNwkMr]]></document>
		<document><![CDATA[@ManUtd biggest away win since October 2015 when we beat Everton 0-3 #MUFC]]></document>
		<document><![CDATA[Leicester the only team in all 4 divisions yet to score a goal in 2017,,,,,,Ya have to feel for them this time last year they where ruthless]]></document>
		<document><![CDATA[Remember the last time we put 3 past Leicester in the King Power Stadium in '14 and thought we where winning comfortably 😬]]></document>
		<document><![CDATA[Mata should've buried that]]></document>
		<document><![CDATA[Ibra looks so isolated up there]]></document>
		<document><![CDATA[Rashford give him time he's gonna blow up this PL in the next 5 years]]></document>
		<document><![CDATA[United need to be scoring first anytime we go behind I can't see us coming back but we are comeback kings but haven't seen flare in ages]]></document>
		<document><![CDATA[Fuck Vardy a one season wonder]]></document>
		<document><![CDATA[Mon United click into gear FFS 

ATTACK ATTACK ATTACK 

But also........

FINISH FINISH FINISH 

#MUFC]]></document>
		<document><![CDATA[It's gonna be one of them games...........Again]]></document>
		<document><![CDATA[Mkhitaryan is neat #MUFC]]></document>
		<document><![CDATA[Rashford still young getting a lot of abuse he's still young he's gonna tops in coming years but I wouldn't start him in these type of games]]></document>
		<document><![CDATA[@AaronBracket @KirstyDoyle21 Whats up peeps rumour has it Lyon was down in Clanbrassil St @ClancyShauna would of loved to drop down to him]]></document>
		<document><![CDATA[@kanekearnskk In me sisters, After having me Sunday Scram pal I'm after watching them Blue cunts win just delighted Liverpool out the top 4]]></document>
		<document><![CDATA[@liam11 Liverpool and Spurs next week love a Spurs win #AnybodyButLiverpool hope they don't get top 4 &amp; we even win the EL 😂😂 #AManCanDream]]></document>
		<document><![CDATA[Who the fuck was marking Jesus the defender froze let him have a free header flopped by Fabianski and never followed in 💩 defending #MNCSWA]]></document>
		<document><![CDATA[@ManUtd What the Fuck is in the water at Carrington at least come up with a better excuse it's always due to illness 👃🏻🐠]]></document>
		<document><![CDATA[@kanekearnskk Yea especially if we go a goal down, What ye doin for it u hitting the local or gonna watch it in the pad]]></document>
		<document><![CDATA[@LeagueSundayRTE Won't be the same tonight without twinkle toes @sportsdes, I'd say there'd be great footwork from both programs #DWTSIrl]]></document>
		<document><![CDATA[Mon the Dubs click into gear https://t.co/vtroognpiy]]></document>
		<document><![CDATA[@kanekearnskk Good results yesterday I can see City getting the pool out of 4th place today but I can see us fucking up we'll get a 1-1/0-0]]></document>
		<document><![CDATA[@RickyCDublin  @DYLANMCKEOWN_  This is your type of job pal help me find a function room !!!]]></document>
		<document><![CDATA[Right Twitter peeps have to book Poppie's Christening in April &amp; so far I need a venue somewhere in or in between Dublin 2 to Dublin 10 Help]]></document>
		<document><![CDATA[You're excited to start a long-anticipated creative project, b... More for Aquarius https://t.co/ijWX7mE2wN]]></document>
		<document><![CDATA[@RickyCDublin @kanekearnskk It's a cunt being at a stalemate isn't it pal I went to a 0-0 in 2015 against PSV]]></document>
		<document><![CDATA[SUCH  A SMALL PERSON TAKES UP ONE SIZE OF THE BED @ClancyShauna https://t.co/aTs8Godzl7]]></document>
		<document><![CDATA[After juggling a hectic schedule, it's time to  downshift and ... More for Aquarius https://t.co/ijWX7mE2wN]]></document>
		<document><![CDATA[3 people followed me and one person unfollowed me // automatically checked by https://t.co/NBdAD2Zqh8]]></document>
		<document><![CDATA[It's tempting to just speak louder if you feel like you're not... More for Aquarius https://t.co/ijWX7mE2wN]]></document>
		<document><![CDATA[Im going to bed an angry man g'night reds]]></document>
		<document><![CDATA[Knowing us we'll concede]]></document>
		<document><![CDATA[Rashford had the best chance so far]]></document>
		<document><![CDATA[This is depressing]]></document>
		<document><![CDATA[Another one of them games when where raping teams and can't score, Ibra is isolated we need 2 up]]></document>
		<document><![CDATA[What a ball from Pog, great touch from Rashford ball coming over his shoulder unlucky with the shot it's not looking like our night]]></document>
		<document><![CDATA[I tweeted this almost 24 hours ago and where 45 mins away from it coming through!!! COME ON UNITED EVEN A SCRAPPY 1… https://t.co/29iMet2k9D]]></document>
		<document><![CDATA[Pogba shoulda scored great flick by Ibra to assist the shop but good save #MNUHUL]]></document>
		<document><![CDATA[@cjthompsonfc sorry that's City]]></document>
		<document><![CDATA[@champlge We Should be okay https://t.co/v0DAcYCUI3]]></document>
		<document><![CDATA[@champlge 
United 
City
Blackburn
Fulham
Newcastle
Roma 

17.57/1]]></document>
		<document><![CDATA[You're fired up and ready to go, leaping over hurdles and leav... More for Aquarius https://t.co/ijWX7mE2wN]]></document>
		<document><![CDATA[@champlge  No way and that scrunched up face 47-year old misses a pen tbh I could see a 1-1 draw it was 6/1 in Paddys but wanted Chelsea]]></document>
		<document><![CDATA[@kanekearnskk 😂😂😂 Ahh I was only messin another masterclass on the cards 3-0 the Swede with the first https://t.co/vMQFNG5B7d]]></document>
		<document><![CDATA[Wanted a Chelsea win]]></document>
		<document><![CDATA[Anytime top teams drop points and United have to win we end up drawing I can already see us in a bad mood tomorrow night]]></document>
		<document><![CDATA[As much as I want the title race open and Chelsea not to run away with it I hate Liverpool and would've loved a Chelsea win but Costa fkd up]]></document>
		<document><![CDATA[@VirginMediaIE ...resolved and still no text a lot of unhappy customers in the Dublin area]]></document>
		<document><![CDATA[@VirginMediaIE Whats the update on your services in the D2 area as my TV &amp; Internet is down the past 2 hours I was told I'd get a text when.]]></document>
		<document><![CDATA[Your thoughts are going off like a line of firecrackers today ... More for Aquarius https://t.co/ijWX7mE2wN]]></document>
		<document><![CDATA[Can't go back asleep woke up for a wizz 😡 it's 3:30 I'm up at 7]]></document>
		<document><![CDATA[@billburr Is one serious funny fucka any Irish connection ☘️]]></document>
		<document><![CDATA[@LeahRemini Your right in what your doing keep it up &amp; bring down them sadistic #Scientology freaks! Brainwashing people for years #TeamLeah]]></document>
		<document><![CDATA[Reality shifts and shimmers and even ordinary objects seem to ... More for Aquarius https://t.co/ijWX7mE2wN]]></document>
		<document><![CDATA[Wembley is our 2nd home lads #MUFC]]></document>
		<document><![CDATA[I was slating our CM's Fella &amp; Schweiny at the start of the game and they go onto score 😂😂😂 I done the same with Rashford v Midtjylland ⚽️⚽️]]></document>
		<document><![CDATA[TFM should of squared it]]></document>
		<document><![CDATA[I'd like United to play 2 up front even when Ibra does start he seems isolated at times]]></document>
		<document><![CDATA[TFM is a beast, reminds me of Valencia]]></document>
		<document><![CDATA[35 mins in still not looking threatening in the 3rd half of the pitch we need to score first here so many times we've gone behind first]]></document>
		<document><![CDATA[Mkhitaryan from 3 yards out misses an opener with a pacey ball in from Timbo]]></document>
		<document><![CDATA[@Zahed_Khan EXACTLY!! Spot on most of the XI haven't started as an XI so far our midfield needs chip chopping Schweiny &amp; The Tree are 2 slow]]></document>
		<document><![CDATA[@Zahed_Khan Yeah it's been a terrible 20 mins have we even had a shot?? I think Martial blasted over still none on target tho]]></document>
		<document><![CDATA[What the fuck was Romero doing him and Rojo then Schweiny gets it and passes it to no one for the 2nd time this is very poor from united]]></document>
		<document><![CDATA[Slow &amp; sloppy so far from united #MNUWIG]]></document>
		<document><![CDATA[Fuck off Leeds]]></document>
		<document><![CDATA['Mon Dublin #OByrneCup  👕]]></document>
		<document><![CDATA[@ManUtd Where's Safe Hands]]></document>
		<document><![CDATA[@ClancyShauna sure it's grand we have our lil Poppie well trained holding her own bottle 🍼👶🏻 https://t.co/ymHX4aw1Ok]]></document>
		<document><![CDATA[Celtic in me acca but I swore a while back I'd never do them they always jinxed me bet I know there winning but im getting a bad feelin ⚽️☘️]]></document>
		<document><![CDATA[@ClancyShauna Can't wait to get this grub into me ha 😋 You know I love your dinners but Sundays ye bring your A-Gam… https://t.co/UpgWmnJ2Sk]]></document>
		<document><![CDATA[Became an uncle (sort of) to little Lyon Bracket on Friday he's a lil cracker big congrats to his Ma &amp; Da… https://t.co/NduIVXxfK6]]></document>
		<document><![CDATA[What starts as a normal day takes a philosophical turn, even t... More for Aquarius https://t.co/ijWX7mE2wN]]></document>
		<document><![CDATA[Bring on the trilogy #framptonsantacruz2]]></document>
		<document><![CDATA[Santa Cruz comes out on top I think he just needs to dance for the next 3 mins #FramptonSantaCruz]]></document>
		<document><![CDATA[IDK now 😕 Carl needs the 2 rounds]]></document>
		<document><![CDATA[I'm going 5-5 in rounds 2 more to go very close fight #FramptonSantaCruz]]></document>
		<document><![CDATA[Frampton starting to find his feet now, It was all Santa Cruz earlier on #FramptonSantaCruz2]]></document>
		<document><![CDATA[This is Santa Cruz to lose]]></document>
		<document><![CDATA[Win % as manager:

Moyes at ManUtd: 52.9%
Klopp at Liverpool: 48.0% https://t.co/NAPJHlTb3n]]></document>
		<document><![CDATA[Liverpool are jammy cunts]]></document>
		<document><![CDATA[It has to be the Wind 💨🌬🌪 #LivWol]]></document>
		<document><![CDATA[You're not one to be at a loss for words, but your eccentric n... More for Aquarius https://t.co/ijWX7mE2wN]]></document>
		<document><![CDATA[Anfield looks a bit windy 🌪💨🌬]]></document>
		<document><![CDATA[@champlge Whats up man, everything good but no luck lately😡 a bet up here &amp; there but nothing major Leicester &amp; Shalke let me down last nigh]]></document>
		<document><![CDATA[@KirstyDoyle21 @AaronBracket Good Luck today very soon hopefully we'll be welcoming baby Lyon into the world 💙👶🏻]]></document>
		<document><![CDATA[Something is different today -- you feel more like yourself th... More for Aquarius https://t.co/ijWX7mE2wN]]></document>
		<document><![CDATA[Mourinho:
"Wembley will be windy, so we may struggle"
 😂🤣😂🤣😂🤣 https://t.co/96sPkwpQS4]]></document>
		<document><![CDATA[2 people followed me // automatically checked by https://t.co/NBdAD2Zqh8]]></document>
		<document><![CDATA[I don't rate Lingard at all he's living off his Wembley goals should be sold on to Sunderland or even Hull how tf is he starting at United 😡]]></document>
		<document><![CDATA[That's the unbeaten streak gone 😡😡😡😡😡 well 17 games wasn't bad #MUFC]]></document>
		<document><![CDATA[Rojo off the crossbar]]></document>
		<document><![CDATA[United going behind again chasing a game we really haven't been up 4 yet]]></document>
		<document><![CDATA[John Moss you fat prick]]></document>
		<document><![CDATA[@Dale_MUFC_ In the white pal ha I was just going on what we where wearing earlier on this season]]></document>
		<document><![CDATA[Your mind is halfway across the world, roving from place to pl... More for Aquarius https://t.co/ijWX7mE2wN]]></document>
		<document><![CDATA[@Dale_MUFC_ @ElijaBrown @ManUtd Think where red pal we played there earlier on in the season https://t.co/s6ag0g1L8S]]></document>
		<document><![CDATA[The silent spaces in between activities seem to stretch out, a... More for Aquarius https://t.co/ijWX7mE2wN]]></document>
	</documents>
</author>