<author lang="en">
	<documents>
		<document><![CDATA[@Knhannah Yay! And don't be silly, you're one of my faves 👍🏼]]></document>
		<document><![CDATA[Just bought my 15yo a digital subscription to @TeenVogue :-)]]></document>
		<document><![CDATA[@CherylBernstein Oh dear! We did our time in the ED this hols ... hope it all goes as well as it can]]></document>
		<document><![CDATA[@SiouxsieW @UpsideBackwards @Knhannah No one wants to be first ...]]></document>
		<document><![CDATA[This keeps showing up as a promoted tweet in my timeline. Gross to think people are profiting off this https://t.co/MahgTjssq6]]></document>
		<document><![CDATA[Friends &amp; family I've talked to this weekend, who are not on Twitter, seem to have little idea of the magnitude of what's happening in USA]]></document>
		<document><![CDATA[Hey @radionz just listened to news: why no mention of thousands of people protesting #MuslimBan, chaos at airports, US residents detained?]]></document>
		<document><![CDATA[How is NZ Govt going to stand up to what's happening in the US @annetterongotai @pmbillenglish? This is fascism &amp; we need to act]]></document>
		<document><![CDATA[Important for all journal editors, associate editors and guest editors to read! https://t.co/SndSqdp4od]]></document>
		<document><![CDATA[Today cleared ivy and old man's beard from the garden. Watched bumble bees and honey bees busy at work. #deepbreaths]]></document>
		<document><![CDATA[@NuclearAnthro Yes! Definitely worth reading. Sciencey and interesting and pervy @JesseBering]]></document>
		<document><![CDATA[@NuclearAnthro (laughing) Makes me think of intro to @JesseBering's book Perv. Have you read?]]></document>
		<document><![CDATA[More on plastic microbeads: my @nzlistener story from June last year #BantheBead https://t.co/aylozVD29M]]></document>
		<document><![CDATA[The NZ govt are thinking about banning plastic microbeads. Respond &amp; support a total ban now #BanTheBead https://t.co/34pLEs5BTC]]></document>
		<document><![CDATA[The nuclear anxiety was bad enough being a teenager in the 1980s. This is worse. https://t.co/VGsckT1Pee]]></document>
		<document><![CDATA["Science communication has failed" : more of the same #scicomm isn't the answer to today's problems: great post by… https://t.co/TiToIn6CiD]]></document>
		<document><![CDATA[Bulletin of the Atomic Scientists update Doomsday Clock this Thursday: currently 3 minutes to midnight, where do yo… https://t.co/Vu4PQn5moG]]></document>
		<document><![CDATA[@hamish_keith I know! What's that about @NZStuff @nzherald? I had to look at international sites for what was happening in NZ]]></document>
		<document><![CDATA[Remember the Iraqi Information Minister? At least he had a knowing smile on his face when he told blatant lies… https://t.co/WA7UJjTtaU]]></document>
		<document><![CDATA[TedX Scott Base streaming here #climatechange #Antarctica #science https://t.co/4afRso2O0M]]></document>
		<document><![CDATA[A lot of canine support for  #womensmarchnz https://t.co/TnZrkB9GJd]]></document>
		<document><![CDATA[Good weather for Wellington Women's March today. See you soon people. https://t.co/ziJB4EPnFE #WomensMarch #LoveTrumpsHate #WMNewZealand]]></document>
		<document><![CDATA[Happy 60th birthday Scott Base! @AntarcticaNZ #Antarctica https://t.co/GrrqfctjQQ]]></document>
		<document><![CDATA[@deanscahill Outwards]]></document>
		<document><![CDATA[@MrJonathanKing It was a team effort!]]></document>
		<document><![CDATA[Wind popped open our LOCKED French doors in the night, and again now. We had to get the power tools out. #WeatherBomb]]></document>
		<document><![CDATA[Ugh - this says Chair of NZ's Next Foundation appointed to Trump's team. Time to step down as chair? https://t.co/Y85HZI8MEz]]></document>
		<document><![CDATA[Could Trump start nuclear war in 2017?! Not if Obama stops him-Sign the urgent petition: https://t.co/Dev7PHRSBh]]></document>
		<document><![CDATA[@southernlimitnz @AlisonBallance My outdoor trap has got nothing - but think I've found the spot to move it to, jus… https://t.co/hBs84klDyH]]></document>
		<document><![CDATA[@AlisonBallance I'm gonna move my outside traps to near compost bins. Was advised not to do that but sounds like it works for you! Thanks]]></document>
		<document><![CDATA[@AlisonBallance My Good Nature trap gets them in my attic (ew!) but I'd rather get them outside!]]></document>
		<document><![CDATA[@AlisonBallance Brilliant! Where do you put the traps? My outdoors ones not getting anything]]></document>
		<document><![CDATA[@Michael_J_Parry Arm badly, leg slightly]]></document>
		<document><![CDATA[@cwmagee Accident involving a tree, a broken branch and gravity. All good now.]]></document>
		<document><![CDATA[Kid out of surgery and doing well with new titanium-reinforced arm. I paced my way through the 2-hour op. It helped https://t.co/AaF9BaEDLJ]]></document>
		<document><![CDATA[@WgtnFree Thank you! And thanks to your awesome staff for their top work yesterday x]]></document>
		<document><![CDATA[@UpsideBackwards Yes to visitors, will send news tomorrow x]]></document>
		<document><![CDATA[@teradar haha no we survived the shopping - we can blame gravity for the hospital stay, and a 🌲]]></document>
		<document><![CDATA[Ending day in parent bed at Wellington Hospital hugely grateful for @WgtnFree ambulance service and our country's fab FREE emergency care 👍🏼]]></document>
		<document><![CDATA["Mum, you've been to Antarctica, you'll be OK": daughter tries to convince me that going shopping at David Jones is not a "major expedition"]]></document>
		<document><![CDATA[@pierreroudier Dammit. Good luck for tomorrow! @nicgaston @droneale]]></document>
		<document><![CDATA[@pierreroudier Where's all the bad weather? Christchurch or McMurdo Sound? @nicgaston @droneale]]></document>
		<document><![CDATA[@droneale Nice to see you've done some advance work on the Antarctic beard]]></document>
		<document><![CDATA[@NthChapter Not starting Masters until 2018! But will spread the word ... @EcoLog_L]]></document>
		<document><![CDATA[@adzebill "Radium" brand given to lots of polishes - boot, stove &amp; floor polish, &amp; to flour - none contained radium! (Thankfully) @nzherald]]></document>
		<document><![CDATA[Here's some good stuff that happened in 2016, including baby panda pictures! https://t.co/qFPsyx42Xs]]></document>
		<document><![CDATA[Inexplicable that @radionz would get rid of great talent like @VeronikaMeduna yet retain Matinee Idle 😬]]></document>
		<document><![CDATA[@Becs I've collapsed onto the couch with a gin #ChristmasEve]]></document>
		<document><![CDATA[@Verina_Fearless Glad you're enjoying it! It was super-fascinating to put together]]></document>
		<document><![CDATA[@droneale Wow - fantastic!]]></document>
		<document><![CDATA[Want to do a fully funded PhD in science communication at @VicUniWgtn with @rhiansalmon and me? More details here https://t.co/CkpCVb18Rq]]></document>
		<document><![CDATA[My Scott Base recollection from 2011 trip: Happy 60th birthday for January 2017 Scott Base! https://t.co/js1SGn6A8m]]></document>
		<document><![CDATA[Want to learn more about #Antarctic geology &amp; history? Our FREE @edXOnline MOOC is now open for enrolments at https://t.co/Odnl5JOFyd]]></document>
		<document><![CDATA[Here's a link to John Townsend's excellent @VicUniWgtn lecture on the Kaikoura Earthquake https://t.co/bUev1LTtzP]]></document>
		<document><![CDATA[@DavidReiMiller @WREMOinfo I know the drill - blue line is up the road from my house but new map says we're above the evacuation zone]]></document>
		<document><![CDATA[Hey @WREMOinfo, new tsunami hazard map is good news but don't match blue lines in my neighborhood. Which is correct? https://t.co/VYkXx01bgB]]></document>
		<document><![CDATA[@FergusVUP @Knhannah @pacificraft @toby_etc @honbillenglish I'm doing the non-fiction version :-)]]></document>
		<document><![CDATA[@Knhannah @pacificraft @toby_etc @honbillenglish @FergusVUP I want to read it NOW - desperate for a good campus novel]]></document>
		<document><![CDATA[@AwaPress Gee thanks @BiancaZander! Where is that?]]></document>
		<document><![CDATA[@m_onlein oh that! Outrageous and baffling. (Terminology confusion - "course" vs "paper")]]></document>
		<document><![CDATA[@m_onlein Noooo! Who by? That sucks]]></document>
		<document><![CDATA["Assessing the use of citizien science for predator free NZ" - fabulous PhD opportunity+ @PunahaMatatini scholarship https://t.co/GI9IRXkz7d]]></document>
		<document><![CDATA[At #tpmhui @hendysh starts by talking about how @PunahaMatatini projects cross disciplinary boundaries #MyHappyPlace]]></document>
		<document><![CDATA[John Townend's key message: next big earthquake WILL be a surprise, always important to be prepared #DropCoverHold https://t.co/wqf65KRt19]]></document>
		<document><![CDATA[@RobSuisted It's being recorded if that's useful? Looking forward to your story! @NZGeographic]]></document>
		<document><![CDATA[Fabulous turnout for John Townend's lecture on the Kaikoura Earthquake @VicUniWgtn, starts with an earthquake safety briefing :-)]]></document>
		<document><![CDATA[@templetonf I've already got a cough ;-)]]></document>
		<document><![CDATA[Just when I've started to calm down about climate nuclear Trumpocolypse earthquake tsunami - asbestos next door 😬 https://t.co/0RHjudYi2z]]></document>
		<document><![CDATA[@BeavanNancy I know! I've been watching it too ....]]></document>
		<document><![CDATA[@longwhitenight @djaybutt @BMHayward Ha! What you reading? Do you need to invest in this book to help decipher? ;-) https://t.co/A3nePq6CLE]]></document>
		<document><![CDATA[Paris Agreement "sufficiently loose in its structure &amp; modest in its aims" to be able to withstand US abandoning it" https://t.co/msdZRFT1Y0]]></document>
		<document><![CDATA[@jackiedohaney Oh cool! Yes, that was my summer holiday geology job for couple of years - great job.]]></document>
		<document><![CDATA[I like this idea: countdown to a world without nuclear weapons: "a new clock could be set at 30 minutes to a world… https://t.co/PBQKE6nUE9]]></document>
		<document><![CDATA[@lightyouonfire guns at Point Jerningham? Any special occasion to mark?]]></document>
		<document><![CDATA[From Trump to climate change: @GeorgeMonbiot on the 13 crises facing humanity https://t.co/zeg48yN8ZD]]></document>
		<document><![CDATA[What's rationale behind weather icons @MetService? Sunshine &amp; clouds don't cut it for wellington today! #100kmphwind https://t.co/F1PGFbCKn9]]></document>
		<document><![CDATA[Here's something sciency to be truly grateful for: "the universe’s physical constants"  #Thanksgiving https://t.co/D8zzAYO6Ce]]></document>
		<document><![CDATA[@PipAdam Though suspect I may have been doing more to subvert the "secretarial training" aspect of the class ... I was 12/13]]></document>
		<document><![CDATA[@PipAdam I got kicked out of class - told not to come back! - for wearing green nail polish. But not before I'd learned to touch type :)]]></document>
		<document><![CDATA[@PipAdam Me too! But in my year it started being called "keyboard skills" and for the first time there was a boy in the class #1980s]]></document>
		<document><![CDATA[Extraordinary collaboration w @JohnPsathas &amp; Syrian rappers began by establishing "trust, credibility &amp; musical solidarity" #creativityweek]]></document>
		<document><![CDATA[Now @JohnPsathas on digital communiion for #creativityweek: starts saying latest project involved lots of Skype &amp; a 14-hour email marathon]]></document>
		<document><![CDATA[Tonight 6pm in Wellington: @davidgauntlett talking about "Being Creative" https://t.co/dMpq5nFOTb]]></document>
		<document><![CDATA[I just donated to @Wikipedia (but students - please use good primary or secondary sources in your essays!) https://t.co/AFrtjPn43j]]></document>
		<document><![CDATA[@JuniSEF @VicUniWgtn Yup! Though wouldn't mind joining next year's field trip ...]]></document>
		<document><![CDATA[When I was a stage 2 geology student @VicUniWgtn we mapped this area, finding the fault was one of the challenges o… https://t.co/oaAwxovgll]]></document>
		<document><![CDATA[Drone footage of Kekerengu Fault rupture by @gnsscience. Easier for the VUW geol students to find next field trip! https://t.co/M3T6c4eSmH]]></document>
		<document><![CDATA[@wallacelchapman @radionz @RNZSunday I know! I've always admired her ... but brings back all my teenage nuclear anxiety. I hope she's wrong!]]></document>
		<document><![CDATA[This a more positive view on the issue ... #rtpt https://t.co/7EICh8dNMG]]></document>
		<document><![CDATA[Completely freaked after listening to Helen Caldicott's @wallacelchapman interview this morning #nuclearanxiety https://t.co/dbJFJkUyTp]]></document>
		<document><![CDATA[I recommend the debunking handbook for myth busting info @NZStuff: important that citizens get clear messages https://t.co/tOZMQvIZ5F #rtpt]]></document>
		<document><![CDATA[Hey @NZStuff by using "triangle of life" as dominant graphic in story you are reinforcing the myth #irresponsible https://t.co/geFvsmwij8]]></document>
		<document><![CDATA[In case anyone needs cheering up, here's Trumphole by Unsanitary Napkin (warning: has rude words and shouting) https://t.co/OkoVg5BFIW]]></document>
		<document><![CDATA[@DrSJNZ @templetonf Oh dear, was it bad where you lived? :-(]]></document>
		<document><![CDATA[@templetonf @DrSJNZ Nice work SJ. And Fleur - I just added cat food to my emergency supplies! Don't want them eating us ...]]></document>
		<document><![CDATA[Post US election, women in science speak out "against anti-intellectualism, inequality, sexism and discrimination" https://t.co/sa5cOYsz3F]]></document>
		<document><![CDATA[Yes! Everyone will benefit from better public transport right now https://t.co/lycQ8VXhHf]]></document>
		<document><![CDATA[@BrainResearchNZ @SidonieCigale Me too, but important to talk about, have a plan etc]]></document>
		<document><![CDATA[It's an unlikely scenario but still important to be prepared: 7% chance of LARGER QUAKE in next 30 days https://t.co/P4aZ3HQeTa]]></document>
		<document><![CDATA[@MisterHine What's with the headgear?]]></document>
	</documents>
</author>