<author lang="en">
	<documents>
		<document><![CDATA[@RustyLoL That's a lie, no one likes stairs.]]></document>
		<document><![CDATA[@DZmins Hah I think you might be a bit expensive for us... One day though....]]></document>
		<document><![CDATA[@DZmins How good is your casting? :v)]]></document>
		<document><![CDATA[@RogueyZz @Myksta94 I wrote World of Tanks so why not both?]]></document>
		<document><![CDATA[@smashsonian @hobbesHEH im the one and only]]></document>
		<document><![CDATA[@hobbesHEH that's a lie]]></document>
		<document><![CDATA[@Elisonfb @YouTube I have so many songs that I associate with certain games.]]></document>
		<document><![CDATA[@Elisonfb @YouTube this is a strange video clip]]></document>
		<document><![CDATA[@hobbesHEH sry I don't want to listen to anime soundtracks like some people]]></document>
		<document><![CDATA[Twittersphere hmu with your best music need some stuff for my 2017 playlist - I like EDM/House mostly x)]]></document>
		<document><![CDATA[@Brucy_aus @BenGreenAU @brainstormcsgo @AvantGaming Good thing there's another 99 then]]></document>
		<document><![CDATA[@BenGreenAU @Brucy_aus @brainstormcsgo @AvantGaming sry we can't all be epic gamers like you Brucy]]></document>
		<document><![CDATA[@Brucy_aus @BenGreenAU @brainstormcsgo @AvantGaming actually I'm just eating lunch lul]]></document>
		<document><![CDATA[@Brucy_aus @AvantGaming @BlinkyOCE I mean whatever it takes to get me some maxibons]]></document>
		<document><![CDATA[@Brucy_aus Still haven't received my complimentary Maxibon for being #1 Best Friend of @AvantGaming]]></document>
		<document><![CDATA[@Dakillzor @HM_archon wn8 is luck dude just stop pressing 2 so much]]></document>
		<document><![CDATA[@VokuLol why :(]]></document>
		<document><![CDATA[@m1kest4r @OfficialSnypeR Can't argue with the facts]]></document>
		<document><![CDATA[@m1kest4r @OfficialSnypeR We Crossfire now boiz]]></document>
		<document><![CDATA[@metapodX I think you might be on the money with that one]]></document>
		<document><![CDATA[I'm prepared to work all night if it means I don't have to go face the blazing depths of hell that is Western Sydne… https://t.co/GB2dO0rpjN]]></document>
		<document><![CDATA[It's clearly too early for me to be tweeting 😴]]></document>
		<document><![CDATA[@Elfishguy @airsoftria @EL how embarrasing]]></document>
		<document><![CDATA[@EL No ideal how I didn't write rebroadcast in this tweet :&lt;]]></document>
		<document><![CDATA[@airsoftria @EL I meant to write rebroadcast in that tweet and now I realise I didn't...]]></document>
		<document><![CDATA[70k people watching the @EL Grand Final... WOW #ELEAGUEMajor]]></document>
		<document><![CDATA[@GENOMEgg I feel we'd benefit more from just a regular 3rd person or just a noclip in such cases though.]]></document>
		<document><![CDATA[@PoopSteveYT In spectator, it looks like this https://t.co/nrGiKoqVoP]]></document>
		<document><![CDATA[Does anyone else think this over the should camera angle in Overwatch is awful and should never be used..?]]></document>
		<document><![CDATA[@Brucy_aus dogging the BOIZ]]></document>
		<document><![CDATA[What the FUCK @Brucy_aus]]></document>
		<document><![CDATA[Had a pretty good night on @worldoftanks with @bolagnaise #WGLAPAC https://t.co/LSk8dtPldy]]></document>
		<document><![CDATA[@AvantGaming can you show us your @maxibonaus fridge in the next episode?]]></document>
		<document><![CDATA["I actually play the Kranvagen so well, I'm so good at it" - @GoGoGadgetCasts #WGLAPAC https://t.co/iiGSrYLxJs]]></document>
		<document><![CDATA[@HM_archon @Dakillzor I will find you,and I will click you]]></document>
		<document><![CDATA[@HM_archon @Dakillzor I'm gonna say mean things about you next time you play]]></document>
		<document><![CDATA[Streaming some Tanks, platooning with @MadHouse10101 from Coalition Zoo #WGLAPAC

https://t.co/uzI0hxjVMa]]></document>
		<document><![CDATA[@AvLionberg as if not kick lionberg]]></document>
		<document><![CDATA[@HM_archon can't chat https://t.co/MDzuHSSBEj]]></document>
		<document><![CDATA[@UppyCSGO @RogueyZz @flam3zcsgo bruh if only you knew]]></document>
		<document><![CDATA[Hmm... @RogueyZz still leading on #WGLAPAC predictions after the first 2 weeks, but I'm catching up after a strong… https://t.co/NdCbyX6Vnv]]></document>
		<document><![CDATA[Real talk, @Brucy_aus is probably the best shit-poster I follow.]]></document>
		<document><![CDATA[@Brucy_aus typical]]></document>
		<document><![CDATA[@jennababy_au Stab them back m8]]></document>
		<document><![CDATA[WTB That afternoon storm that was promised #SydneyWeather]]></document>
		<document><![CDATA[@brainstormcsgo That's my excuse, you can't have it.]]></document>
		<document><![CDATA[@Myksta94 bring her back w/ you https://t.co/iTy9NnpR4u]]></document>
		<document><![CDATA[Another excellent post event vid by the media lads @Et3rnix https://t.co/sKyRXANQNd]]></document>
		<document><![CDATA[@BlackjackxWoT @WGLAPAC One of the best series of last season]]></document>
		<document><![CDATA[Ask and ye shall receive, @Team_Efficiency bringing the goods in #WGLAPAC

https://t.co/O2S9KvfYCk]]></document>
		<document><![CDATA[@kenzi131 @PapaSmithy If this isn't a declaration of love to a co caster I don't know what is]]></document>
		<document><![CDATA[World of Yanks on Sheriff Accounts with @RockStarx12 #WGLAPAC #WGLNA

https://t.co/uzI0hxjVMa]]></document>
		<document><![CDATA[@KaRathCSS I thought it would go  "Who wants to play on 32" monitors when you can play on Karath's forehead?"]]></document>
		<document><![CDATA[@lukee_jerman @SKF_Roman Radiator needed to be replaced and the boot wasn't locking so they needed a new part for that too]]></document>
		<document><![CDATA[@x5_TAG Was second hand from mum and dad so I didn't buy it, and no I wish I had enough money to upgrade zzz]]></document>
		<document><![CDATA[@Brucy_aus @KaRathCSS @zedzke I don't care as long as you have lvl 99 Maxibon Delivering Skill]]></document>
		<document><![CDATA[@x5_TAG lots of bits that need to be replaced]]></document>
		<document><![CDATA[@MendrixNm Yeah, it's almost not worth the service tbh]]></document>
		<document><![CDATA[TFW ~$2000 for a car  service https://t.co/7iK4KQoJHZ]]></document>
		<document><![CDATA[@gaijindash @Brucy_aus @AvantGaming @CORSAIR @BenGreenAU Please 😂😂]]></document>
		<document><![CDATA[@Brucy_aus @gaijindash @AvantGaming @CORSAIR LET THE DIGS CONTINUE https://t.co/Na2iE9qBSO]]></document>
		<document><![CDATA[@gaijindash @AvantGaming @CORSAIR Nah dude I actually need one... Just got the old crappy stuff from the office.]]></document>
		<document><![CDATA[@AvantGaming @CORSAIR Can you send me a new keyboard for work pls]]></document>
		<document><![CDATA[@_Ectar @Quickybaby awww yoo son of a betch]]></document>
		<document><![CDATA[@hobbesHEH @The_BobbyJ might as well just keep casting World of Tanks, same same but different Kappa]]></document>
		<document><![CDATA[@hobbesHEH @The_BobbyJ heard that was a dead game??]]></document>
		<document><![CDATA[Giving the old 'wet shirt in front of the fan' trick a go...]]></document>
		<document><![CDATA[@SheepAU oath]]></document>
		<document><![CDATA[Is this a fucking JOKE Sydney??? https://t.co/Nz8MsLWdEx]]></document>
		<document><![CDATA[@Elfishguy and now with @EFoxts from EL Gaming 😎]]></document>
		<document><![CDATA[Platooning with @HM_archon and obov from Horsemen #WGLAPAC

https://t.co/uzI0hxjVMa]]></document>
		<document><![CDATA[@GoGoGadgetCasts @WGLAPAC @bolagnaise blame the speed govenor]]></document>
		<document><![CDATA[@WGLAPAC That would be @GoGoGadgetCasts right @bolagnaise?

https://t.co/BOcOX6PtGP]]></document>
		<document><![CDATA[@HM_archon I think next week if you mean after battle stats?]]></document>
		<document><![CDATA[@HM_archon On what?]]></document>
		<document><![CDATA[Streaming a bit before #WGLAPAC tonight

https://t.co/uzI0hxjVMa]]></document>
		<document><![CDATA[All arty players please gobble a willy]]></document>
		<document><![CDATA[@Chief_Tucks I hear the new Team Elfishguy is pretty good]]></document>
		<document><![CDATA[It's time for @AvantGaming vs @Dark_Sided, winner qualifies to #ZenLeague on https://t.co/DMaJEXDxtH]]></document>
		<document><![CDATA[When it's 30 degrees in the #WGLAPAC studio with the aircon on #sweatyblaikie https://t.co/0DzLusPQQS]]></document>
		<document><![CDATA[The @WGLAPAC is BACK! Matchday 1 starts tonight at 10pm GMT+11 all info in your local time is found here https://t.co/uHYJLqptYV #WGLAPAC]]></document>
		<document><![CDATA[@Elfishguy Now playing with Obov, new player for Horsemen #WGLAPAC]]></document>
		<document><![CDATA[Some Tanks to start off with then LoL Ranked 3's later tonight

https://t.co/uzI0hxjVMa]]></document>
		<document><![CDATA[@VokuLol this plane looks nice]]></document>
		<document><![CDATA[@SKF_zudmeister you can buy me a water since @jbhewitt doesn't give us #freewater]]></document>
		<document><![CDATA[@HM_archon tomorrow I think]]></document>
		<document><![CDATA[@BenGreenAU @GoGoGadgetCasts stop stealing my memes]]></document>
		<document><![CDATA[@Brucy_aus don't play with noobs]]></document>
		<document><![CDATA[@Elfishguy and now @bolagnaise from @Team_Efficiency and @GoGoGadgetCasts]]></document>
		<document><![CDATA[@_Ectar LAND DOWN UNDAH]]></document>
		<document><![CDATA[@Elfishguy joined by @HM_archon from #WGL team Horsemen!]]></document>
		<document><![CDATA[Starting up the streamerino, some World of Tanks and mabe LoL 3's later tonight 😇

https://t.co/uzI0hxjVMa]]></document>
		<document><![CDATA[@Brucy_aus when is it coming???]]></document>
		<document><![CDATA[@HM_archon I will let them know!]]></document>
		<document><![CDATA[@RustyLoL if you don't use F you're confirmed bad at LoL]]></document>
		<document><![CDATA[Send help #sydneyweather https://t.co/bT3dyoLXuo]]></document>
		<document><![CDATA[Time for Tanks #WGLAPAC

https://t.co/uzI0hxjVMa]]></document>
		<document><![CDATA[@GENOMEgg @saerianne my esports dollars will get me there someday]]></document>
		<document><![CDATA[@saerianne can't wait to buy a house when I'm 60 haha 😨]]></document>
		<document><![CDATA[@Haiimbelle @RiotAtlus Yeah I reckon that's a great idea]]></document>
	</documents>
</author>