<author lang="en">
	<documents>
		<document><![CDATA[@realDonaldTrump You really need to actually talk to DHS and CBP and let them explain to you what they do every day.]]></document>
		<document><![CDATA[@monabenach @domesticdeitas Exactly.]]></document>
		<document><![CDATA[@domesticdeitas He shoots off &amp; deletes like mad. It's pretty scary, really.]]></document>
		<document><![CDATA[@domesticdeitas Also, as to the President, EVERYTHING he communicates is technically a "record" that is supposed to be preserved.]]></document>
		<document><![CDATA[@domesticdeitas or someone would exploit the hell out of it. It's a shit show, and shouldn't be happening.]]></document>
		<document><![CDATA[@domesticdeitas The personal device &amp; unsecured, unrecorded Tweets are a complete security nightmare. I kinda wish some malicious hacker]]></document>
		<document><![CDATA[@domesticdeitas All the ethical rules &amp; regs that apply to employees do not apply in the same way to the President, unfortunately.]]></document>
		<document><![CDATA[@citymom92 Thanks! I love it when they let me out of the office!]]></document>
		<document><![CDATA[@domesticdeitas what you are transmitting via gov't servers &amp; devices &amp; while on gov't property.]]></document>
		<document><![CDATA[@domesticdeitas using gov't computer or server. Or your personsl device if you are at work on gov't property. You just need to be aware of]]></document>
		<document><![CDATA[@domesticdeitas We are prohibited from doing anything partisan with or on gov't property. And zero right of privacy for anything you send]]></document>
		<document><![CDATA[@domesticdeitas that they seem like the views of the agency, or using your position to influence something outside of work.]]></document>
		<document><![CDATA[@domesticdeitas Potentially all communications, in that you want to be careful that you are never holding out your own personal views so]]></document>
		<document><![CDATA[@mirielmargaret @snoozical I say gel it vertically with a ribbon a la Cindy Lou Who.]]></document>
		<document><![CDATA[@pantalonesfuego Oh, I love this!]]></document>
		<document><![CDATA[This tragic, brave, heartbreaking story is why "abortion" and being "pro life" are not at all clear cut terms. So m… https://t.co/yYjxOMhFpB]]></document>
		<document><![CDATA[And lemme screenshot that tweet for you b/c it will inevitably be deleted in direct contradiction to archival &amp; rec… https://t.co/0eMbDrit6s]]></document>
		<document><![CDATA[He sure as shit did. An Article III Federal judge. https://t.co/uxB2ilkYbs]]></document>
		<document><![CDATA[@citymom92 Ethical rules, appearances, and all that.]]></document>
		<document><![CDATA[@citymom92 I don't talk a ton about it here. 😊🚂]]></document>
		<document><![CDATA[@michelleathome Me too. I have to shut it all off.]]></document>
		<document><![CDATA[@omg_youguys @ChristinaRTS Exactly!]]></document>
		<document><![CDATA[@animalcrackers Well, that is super cool and amazing and WAY TO GO YOU KICKASS BROAD.]]></document>
		<document><![CDATA[@ChristinaRTS YAY! Also, it's good that you DID talk about it! Women should talk about all the crazy stuff that happens to our parts. xoxo]]></document>
		<document><![CDATA[Okay, so everything is still a batshit crazy shit show. Just checking.]]></document>
		<document><![CDATA[@Hiding_Carla Don't forget the prayer breakfast, Arnold Schwarzenegger &amp; bizarre Black History Month remarks.]]></document>
		<document><![CDATA[@Hiding_Carla I know. This surely cannot go on at this pace.]]></document>
		<document><![CDATA[@Hiding_Carla I OD on news then I come back b/c I need to know what batshit crazy crisis is next.]]></document>
		<document><![CDATA[This is all such a shit show.]]></document>
		<document><![CDATA[@monabenach @rambleginger @Hiding_Carla That had to be protected full time.]]></document>
		<document><![CDATA[@monabenach @rambleginger @Hiding_Carla It wasn't a freaking skyscraper in the middle of Manhattan.]]></document>
		<document><![CDATA[@monabenach @rambleginger @Hiding_Carla They really weren't extravagant. Obamas on Vineyard was great b/c it's easy to secure.]]></document>
		<document><![CDATA[@monabenach @rambleginger @Hiding_Carla I honestly never begrudged any of them vacations. Bush Sr. went to the ME compound, Jr. to the ranch]]></document>
		<document><![CDATA[I get not wanting to be near that deranged Cheeto or disrupt your child's life, but I am displeased about the cost. https://t.co/bPcRpqZOn9]]></document>
		<document><![CDATA[Bonus sunrise photo from this morning. #yourdailycapitol #seenonmyrun #thisisdc #newcolumbia… https://t.co/p8ZIhgPLXq]]></document>
		<document><![CDATA[@Hiding_Carla @KitTheKate @mirielmargaret That year in the MIDDLE. Aaaaaah. So wrong.]]></document>
		<document><![CDATA[@sarahjanet Of course. That gets into hate speech &amp; public safety. But regular old merely reprehensible speech? All over it.]]></document>
		<document><![CDATA[@Hiding_Carla @KitTheKate @mirielmargaret Oh California, you special snowflake.]]></document>
		<document><![CDATA[YES. I may despise what you say, but I will defend your right to say it to the death. https://t.co/BsnyWmp73Y]]></document>
		<document><![CDATA[@AttacJac I am a lawyer, and thus, "counsel." Am called "council" at least 1x per week. I am multiple &amp; numerous, apparently.]]></document>
		<document><![CDATA[@seemaiyeresq I don't blame her, but I am highly displeased at how much her protection detail/security costs.]]></document>
		<document><![CDATA[After days of overcast skies, Mother Nature dealt up an amazing sunrise today. It was so good I… https://t.co/pXRe2C0bJm]]></document>
		<document><![CDATA[@Avalea Except for how freaking much it's costing for Secret Service protection, etc. for her in NY.]]></document>
		<document><![CDATA[Meanwhile, back in the other DC, which knows exactly who Frederick Douglass is... https://t.co/cC2SJ9HCA7]]></document>
		<document><![CDATA[That's a link to the Fredrick Douglass house &amp; national park here in DC. https://t.co/Hq9KwWmPgk]]></document>
		<document><![CDATA[I think @POTUS @realDonaldTrump needs a field trip. https://t.co/Hq9KwWmPgk]]></document>
		<document><![CDATA[Y'all. This girl. Let her present a Cubs player with a ring. ❤ https://t.co/U6nYeOstIT]]></document>
		<document><![CDATA[@AttacJac PERFECT GIF.]]></document>
		<document><![CDATA[@monabenach I am- Trump. He brought darkness &amp; despair.]]></document>
		<document><![CDATA[@AttacJac And Ben Carson! He's gonna do a great job with some important stuff! Super! W.T.A.F.]]></document>
		<document><![CDATA[@monabenach These long winter months are a slog.]]></document>
		<document><![CDATA[@arwenelizabeth It lifts me up body and soul. I need LIGHT.]]></document>
		<document><![CDATA[You guys. Trump's Black History Month remarks are literally crazy talk. WTF. https://t.co/d2iUUMRdPs]]></document>
		<document><![CDATA[@CeeEmW All the love to all of you. xoxo]]></document>
		<document><![CDATA[@hgil HA. #teambobcat]]></document>
		<document><![CDATA[Do you know where your president is? https://t.co/QCC8k7ISZJ]]></document>
		<document><![CDATA[GOOD WORK, y'all! Keep going. Fill the voice mail, snail mail, fax machine, all of it. https://t.co/N0COqo2GKE]]></document>
		<document><![CDATA[@amyblues I really don't think the bobcat is going to head towards a bunch of crazy screaming children. I'd run away, ha!]]></document>
		<document><![CDATA[@amyblues But I grew up with a wildlife biologist dad where there were wild bobcats, so my view is not...normal. ;-)]]></document>
		<document><![CDATA[@amyblues They aren't that big. They like birds &amp; bunnies. They might steal a tuna sandwich though.]]></document>
		<document><![CDATA[@amyblues I will be amazed if that bobcat is ever recaptured. I also honestly don't think it would pose a threat to kids.]]></document>
		<document><![CDATA[For anyone else who suffers during these short, dark winter days, DST resumes on March 12. 5.5 weeks, y'all. We can make it.]]></document>
		<document><![CDATA[@katrinaRavioli @mirielmargaret I think this would have to be one of the worst.]]></document>
		<document><![CDATA[So interesting - Edmonia Lewis, subject of today's Google Doodle. https://t.co/yhbpbFAM5z]]></document>
		<document><![CDATA[@Incog I'm a longtime fan of Coppertone sport. Stays on, lasts, not greasy.]]></document>
		<document><![CDATA[@EandAandB Then you will order emergency pizza. It will be fine. I worry about this also, and always have too much food.]]></document>
		<document><![CDATA[@EllCeeGee Also, the price for the amount of house you get is so absurdly low by DC standards.]]></document>
		<document><![CDATA[@EllCeeGee That's a lot of bedrooms. I covet the garage.]]></document>
		<document><![CDATA[@grace134 Ha haaa, this should be fun.]]></document>
		<document><![CDATA[@thibbytoes6 Oh yes. I suggested we take back our chunk of Virginia instead. 😁]]></document>
		<document><![CDATA[@charlesallen @paulschwartzman How about we ask Virginia for that chunk of the District back instead?]]></document>
		<document><![CDATA[@shriekhouse @justexpressive That's about right.]]></document>
		<document><![CDATA[@monabenach @justexpressive @BFlynnP Saving that screenshot though. Daaaamn.]]></document>
		<document><![CDATA[@justexpressive @BFlynnP @monabenach HOLY SHIT.]]></document>
		<document><![CDATA[@monabenach @BFlynnP So they know which Constitution they are supposed to be citing, right. "Improved." Fuck this noise.]]></document>
		<document><![CDATA[@monabenach @BFlynnP I think I would.]]></document>
		<document><![CDATA[@monabenach @BFlynnP Holy shit. "United States citizens."]]></document>
		<document><![CDATA[@BFlynnP @monabenach Yes, WHAT?!]]></document>
		<document><![CDATA[I always think the Smithsonian Castle looks like Hogwarts in the early morning dark. My friend… https://t.co/eYncoh6FvC]]></document>
		<document><![CDATA[@sarahbeanne @RealHughJackman I would like THAT avocado toast RIGHT NOW PLEASE. #swoon]]></document>
		<document><![CDATA[@monabenach It makes me suspicious about what is coming next though.]]></document>
		<document><![CDATA[@jesseberney But it is verrrrrry red on most things. Frighteningly so.]]></document>
		<document><![CDATA[@jesseberney That's freaking huge. My mom lives in Boise. She is not protesting, but she is calling &amp; writibg her reps. We make her. 😉]]></document>
		<document><![CDATA[@dadonymous Sessions will (sadly) likely be confirmed soon.]]></document>
		<document><![CDATA[@aleesohnn @BossyBoots_ @kathleenicanrah Um, I feel like I could wear those to a formal dinner. Those are gorgeous.]]></document>
		<document><![CDATA[Bravo. She'll be fired in about 5 minutes, but way to go down swinging. #resist https://t.co/gdBenQ9bgz]]></document>
		<document><![CDATA[@MegglesP running etc. for awhile. The long term effects are kind of unknown. Anyhow, it is obviously necessary for you!]]></document>
		<document><![CDATA[@MegglesP problems - basically, if you are a runner etc. you should avoid taking it unless absolutely necessary &amp; if you do take it, stop]]></document>
		<document><![CDATA[@MegglesP I had it with me when I studied abroad in Africa in case of some kind of bad infection. But I recently heard about the tendon]]></document>
		<document><![CDATA[@MegglesP I am so sorry. I have been following your saga with this infection. Cipro is no joke.]]></document>
		<document><![CDATA[@erinjaffe Oh my god. Just....yeah. What people go through. &lt;3]]></document>
		<document><![CDATA[@MegglesP Soft tissue is already stretchy from pregnancy, this could exacerbate it. Just something to be aware of.  https://t.co/3Qc11hIm0s]]></document>
		<document><![CDATA[@MegglesP You also know about the risks of Cipro &amp; ligament/tendon damage, right? Just something to be aware of, esp. postpartum.]]></document>
		<document><![CDATA[@OfGoodFamily I know. I KNOW. I wish we all could quit. All en masse, thousands at once. All across the country. Just walk out.]]></document>
		<document><![CDATA[@OfGoodFamily Scottish cussing is really amazing.]]></document>
		<document><![CDATA[@TheMasseyPrenup Lady, I am so sorry you have this negativity in your life. xoxo]]></document>
		<document><![CDATA[Vigil at Supreme Court this evening to stand against Exec Orders: https://t.co/vMxbZtfOAK]]></document>
		<document><![CDATA[Some useful info from ACLU for my fellow Federal employees: https://t.co/adSS5QYxMA]]></document>
		<document><![CDATA[Unless my geography is bad, this doesn't look like "coastal elites." https://t.co/NCyhoaUqdc]]></document>
		<document><![CDATA[Oh, really? Do tell us more, Mr. Ryan. https://t.co/zaNAPUOJwY]]></document>
	</documents>
</author>