<author lang="en">
	<documents>
		<document><![CDATA[beoplayh2: https://t.co/dvM3oDQi1j]]></document>
		<document><![CDATA["I would get off my ass so much more if life had visible EXP bars and levels for all the skillsets I could acquire." #ShowerThoughts]]></document>
		<document><![CDATA[Mkhitaryan with a well deserved goal. #MUNWIG]]></document>
		<document><![CDATA[haha Fellaini scores!!! What a man! #MUFC #MUNWIG]]></document>
		<document><![CDATA[United are slow, unable to create any chances. Another frustrating game. #MUFC #MUNWIG]]></document>
		<document><![CDATA[⚡️ “These snow monkeys love a hot bath 🐵♨”

https://t.co/W64apNpMfx]]></document>
		<document><![CDATA[Cutting corners just creates two new corners. #ShowerThoughts]]></document>
		<document><![CDATA[We are all in this together. We must stand together. For better today and tomorrow.]]></document>
		<document><![CDATA[I missed a good game of football because I was watching Home Alone 2 😂]]></document>
		<document><![CDATA[Another reminder. https://t.co/5VSDOo20ql]]></document>
		<document><![CDATA[Chelsea are just too good this season. #CHEBRE]]></document>
		<document><![CDATA[Love those type of free kicks. #CHEBRE]]></document>
		<document><![CDATA[5min left, game on. #LIVWOL]]></document>
		<document><![CDATA[I do like Klopp, but the team keeps letting him down. #LIVWOL https://t.co/VPls4ZL7y3]]></document>
		<document><![CDATA[What a run and what a goal!!! #FACup #LIVWOL]]></document>
		<document><![CDATA[Berlin mayor to Donald Trump: 'Don't build this wall' https://t.co/Hlrk3hfuFP]]></document>
		<document><![CDATA[Wow, 0-1 already...#FACup #LIVWOL]]></document>
		<document><![CDATA[@UberFacts seriously? -_-]]></document>
		<document><![CDATA[We also need "Edit" feature on @Twitter]]></document>
		<document><![CDATA[Just over a month wihtout Facebook and only now seeing the downsides of having signed in with Facebook. #LifeWithoutFacebook]]></document>
		<document><![CDATA[That accent though. But he made a fair point. https://t.co/OtFulvITLI]]></document>
		<document><![CDATA[Battlefield 1 session. 🙆🏼 https://t.co/DXyUUoYlHL]]></document>
		<document><![CDATA[I wouldn't have had a clue either 😂 pink soft egg xD ⚡️ “Do guys know what this is?”

https://t.co/GcZaHgzEwv]]></document>
		<document><![CDATA[Went for a walk and calmed down a bit.]]></document>
		<document><![CDATA[Overthinking everything is not fun, it just isn't.]]></document>
		<document><![CDATA[Ireland votes to be world's first country to fully divest from fossil fuels https://t.co/pI76qH5icG]]></document>
		<document><![CDATA[@thegrandtour are your GIFs also in 4K? 😂]]></document>
		<document><![CDATA[For This Metal, Electricity Flows, But Not the Heat https://t.co/fgsUDGZobt]]></document>
		<document><![CDATA[#MakeSpaceGreatAgain - Join Everyday Astronaut at March For Science D.C. (x-post /r/marchforscience) https://t.co/WaPVrmod1J]]></document>
		<document><![CDATA[“You have to learn to get up from the table when love is not being served.” - Nina Simone (via wnq-music) https://t.co/m5YTNByDZN]]></document>
		<document><![CDATA[Are we seriously questioning science? 😳]]></document>
		<document><![CDATA[⚡️ “People are reminding us why science matters ”

https://t.co/KXQSnNrbCv]]></document>
		<document><![CDATA[⚡️ “Lithuanian Shame” by @walkingsmarts #LithuanianShame

https://t.co/OCJalvpYRk]]></document>
		<document><![CDATA[Believe it or not but I'm having my first @Starbucks of 2017. Outrages!]]></document>
		<document><![CDATA[Perhaps more time is what I need.]]></document>
		<document><![CDATA[It's not getting any easier if I was honest.]]></document>
		<document><![CDATA[Click in the image to see more...]]></document>
		<document><![CDATA[Dutch respond to Trump's 'gag rule' with international safe abortion fund https://t.co/qd4Nkvxcjk]]></document>
		<document><![CDATA[Israel is decriminalising weed https://t.co/UOpyMo2Emv]]></document>
		<document><![CDATA[EU says it will remain top investor against climate change in defiance of Trump https://t.co/zcF86DOuDw]]></document>
		<document><![CDATA[Ahh! Thank fek it's over. #HULMUN]]></document>
		<document><![CDATA[To be fair, Hull wanted it more. #HULMUN]]></document>
		<document><![CDATA[They know 👀 https://t.co/MVhDPYMUb6]]></document>
		<document><![CDATA[Well see ya there 😂 https://t.co/VtdpXuqZ7Y]]></document>
		<document><![CDATA[What a chance! #HULMUN]]></document>
		<document><![CDATA[Here come the nerves. #HULMUN]]></document>
		<document><![CDATA[Thank f*ck we got David. #DaveSaves #HULMUN]]></document>
		<document><![CDATA[Damn... They're creating chances and I don't like it haha #HULMUN]]></document>
		<document><![CDATA[So it's @ManUtd turn in the #EFLCup. #HULMUN]]></document>
		<document><![CDATA[Why use animations when you can use physics. #Duh]]></document>
		<document><![CDATA[Seeing her leave. https://t.co/K1i73qTQjo]]></document>
		<document><![CDATA[@ShaunaShouldRun it's hilarious! 😂]]></document>
		<document><![CDATA[@shaunashouldrun if it makes you feel better, Celta Vigo are beating Real Madrid in Copa del Rey. 2-1 with 3min left.]]></document>
		<document><![CDATA[Looks like football scrap you see in school yards. haha #LIVSOU]]></document>
		<document><![CDATA[Southampton better keep defending, because their attacks are atrocious. #LIVSOU]]></document>
		<document><![CDATA[@shaunashouldrun I’ll be in the same position tomorrow haha]]></document>
		<document><![CDATA[@shaunashouldrun their defending is amazing. But Liverpool are putting on pressure, they might crack soon.]]></document>
		<document><![CDATA[@shaunashouldrun Plenty of time left. Just rid of Sturridge]]></document>
		<document><![CDATA[Unlucky, but I can sense that Liverpool will score and ruin everything. #LIVSOU]]></document>
		<document><![CDATA[Got to say, this is looking like a good match. #LIVSOU]]></document>
		<document><![CDATA[@ShaunaShouldRun ah now, I wouldn't go that far 😂]]></document>
		<document><![CDATA[@LaurasWorld Every Little Helps.]]></document>
		<document><![CDATA[@dublinbusnews it's the 39A towards UCD. Took a while for the new driver to arrive to swap.]]></document>
		<document><![CDATA[5min on 39A waiting for the drivers to swap. Mid-route change slowes us down, we got places to be. @dublinbusnews]]></document>
		<document><![CDATA[@piersmorgan she has the choice of the smart attire that she's comfortable in.]]></document>
		<document><![CDATA[“In the end, we all become strangers and memories.” - Anonymous (via wnq-anonymous) https://t.co/NbxEMZYlFj]]></document>
		<document><![CDATA[What a muppet! ⚡️ “Piers Morgan wants women to wear heels to work 👠”

https://t.co/yHIKweaNyI]]></document>
		<document><![CDATA[Clear Cache should be a mandatory feature in every app. Well done @9GAG https://t.co/hzyw2AynVx]]></document>
		<document><![CDATA["What if Ant-Man has been in Marvel movies all this time but he was too small to see." Asking the real questions. #ShowerThoughts]]></document>
		<document><![CDATA[Back to college we go. @itbdublin @itbcdm https://t.co/8PI6wqsRd5]]></document>
		<document><![CDATA[Just remembered I have college starting tomorrow 😂]]></document>
		<document><![CDATA[⚡️ “Tweets that'll make you wish your brain had an OFF switch”

https://t.co/C8Nz7FwOYw]]></document>
		<document><![CDATA[@SethMacFarlane we need more Cosmos!]]></document>
		<document><![CDATA[If you ever feel down, just watch these guys 😂  https://t.co/gJ93H0SG33 @NeebsOfficial]]></document>
		<document><![CDATA[There you go. #TheMoreYouKnow https://t.co/KoqxVKoP27]]></document>
		<document><![CDATA[Everyone says love hurts, but that is not true. Loneliness hurts. Rejection hurts. Losing someone hurts. Envy hurts. (1/3)]]></document>
		<document><![CDATA[Everyone gets these things confused with love, but in reality love is the only thing in this world that covers up all pain and makes (2/3)]]></document>
		<document><![CDATA[someone feel wonderful again. Love is the only thing in this world that does not hurt. -- Meša Selimović (3/3)]]></document>
		<document><![CDATA[Posted a single photo of an airport at night and now aviation accounts on @instagram are following me. 😂]]></document>
		<document><![CDATA[Coffee is literally my best friend now.]]></document>
		<document><![CDATA[When you stare up into the sky, you're literally looking into infinity. #ShowerThoughts]]></document>
		<document><![CDATA[Melix Plays: THE SIMS 4 https://t.co/HWuEgpAYvZ]]></document>
		<document><![CDATA[Champions are getting their asses whooped! #SOULEI]]></document>
		<document><![CDATA[You can tell how good a service is by how fast you're able to unsubscribe. #ShowerThoughts]]></document>
		<document><![CDATA[Total respect for everyone who are taking part in #WomensMarch]]></document>
		<document><![CDATA[He's offside again. #STKMUN]]></document>
		<document><![CDATA[The nerves. #STKMUN]]></document>
		<document><![CDATA[They don't look good on the ball at all. #STKMUN]]></document>
		<document><![CDATA[Yet another offside. #STKMUN]]></document>
		<document><![CDATA[Zlatan has been caught offside so many times. #DareToZlatan #STOMUN #MUFC]]></document>
		<document><![CDATA[Thank god for heated seats. Freezing today! https://t.co/z8KIrdp9Xe]]></document>
		<document><![CDATA[Panic! At the Disco: Death of a Bachelor https://t.co/gThrp2cKJU via @YouTube]]></document>
		<document><![CDATA[Went to sleep at 00:35, woke up at 5:45! #GoodMorning https://t.co/7Cuk5VIAzM]]></document>
		<document><![CDATA[I should have probably posted the poll during the day time.]]></document>
		<document><![CDATA[The opticians had my old email in their system. How embarrassing 😂]]></document>
		<document><![CDATA[Serious #question: Is it better to take photographs in?]]></document>
		<document><![CDATA[Internet Pop Quiz with Brendon Urie (Panic! At the Disco) https://t.co/dRNMcleMhM via @YouTube]]></document>
		<document><![CDATA[In this infographic templates set I've used new technique of drawing. Each infographic element is an https://t.co/FTXfJES2hE]]></document>
		<document><![CDATA[@BarbaraFranzon1 I'd be fuming as well 😂]]></document>
		<document><![CDATA[It's official, @realDonaldTrump is the 45th US President. Well done US. #InagurationDay https://t.co/emGvK43NPw]]></document>
	</documents>
</author>