<author lang="en">
	<documents>
		<document><![CDATA[Dan Russell of @Google endorsing Ask a Librarian services as great sources for info seekers. Woo hoo! #FutureofLearning @SILibraries]]></document>
		<document><![CDATA[Dan Russell of Google: We need to teach people to ask questions to better assess accuracy of info online. #FutureofLearning @SILibraries]]></document>
		<document><![CDATA[#Informacy = being literate about information. Better skills needed to judge accuracy/reliability of info. #FutureofLearning @SILibraries]]></document>
		<document><![CDATA[~90% of users don't know Ctrl-F "find" function, which greatly impacts their ability/accuracy to find info on a webpage. #FutureofLearning]]></document>
		<document><![CDATA[Dan Russell: 92% of people say they're confident in their online searching abilities, though most do it only once/day. #FutureofLearning]]></document>
		<document><![CDATA[Even Google's Űber Tech Lead Dan Russell says users need guides to actually find what they're looking for online! #FutureofLearning]]></document>
		<document><![CDATA[Watching Daniel Russell from Google talk about The Future of Learning, via @SILibraries. Join in here: https://t.co/lscrH9wxRJ]]></document>
		<document><![CDATA[Drafts for comic on incarcerated Japanese Americans by #SIYouthSummit students. They did research in our library https://t.co/B40oLqUW49]]></document>
		<document><![CDATA[My blog post on Newcomb pottery for #WomensHistoryMonth and Craft Month https://t.co/DD6cr70vbH https://t.co/JqM42bHEib]]></document>
		<document><![CDATA[Will the show donate props to the Smithsonian? #TWDatSI @smithsoniantsa]]></document>
		<document><![CDATA[Victorian cat street gang. https://t.co/iQYEm7TTzW]]></document>
		<document><![CDATA[Most beautiful bicycle ever?? http://t.co/zhcMDLcEdy via @amhistorymuseum http://t.co/rSZd7MuXz1]]></document>
		<document><![CDATA[Tis cool, methinks... https://t.co/6bvRrykWGN]]></document>
		<document><![CDATA[It would be so cool if we could set up check out for Smithsonian experts!! https://t.co/xhVABQ3zxZ]]></document>
		<document><![CDATA[Always innovative Toronto Public Library lets us check out humans as well as books http://t.co/AKqmVOhoVG !]]></document>
		<document><![CDATA[It's #DrawABirdDay! This was inspired by illus from @SILibraries colln: http://t.co/M0O7GQlvEI #DABDay http://t.co/ZR0biOsL0t]]></document>
		<document><![CDATA[Dr. David Carr @SILibraries: Cultural institutions challenge us to lead thinking lives &amp; try out audacious exploration #LAMFutures]]></document>
		<document><![CDATA[Dr, David Carr: A museum is a "collective mind stirring its users" to "think anything" http://t.co/qkdweBbItZ #LAMFutures]]></document>
		<document><![CDATA[I'll be live tweeting as @SILibraries today for @amhistorymuseum #HearHistory tweetup! Gettin' my #historygeek on...]]></document>
		<document><![CDATA["@scifri: Today 2pm ET: It's the moment you've all been waiting for... cookie science with @cookingforgeeks! http://t.co/jNEHdqr2C4" Oh yeah]]></document>
		<document><![CDATA[.@VTLibraries has a cool room for digital poster sessions &amp; other events: http://t.co/t2MmnjZDTK Now I want one for @SILibraries!]]></document>
		<document><![CDATA[We &lt;3 our GIFWizard! RT @Museocat: At @NMNH social media mtg, which features @SILibraries @DigitalRN_SIL #GIFWizardSI http://t.co/Xw4zI9L1X6]]></document>
		<document><![CDATA[.@Smithsonian @amhistorymuseum is hiring Supervisory Archivist http://t.co/5zpXW2b1CC App deadline 11/17/14 #libjobs #archives #archivejobs]]></document>
		<document><![CDATA[Interesting article by @brianmathews on how Amazon's unlimited Kindle books deal may affect libraries http://t.co/uvnNxElUnc via @chronicle]]></document>
		<document><![CDATA[Great infographic on #librarians &amp; #research impact #altmetrics http://t.co/7GRsywhVbh via @library_connect (the librarians look so hip...)]]></document>
		<document><![CDATA[Dang... should have made a #Hirshhorn cake with this spring form pan for #Muscake Day: http://t.co/xfcOVtOwY0]]></document>
		<document><![CDATA[Wow... MT @Guggenheim: On #MusCake Day, here's our Frank Lloyd Wright-designed building in cake form! via @Architizer http://t.co/aYBfag6Qkm]]></document>
		<document><![CDATA[What if we bought articles "by the drink" rather than journal subscriptions? Good or bad thing? http://t.co/VZUf3gw0WX]]></document>
		<document><![CDATA[Draw a Bird Day! This @SILibraries image http://t.co/moCVLQ6n6G inspired my drawing: http://t.co/r22Fso9vm2 http://t.co/qqKLq3E2A1 #DABDay]]></document>
		<document><![CDATA[I plan 2 attend! RT @amhistorymuseum: At #SaltyHistory conference, curators "assalt" history. High sodium puns, info: http://t.co/meKQ3MMOAi]]></document>
		<document><![CDATA[Were u referring to someone at Duke Univ? That's how I use it RT @onelittlebecca: I just used the word dookie for first time in a decade]]></document>
		<document><![CDATA[Interesting new take on #openaccess for ebooks: http://t.co/3Zg8dm7rrC via @chronicle. Helps libraries, readers &amp; publishers!]]></document>
		<document><![CDATA[RT @SILibraries: Happy birthday to Christopher Walken! In his honor, we suggest #morecowbell: http://t.co/fNdYCI5jr4]]></document>
		<document><![CDATA[RT @SILibraries: For #WordNerdWed: Indian Place Names of New England http://t.co/skTD4iz787. Find out what Podunk really means on p. 189]]></document>
		<document><![CDATA[Had a GREAT time today demoing @SILibraries new OneSearch tool for staff at @NMAAHC! (despite internet problems) http://t.co/C0szhHAAIf]]></document>
		<document><![CDATA[I read somewhere that today is International Skeptics Day. But I don't believe it.]]></document>
		<document><![CDATA[What 5 Tech Experts Expect in 2014 - article on educ tech from @chronicle http://t.co/rp3S0HDdgF Worth reading!]]></document>
		<document><![CDATA[STELLA!! RT @PostalMuseum: Today 1947 "A Streetcar Named Desire" opened on Broadway. The play has its own stamp: http://t.co/garf94DTL9]]></document>
		<document><![CDATA[@Museocat The @SIGardens staff were at @amhistorymuseum yesterday, so we're looking festive!]]></document>
		<document><![CDATA[@DigiKeri_SIL Love it that Norman Reedus shows up in that Word of the Year photo y'all tumbled - http://t.co/en84ZRp64e]]></document>
		<document><![CDATA[RT @nypl: What's to be done with a woman stricken with a misguided appetite for reading books? Edith Wharton, A Writing Life:...]]></document>
		<document><![CDATA[RT @smithsonian: We're looking for digital volunteers to help us transcribe our records &amp; unlock their stories.  http://t.co/gOkLNniVhW]]></document>
		<document><![CDATA[I wrote some of these! RT @SILibraries: Our Library Hacks blog series offers help with internet research skills: http://t.co/6JK7GfYGmW]]></document>
		<document><![CDATA[Demo'ed @SILibraries new discovery tool OneSearch for SI science directors today. Great response! http://t.co/XkWAjJ5RNG]]></document>
		<document><![CDATA[Hey, fellow govt employees -- enjoy your enforced vacation! Tiki drinks at my house tonight? #shutdown]]></document>
		<document><![CDATA[I wrote this - thx for sharing! RT @awickner: Oldie but goodie: Finding Current Research Using Free Online Resources http://t.co/PPYBjTsoPX]]></document>
		<document><![CDATA[My latest attempt to "teach via blog post" - 5 Tips for Better Searching: http://t.co/PCRALYouMn (Man, this type of post is hard to write!)]]></document>
		<document><![CDATA[MT @brainpicker: Instant smile-inducer: Salinger &amp; his beloved dog http://t.co/r7unt8jYsI Other famous authors' pets http://t.co/YTqdukUS7k]]></document>
		<document><![CDATA[So those high school guys LIED RT @smithsonianmag: Cow tipping never was—and never will be—a thing people actually do http://t.co/GL0M8VRkaA]]></document>
		<document><![CDATA[@skerijayne @pilsks Since Sidebar let us down, I'm totally up for trying Gordon's new place! Plus still need to visit El Chucho...]]></document>
		<document><![CDATA[At least he was dressed for the weather... RT @moonlightbinder: Late to work - some guy was wandering 495 in a toga. #seriously]]></document>
		<document><![CDATA[Seems like I've heard that before... RT @smithsonianmag: No one knows for sure what causes déjà vu... http://t.co/dqo5tsqW17]]></document>
		<document><![CDATA[Looks like the change I wanted is included! RT @librarythingtim: @LibraryThing's going to be pushing new design &amp; a bevy of new features]]></document>
		<document><![CDATA[RT @librarycongress: Did u know the Library is open July 4? Come see Jefferson's Library in most beautiful bldg in DC http://t.co/XYNUNWuAAK]]></document>
		<document><![CDATA[Word. RT @scoopit: “It’s not information overload. It’s filter failure.” http://t.co/3YM0SMn5yY via @ThePRCoach]]></document>
		<document><![CDATA[Have a meeting at LC later. What with the crutch &amp; potential downpours, I'm really not feelin' it today... #shouldastayedinbed]]></document>
		<document><![CDATA[@onelittlebecca Bet the ag librarian meant the FOOD exhibition: http://t.co/GsmDJmU5au Includes Julia Child's kitchen too!]]></document>
		<document><![CDATA[Another great resource for info on #American newspapers available online = http://t.co/fqrlgHsyio from @upennlib #history]]></document>
		<document><![CDATA[Getting ready to teach class on digitized #American newspapers for #history researchers! Fave resource = http://t.co/RhVUL5yBgr]]></document>
		<document><![CDATA[Viewing great webinar #Library Learning Goes Online - excited to get new ideas to expand my own training! #allive]]></document>
		<document><![CDATA[RT @libskrat: Bookmark: “Fair use” takes center stage at Google Books appeal — paidContent http://t.co/oP4FBwbYre]]></document>
		<document><![CDATA[RT @CERN: CERN and @OpenAIRE_eu launch new online European research repository #Zenodo http://t.co/siPMt7chzE]]></document>
		<document><![CDATA[Having a beer, waiting for @Hodgman http://t.co/WWULHtmiko]]></document>
		<document><![CDATA[MT @librarycongress: Happy Belated Birthday to Duke Ellington. We've found what may be his first appearance on film. http://t.co/JsOVBIW66l]]></document>
		<document><![CDATA[Fave: Go home, Spring - you're drunk. RT @mashable: 12 Thoughts That Totally Cross Your Mind Every Spring http://t.co/UybEY2aoMe]]></document>
		<document><![CDATA[MOOCs on the move! Over 17K register for online course from Hong Kong Univ. http://t.co/S9HZsWsU0c #mooc]]></document>
		<document><![CDATA[@fcwashington Hey back at ya! Finally carving out some time for Twitter. I've been neglectful...]]></document>
		<document><![CDATA[All is vanity... RT @fieldbookproj: Sea cucumbers are trying to improve their appearance? http://t.co/1iCUqIE1yD]]></document>
		<document><![CDATA[@skerijayne - @hodgman is appearing again at Birchmere on 5/3 http://t.co/nqEEKwCEDY Just putting it out there.]]></document>
		<document><![CDATA[Great job, @thinklynsen! MT @fcwashington: Killer @smallact Pinterest program Tuesday. Check out tips/slide deck here http://t.co/lV5FU6aqgE]]></document>
		<document><![CDATA[@onelittlebecca Well, I would hope so! And does he live in a Brave New World?]]></document>
		<document><![CDATA[Wow... RT @echinoblog: Ceramic art encrusted with marine invertebrates! GO! http://t.co/ybDwGZNomB]]></document>
		<document><![CDATA[Thou reeky fool-born scut! MT @smithsonianmag: Happy b-day #Shakespeare, master of insulting w/flourish. How to do it http://t.co/ABMy6691kT]]></document>
		<document><![CDATA[Beautiful! MT @biodivlibrary: Happy #EarthDay! Enjoy our @Flickr Collection w/ top images! http://t.co/oA2FxQOz4A]]></document>
		<document><![CDATA[Conference season is definitely in full swing - trying to keep up with all the #s! #feelingleftout &amp; #sequestered]]></document>
		<document><![CDATA[Whew... RT @dancohen: Yes, Internet, the @dpla has pictures of cats. Old, artisanal pictures of cats. You're welcome.]]></document>
		<document><![CDATA[It's Natl #Library Workers Day - so hug your library worker! (Just ask permission 1st to avoid a harassment suit.)]]></document>
		<document><![CDATA[For political wonks: Cornell's online Political Americana collection, incl this rooster with a human head http://t.co/ZckivC6RdS #politics]]></document>
		<document><![CDATA[@msphelps Thanks for tweeting my blog post from last week! :)]]></document>
		<document><![CDATA[My recent blog post on finding current #research online is gettin' some play! Woo hoo! http://t.co/NsIWpgCmLd #validated]]></document>
		<document><![CDATA[Read this while commuting. Score! RT @silverbell: How to Train Your Brain to Multitask Effectively http://t.co/T0FcivxFET via @EntMagazine]]></document>
		<document><![CDATA[Cool... RT @britishvogue: We're about to tour 
@V_and_A's @DavidBowieReal exhibition. Revisit his style history: http://t.co/OPkLJA6ivw]]></document>
		<document><![CDATA[So cool! RT @silibraries: Old book "evisceration" as art http://t.co/fbIj8QZysX http://t.co/uPNYRYx5Sd What do you think of this? Is it art?]]></document>
		<document><![CDATA[Love this painting The #Library by Jacob Lawrence, held by @Smithsonian's @americanart museum http://t.co/KLKoAfPJxM]]></document>
		<document><![CDATA[Happy birthday Edward #Gorey! See today's Google doodle &amp; watch the animated Gashlycrumb Tinies: http://t.co/cvJH2ueg8f #wonderfullygruesome]]></document>
		<document><![CDATA[List of open access articles on Digital #Humanities &amp; #Libraries via @micahvandegrift - an imp topic for SIL now: http://t.co/L3lP5ZQs]]></document>
		<document><![CDATA[RT @gateway2learn: Library Card Signed by 13-Year-Old #Elvis Presley, Earliest Known Signature of the King http://t.co/UzELDkNa via @Zite]]></document>
		<document><![CDATA[It's Natl @GirlScouts Cookie Day! Downloading the cookie finder app now: http://t.co/gcygjzvw #thinmints]]></document>
		<document><![CDATA[@moonlightbinder Was excited to see you listed in Express today as a vendor at Nana's Handmade V-Day Mart! http://t.co/c3JE1oJG]]></document>
		<document><![CDATA['Bout time we had a Colbert in Congress! RT @thefix: Stephen Colbert on his sister's Congressional candidacy. http://t.co/EOX0ABIb]]></document>
		<document><![CDATA[@museocat Glad you could be there for the Drupal training yesterday. I'll be looking for your updated profile page soon!]]></document>
		<document><![CDATA[RT @lrainie: To #librarians: I'll be giving a webinar Feb. 13 about our research and what it means to you. Details at: http://t.co/gucTegCx]]></document>
		<document><![CDATA[For @skerijayne RT @boingboing: TARDIS dress is bigger on the inside http://t.co/buK3rikn]]></document>
		<document><![CDATA[RT @silibraries: Happy birthday to R&amp;B legend Sam Cooke! http://t.co/VW2IXVhL See him perform a classic here: http://t.co/u9FLnmzt #music]]></document>
		<document><![CDATA[MT @silibraries: Liked Lady Mary's wedding dress in #DowntonAbbey? U might also like these from Lanvin &amp; Worth http://t.co/vg4cBtgn #fashion]]></document>
		<document><![CDATA[RT @silibraries: Happy bday, David #Bowie! In honor, Spiders (tho not from Mars) http://t.co/wG3Bq3AX &amp; Scary Monsters http://t.co/nvmuEGJw]]></document>
		<document><![CDATA[Two openings for #history curators at Smithsonian @amhistorymuseum: http://t.co/ueTH85ih #jobs #museums #museumjobs]]></document>
		<document><![CDATA[Great advice! I'm gonna try this RT @ericrumsey: Using Twitter for Curated Academic Content http://t.co/gJ2puo9q - @thisisallan RT @aftjae]]></document>
		<document><![CDATA[The @librarycongress receives a half billion tweets each day for its public Twitter archive http://t.co/O1QlPST5 Wow. Just wow.]]></document>
		<document><![CDATA[@cajunjoel I downloaded a camera app but haven't really used it yet. Awkward having camera on front of device.]]></document>
	</documents>
</author>