<author lang="en">
	<documents>
		<document><![CDATA[Hey peoples pls buy these... 

BRAND NEW *Pair* Kuhmo Ecsta 255/40/17. 

I bought these at an auction like 10-12... https://t.co/gkKWvsDLty]]></document>
		<document><![CDATA[Great customer service @bchydro ! NOT... I waited 1hr 20 minutes and didn't get to talk to a single person. Complet… https://t.co/wo4wEvKbbh]]></document>
		<document><![CDATA[I guess this gives me a reason to drive out to the valley! 

Congrats Daniel! https://t.co/vbqUBnTqGD]]></document>
		<document><![CDATA[I posted a new photo to Facebook https://t.co/Or3InYxlMx]]></document>
		<document><![CDATA[I posted a new photo to Facebook https://t.co/Oy3LuICYa8]]></document>
		<document><![CDATA[I posted a new photo to Facebook https://t.co/Ni50s7izyq]]></document>
		<document><![CDATA[I posted a new photo to Facebook https://t.co/bCaqeIhITt]]></document>
		<document><![CDATA[I posted a new photo to Facebook https://t.co/1N62rBOZlU]]></document>
		<document><![CDATA[I posted a new photo to Facebook https://t.co/iNkxBIKw2X]]></document>
		<document><![CDATA[I posted a new photo to Facebook https://t.co/VkK6zu9Z7P]]></document>
		<document><![CDATA[I posted a new photo to Facebook https://t.co/TO3RBdTxct]]></document>
		<document><![CDATA[I posted a new photo to Facebook https://t.co/3sQB97OQOc]]></document>
		<document><![CDATA[SEEKING WITNESSES FOR ACCIDENT ON HWY 1 &amp; 156 ST HOV EXIT WESTBOUND https://t.co/k1J83TTH80]]></document>
		<document><![CDATA[Looking to offload my 240 as I've found another vehicle I want. 

I'd like to sell it without the wheels for... https://t.co/8i8K8HtDL1]]></document>
		<document><![CDATA[@NEWS1130Traffic there is a coast mountain service vehicle blocking shaughnessy at lougheed heading south... No emergency vehicles on site.]]></document>
		<document><![CDATA[Need another black shirt to add to my already grim wardrobe, haha 

#huskyshirtforahuskyguy https://t.co/0BW4m30hg8]]></document>
		<document><![CDATA[@BCFerries who/how do I submit a formal complaint? What should have been roughly 4-5hrs worth of wait &amp; travel has turned into double (9hr)]]></document>
		<document><![CDATA[@BCFerries what time is it due to berth in Duke terminal now?]]></document>
		<document><![CDATA[@BCFerries is this the Coastal that was due at Duke Point around 4:15? And originally was the 3:15 sailing?]]></document>
		<document><![CDATA[I posted a new photo to Facebook http://t.co/gbjb2slN4g]]></document>
		<document><![CDATA[@TransLink does the 388 - 22nd street station bus not exist anymore? I've been waiting at stop #56028 for over 1.5hrs....]]></document>
		<document><![CDATA[@NittoTire what is the song played in the #formulaD commercial??!! I must must know!! #nittotires #FDLB #formuladrift]]></document>
		<document><![CDATA[@AM730Traffic 3 separate accidents/stalls mid span Alex Fraser headed towards new west/Richmond]]></document>
		<document><![CDATA[@CineplexMovies Your Meadowtown location in Pitt Meadows BC is disappointing, Seats are broken, movies late, and theatre is grungy. #notcool]]></document>
		<document><![CDATA[@AM730Traffic Police and CVSE doing cellphone and seatbelt checks along with inspections on Derwent way on Annacis Island.]]></document>
		<document><![CDATA[Try to beat me! My Ruzzle username is 'Nthony91'. @ruzzlegame http://t.co/N8SFyAPP]]></document>
		<document><![CDATA[@HawaiiFive0CBS #theTA]]></document>
		<document><![CDATA[#theta #hawaii50 #picktheending]]></document>
		<document><![CDATA[@AM730Traffic thanks! All traffic is moving into the slow lane. Emergency vehicles on scene #BCHwy1]]></document>
		<document><![CDATA[@AM730Traffic traffic is at a dead stop on highway 1 east bound just east of 232nd street is this still due to that accident a while back?]]></document>
		<document><![CDATA[@AM730Traffic accident is a 3 car rear ender in the left lane, 2 pick up trucks and a Mazda. Emergent vehicles are JUST arriving.]]></document>
		<document><![CDATA[@AM730Traffic traffic on the Mary hill is backed up to the pedestrian over pass #traffic #gridlock http://t.co/Ls0m6VB3]]></document>
		<document><![CDATA[@IBeLysh @aleksandwiches @thedeathsquad just dont 'misplace' it this time 😜]]></document>
		<document><![CDATA[“@mikeschmeee: @ANTHONY_BELL I just ordered White Spot for my father. lol” OMG!! I want a BC chicken burger :(]]></document>
		<document><![CDATA[Check out my crazy high score in Fruit Pop! Think you can beat me? Grab your free copy from... http://t.co/qryCep66]]></document>
		<document><![CDATA[@AM730Traffic Major congestion in new west, Columbia is a parking lot headed west to Queensborough bridge.]]></document>
		<document><![CDATA[@AM730Traffic lots of congestion on hwy91 westbound after S curve #730]]></document>
		<document><![CDATA[@Aleksandwiches thanks bro :)]]></document>
		<document><![CDATA[@AM730Traffic Van on fire on Hwy 91 is almost cleared, traffic moves much quicker once your past it.]]></document>
		<document><![CDATA[“@Aleksandwiches: What a long day. Exhausted.” awe muffin &lt;3]]></document>
		<document><![CDATA[Rasta Racer #drift #corolla #ae86 #f440driftnights #deathsquad #neptuneD http://t.co/pzoGrRxM]]></document>
		<document><![CDATA[The #lowgacy found a friend. #nissan #300zx #subaru #legacy #turbo #hardparked http://t.co/UxjSQci6]]></document>
		<document><![CDATA[A little sneak peak of the wheels going on the subie, 17x9.5 :D  #Subaru #legacy #turbo #Deathsquad #gotstan http://t.co/z22fzGuD]]></document>
		<document><![CDATA[Aaaand another one. I like this one cuz of the wagon in the background! #Subaru #legacy #turbo #Deathsquad  http://t.co/W0M4xlhT]]></document>
		<document><![CDATA[Finally a half decent picture of the new whip #Subaru #legacy #turbo #Deathsquad  http://t.co/wrUluxbH]]></document>
		<document><![CDATA[Just trying out this new app! #bmw #2002 #Snapseed http://t.co/H3dY4PVW]]></document>
		<document><![CDATA[#Subaru I finally know what all the hype is about.  #turbo #awd #legacy #4doorsformorewhores http://t.co/TtRxZn8Q]]></document>
		<document><![CDATA[Lol gotta love murphy's law! #e32 #BMW #ACTRonal http://t.co/MxPoyhGY]]></document>
		<document><![CDATA[Not the best way to start a Wednesday. #e30 #towtruck #fuckwednesdays http://t.co/o06BTKTB]]></document>
		<document><![CDATA[Atleast it's a nice morning to breakdown.... #FML http://t.co/dvGsMO9j]]></document>
		<document><![CDATA[Welcome to America #walmart #beer http://t.co/OSKgfKmn]]></document>
		<document><![CDATA[New stickers for the laptop! #slamburglars #keepdriftingfun #zeroclearance http://t.co/Jx6Tlb7v]]></document>
		<document><![CDATA[YAY my stickers and steering rack spacers! #slamburglars #driftmods http://t.co/c9XOrOsT]]></document>
		<document><![CDATA[Looking for a place that sells good quality reproduction fabric. Want to re-upholster a spare interior I have :) #e30 #recaro #deathsquad]]></document>
		<document><![CDATA[Really been wanting get another simple daily, and slam it. This legacy has great potential http://t.co/jU5liMwL]]></document>
		<document><![CDATA[I want this cake for my birthday! #hellokitty http://t.co/9jBnEZth]]></document>
		<document><![CDATA[Coolest civic I've ever seen #classicjap #Honda #civic http://t.co/c9pUGu3R]]></document>
		<document><![CDATA[SICK skyline at the all classic Japanese car meet. http://t.co/YU4Um8g5]]></document>
		<document><![CDATA[Took this for Mike because he loves his cherry blossoms! #classicjap #bmw  #deathsquad  http://t.co/09CHUghw]]></document>
		<document><![CDATA[@Aleks Efromov won this tonight at #revscene, thought I should have it &lt;3 http://t.co/PPysowWf]]></document>
		<document><![CDATA[Wish you were here buddy!! @padraigmk3 #deathsquad  http://t.co/SSBz11hP]]></document>
		<document><![CDATA[Can't wait to get my #griproyal steering wheel #s14 #deathsquad http://t.co/TANt70RW]]></document>
		<document><![CDATA[#oldschool war era style #airplane #vintage http://t.co/k8vbs3N7]]></document>
		<document><![CDATA[Roll HID fogs only. Sup? http://t.co/UZi7b85q]]></document>
		<document><![CDATA[Kents e21 with the coils wound all the way down#oldschool #slammed http://t.co/PwoJPUz7]]></document>
		<document><![CDATA[Oh how I wish I was out there... :( #sunshine #stuckatwork http://t.co/I3GMuqSI]]></document>
		<document><![CDATA[Ready for take off!  http://t.co/IoUuwcEz]]></document>
		<document><![CDATA[Now boarding AC flight 1342 #ilovemyjob  http://t.co/VvCsKKuT]]></document>
		<document><![CDATA[“@GaelenN: Would anyone be interested in an event like NissanFest in Canada? Do you really even have to ask.Count me in for volunteer/media!]]></document>
		<document><![CDATA[@thedeathsquad awwe yeah. Add that to my #portfolio #deathsquad #LineaSports]]></document>
		<document><![CDATA[@thedeathsquad I took that picture of you "inspecting the wheel" :D pro #photographer right up in that bitch #LineaSports]]></document>
		<document><![CDATA[@thedeathsquad Ride til we die, #deathsquad for life #topdown cruisin, pickin up tha ladies.]]></document>
		<document><![CDATA[Say hello to the president trophy winners!! http://t.co/r5OPKIAP]]></document>
		<document><![CDATA[Canucks warming up!  http://t.co/6ye2lzyE]]></document>
		<document><![CDATA[Canucks game! #Canucks #NHL http://t.co/4e31ptl5]]></document>
		<document><![CDATA[Going to my first #Canucks game tonight!!! Gunna be awesome. @VanCanucks #NHL #bringhomethestanleycup]]></document>
		<document><![CDATA[Holy Shit!! So badass http://t.co/sm0sXDSe #hotrod #craigslistfinds #wagonlover]]></document>
		<document><![CDATA[Ferdinand Porsche Dies at age 76 :( http://t.co/JPvjc9nh #porsche #legacywillliveon]]></document>
		<document><![CDATA[Just posted a photo http://t.co/rMFpdYY7]]></document>
		<document><![CDATA[WAY too nice outside to be working #firstworldproblems #sunshine #vancouver]]></document>
		<document><![CDATA[@thedeathsquad love the pic of the wheels you took, fuck I wish we could have gotten them all done today #deathsquad]]></document>
		<document><![CDATA[@canibeatcom That Ice cream van is SOOOO FUCKING RAD.]]></document>
		<document><![CDATA[Happy St. Patties Day Everyone! Too bad I'm working late tonight :'( #stpatricksday #workmakesmehavenolife]]></document>
		<document><![CDATA[I think I may have spoken too soon, come on #Canucks you gotta win this one #igotfaith]]></document>
		<document><![CDATA[#Canucks are playing well tonight, I have a good feeling about this game! JUST SCORED AGAIN AS IM TYPING THIS #Vancouver #Canucks]]></document>
		<document><![CDATA[All editing and videos done! Phew! Check out all the new footage from cell block D 21 at my YouTube, http://t.co/vsfMYRsg #CellblockD]]></document>
		<document><![CDATA[#Vancouver weather is just retarded some days! It was almost 10-12 degrees yesterday and now it's snowing... Stupid weather system.]]></document>
		<document><![CDATA[For all your coverage of #Cellblock D21 check out my Flikr! http://t.co/OAvLFp4D]]></document>
		<document><![CDATA[Work today :( #permanentvacation?]]></document>
		<document><![CDATA[Why can't money grow on trees? Oh wait it does... Grow op anyone?? Lol #everyoneneedsmoremoney]]></document>
		<document><![CDATA[I wonder what Hipsters do during Christmas? It's too mainstream for them to celebrate even if Santa himself is a hipster.” @brettfalc]]></document>
		<document><![CDATA[#bestgiftever  from my gf &lt;3 ipad2 what up]]></document>
		<document><![CDATA[Lil Wayne for #BestRapperOf2011]]></document>
		<document><![CDATA[@BrettFalc I don't hate twitter I just hate you #trending all over everything haha. Keep it on here and we wont have any issues ;)]]></document>
		<document><![CDATA[Wants to see #30secondsorless on Friday]]></document>
		<document><![CDATA[At #CelebrationOfLight so stoked for the #Fireworks!]]></document>
		<document><![CDATA[Bored, thinking about renting a movie... Anything good out?]]></document>
		<document><![CDATA[After #vancouver is done with #boston they'll be the ruins not bruins!]]></document>
		<document><![CDATA[@Pyrobooby  Did you make the sex with selena gomez??!!]]></document>
		<document><![CDATA[deadrat6 is horrrrrible (@deadmau5 live at http://ustre.am/L0l )]]></document>
	</documents>
</author>