<author lang="en">
	<documents>
		<document><![CDATA[You just met the fucking prick, phone him yourself, you lazy shite https://t.co/FlA470u1uF]]></document>
		<document><![CDATA[Should we march and protest outside Leinster House against Trump, #MuslimBan and Enda's gutless inaction?]]></document>
		<document><![CDATA[I'd like to report this tweet - it made me laugh and throw up at the same time https://t.co/XAAd809OiO]]></document>
		<document><![CDATA[Gets unbelievably fucking illegal and immoral- how about that as a headline? https://t.co/d9Sw1UovEt]]></document>
		<document><![CDATA[@Number10gov and a regime it is. Be ashamed to hold his hand.]]></document>
		<document><![CDATA[@Number10gov Teresa May - you evil fucking degenerate, the history books will note your cosying up to this terrible fucking  regime.]]></document>
		<document><![CDATA[Hey @CNN, you know you're showing an old photo from an anti-choice March in Dublin - that's not happening today. https://t.co/XiuFRkXHHr]]></document>
		<document><![CDATA[Fantastic shot @sashaface https://t.co/hAIpRIOLun]]></document>
		<document><![CDATA[BREAKING: Kim Jong-un invites mates over to his cold flat to show off purple sofa and flatscreen. https://t.co/whehRMN0tc]]></document>
		<document><![CDATA[@GettyCreativity @jz_photo @GettySport using a shot from a male photographer tho... 😐]]></document>
		<document><![CDATA[Great example on how the media needs to phrase their journalism on DJT - calling out his bullshit day in, day out https://t.co/cg0v0Xfj3R]]></document>
		<document><![CDATA[Ahahahah! Poor David. You and Piers deserve each other https://t.co/zZz4zb56Qc]]></document>
		<document><![CDATA[The music coming from the #TrumpInauguration sounds like a mix of Home Alone and Murder She Wrote]]></document>
		<document><![CDATA[BREAKING: Barack Obama's Oval Office letter to Trump revealed #TrumpInauguration https://t.co/86EOWFV8K1]]></document>
		<document><![CDATA[Used Russian bedsheets https://t.co/6MNNgo4GQt]]></document>
		<document><![CDATA[I don't think I've ever laughed so hard and felt so guilty about it https://t.co/PZHNXSRKPw]]></document>
		<document><![CDATA[This looks like a list of shop fronts in a small Iowa town #Inauguration https://t.co/q2fc2Kcfjo]]></document>
		<document><![CDATA[They're not hugely fond of spelling too https://t.co/K3Wut0QaFD]]></document>
		<document><![CDATA[Officially the best thing I've read on Facebook https://t.co/3eSKe2KpuL]]></document>
		<document><![CDATA[Pitbull Dale - sounds like a rough estate in Nottingham https://t.co/hMh1RxVNBY]]></document>
		<document><![CDATA[It's easy for Ray, his head is one https://t.co/qqfOjMzICp]]></document>
		<document><![CDATA[Major fucking roflcoptor https://t.co/XZXYCQVZHr]]></document>
		<document><![CDATA[@OwensDamien I just woke up with kompromat all over me]]></document>
		<document><![CDATA[This thread is.......incredible. https://t.co/SLVmIwCgOA]]></document>
		<document><![CDATA[No wonder your face is so orange, Trump, you sly piss-monger #goldenshowers]]></document>
		<document><![CDATA[Can't...stop....watching https://t.co/xTTcVI1qkE]]></document>
		<document><![CDATA[@alexjdsmith my eyes hurt]]></document>
		<document><![CDATA[Can't wait for Drive 2 https://t.co/nRqrQctR2h]]></document>
		<document><![CDATA[Looking for a vintage wooden table top for a flat lay food shoot this week, #Dublin based, #photography DM me!]]></document>
		<document><![CDATA[A piece of shit, called Nigel, on fire https://t.co/L4fvwhx2ey]]></document>
		<document><![CDATA[Here's to 2017 not being as much of a steaming pile of fuckery as 2016 💩]]></document>
		<document><![CDATA[@FionnualaJay now? Or next week?]]></document>
		<document><![CDATA[Looking for 2 x Jackson Browne tickets for Dublin as anniversary gifts #ticketfairy @SongsofJBrowne]]></document>
		<document><![CDATA[Follow @womenphotograph and support diversity and #womenphotographers]]></document>
		<document><![CDATA[@womenphotograph a very important and well articulated discussion. 🙌]]></document>
		<document><![CDATA[Any peeps out there have a nice wooden table for food promo shoot in Dublin next week?]]></document>
		<document><![CDATA[This could very well be one of the best twitter interactions ever https://t.co/bMRA18Fmdy]]></document>
		<document><![CDATA[The queen was right when she once talked about a horrible anus #2016]]></document>
		<document><![CDATA[@Nigel_Farage you are the worst kind of scum, berating a man in grief. Go and fuck off to the States where you belong.]]></document>
		<document><![CDATA[@AdamBuxton great, been listening to last year's in preparation 👍]]></document>
		<document><![CDATA[@LucyWhiteDublin saw a cavalcade of motorcyclists near Clontarf a bit ago...bunch a honking there 😉]]></document>
		<document><![CDATA[Unspeakable - this world has become vile. We should be ashamed of ourselves. https://t.co/h1CQ99isxV]]></document>
		<document><![CDATA[@ryanmasonimages sorry it took for-everr to get it to you...😉]]></document>
		<document><![CDATA[In The Picture: Du Jingze, Painter https://t.co/xR2XaJ5lL0 via @rte]]></document>
		<document><![CDATA[@ciarakellydoc @GCraughwell here's Dr Kelly, putting the lid on people's nonsense again. https://t.co/BZ3kS0tN3k]]></document>
		<document><![CDATA[I was honoured earlier this year to photograph incredible musician and good friend Tom Hill as… https://t.co/a0c1TsSMia]]></document>
		<document><![CDATA[This 6yr old just nailed this year in American politics https://t.co/iG6tdftBwl]]></document>
		<document><![CDATA[Ode to Lesbos, the villagers who helped refugees – in pictures https://t.co/m5zUjhBQgd]]></document>
		<document><![CDATA[What an incredible photograph #AAGill https://t.co/qMz4YFa9eb]]></document>
		<document><![CDATA[RTÉ Radio 1: Documentary on One- Mayo Boy, Vietnam Hero https://t.co/RJ0J57yKP5]]></document>
		<document><![CDATA[@MaxFerguson_ @FTMag @FT @google and with fantastic writing by @sallyhayd 🙌]]></document>
		<document><![CDATA[I've some photographs in today's @ft_weekend magazine - they have a special edition featuring their new Hidden Citi… https://t.co/0eKEhwlxjb]]></document>
		<document><![CDATA[This thread...holy shit https://t.co/Y7jYy86WhS]]></document>
		<document><![CDATA[I shot a bunch of photographs in and around Dublin for ft_weekend newest addition to their… https://t.co/KQ5fXDOAwh]]></document>
		<document><![CDATA[I shot a bunch of photographs for the FT's newest addition to their Hidden Cities - Dublin. https://t.co/ia6Kw3UPVs https://t.co/gAi1mcgAyp]]></document>
		<document><![CDATA[From a recent shoot at organic French bakery Tartine. Their walnut and fig sourdough bread is… https://t.co/ttAF1tZxS2]]></document>
		<document><![CDATA[@milimdotcom thank you!!]]></document>
		<document><![CDATA[But, you know, it's, errr, not the same @campaignforleo https://t.co/XwsxX8StX0 https://t.co/fvzmVZJwjE]]></document>
		<document><![CDATA[From 'and I rose up', a new body of work. I'll be posting some photographs from the work over the next while… https://t.co/fTaAWWPNgq]]></document>
		<document><![CDATA[@harlanerskine yeah he sounds more than embarrassing - frighteningly dangerous.]]></document>
		<document><![CDATA[@harlanerskine and this only a year after we voted to make same-sex marriage legal. Pence would've lost his shit at that.]]></document>
		<document><![CDATA[@harlanerskine this - https://t.co/X1miRC69eI]]></document>
		<document><![CDATA[@ClaraJeffery you should see the state of our country's prime minister...]]></document>
		<document><![CDATA[Seriously disgusted by this. How? Why? Be totally fucking ashamed of yourself @EndaKennyTD https://t.co/X1miRCnKDi]]></document>
		<document><![CDATA[Jesus fucking christ, you are fucking done for this country. Get out. https://t.co/X1miRCnKDi]]></document>
		<document><![CDATA[Looks pretty successful to me https://t.co/960QNLH1Xn]]></document>
		<document><![CDATA[@JoeyKavanagh_ @FemmoFilmFest ahh thanks man. It's a lovely piece. Huge credit to the director and dop for making my job easier 👍]]></document>
		<document><![CDATA[Lee's work is incredible. Congrats. https://t.co/hYWRcRRaOm]]></document>
		<document><![CDATA[Rofl-fucking-copter https://t.co/2z9PRzIKer]]></document>
		<document><![CDATA[Imagine seeing this headline in 2012 https://t.co/j4W3HcyJfC]]></document>
		<document><![CDATA[@EmerTheScreamer don't know why but it kinda reminds me of this... https://t.co/dd4FXJwSqc]]></document>
		<document><![CDATA[Thanks to @sarahfishlock for this fantastic publication. Fantastic photography.

@sarahfishlock… https://t.co/WBMHDar3aU]]></document>
		<document><![CDATA[The time you double dated and the girls fucked off for a dance https://t.co/3aGkONZkmG]]></document>
		<document><![CDATA[Obama, thinking back to the time he welcomed Fanta Face into the White House https://t.co/csSwM8ZQsM]]></document>
		<document><![CDATA[He's not in Ireland, you tool. https://t.co/UFHW2abLGD]]></document>
		<document><![CDATA[That clown mixes up 'controversial talk show host' with total fucking idiot. https://t.co/99rNOYedVP]]></document>
		<document><![CDATA[Super realistic?! Christ almighty #prayfordollface https://t.co/TyUSN2qAzv]]></document>
		<document><![CDATA["Honey I just murdered someone and the room is a mess. Left the tv on too" https://t.co/J8Scdr8luD]]></document>
		<document><![CDATA[Recent commissioned photography for TV #onassignment #photography https://t.co/hVr3WyONXu]]></document>
		<document><![CDATA[So much chaos, so much scary https://t.co/hITbcVojwv]]></document>
		<document><![CDATA[@McDonnellRoss looks incredible. And heartbreaking.]]></document>
		<document><![CDATA[@MichaelOKelly1 @MattressMenFilm @KerryFilmFest @colm_quinn looking forward to catching it.]]></document>
		<document><![CDATA[Wait, isn't that called rape? https://t.co/gFbelkP1hZ]]></document>
		<document><![CDATA[They also spelt truth wrong LAME https://t.co/bTZ8y92DrE]]></document>
		<document><![CDATA[Check out 'Perigee' by @pgaffneyphoto at @GOP_Ireland - one of the best exhibitions I've seen in ages. https://t.co/QN4kYuAKxO]]></document>
		<document><![CDATA[Looking for 2 M&amp;F actors in 50's/60's for simple, no dialogue promo video. Dublin City based. Hit me up! @Gaietyschool @filmbase]]></document>
		<document><![CDATA[Una Mullally: Yet another budget leaving  tenants out in the cold https://t.co/ZUXv0IkW8H via @IrishTimesBiz]]></document>
		<document><![CDATA[@miguelmyriad delicious yokey drug brain]]></document>
		<document><![CDATA[It could easily be the Budvar, but this quote is messing with my brain hole https://t.co/I4hVjOkWdR]]></document>
		<document><![CDATA[@BeaBallinger things have gone bananas here]]></document>
		<document><![CDATA[Fuckin hell Sligo, calm down mate https://t.co/A5t5JZEA4a]]></document>
		<document><![CDATA[Looking for 4 actors for simple, dialogue-free video shoot next week in Dublin city. 25-45, M &amp; F, any ethnicity. Msg me.]]></document>
		<document><![CDATA['Healy described the Irish 'No equality' campaign as "brutal, divisive and hurtful"' https://t.co/GKlNcCB3Xq]]></document>
		<document><![CDATA[Yep, whilst foreign doctors saving lives in the UK - 'get the fuck out' https://t.co/Rrt1Qfaj4P]]></document>
		<document><![CDATA[Such a fantastic actor. https://t.co/M6YR9z1iEx]]></document>
		<document><![CDATA[Seems totally understandable https://t.co/KzUjVYD9bp]]></document>
		<document><![CDATA[My snap of the President 😀 https://t.co/NNyVbbnPPC]]></document>
		<document><![CDATA[@ConorHorgan @katehorgan thanks Conor but got sorted for the 7! Hope you're well.]]></document>
		<document><![CDATA[Recent travels #photography https://t.co/p8sPG5NwP6]]></document>
		<document><![CDATA[@CiaranCass Hey Ciaran, is it possible to get a follow for a DM? Thank you.]]></document>
	</documents>
</author>