<author lang="en">
	<documents>
		<document><![CDATA[Fake news though, right? 🙄 https://t.co/JLoA8Bz73N]]></document>
		<document><![CDATA[Is that the point? No. https://t.co/e2iQqWGR73]]></document>
		<document><![CDATA[Bought a car yesterday. Went hypo and had food poisoning at paperwork time. #notfun #truestory 🤢]]></document>
		<document><![CDATA[Shut it, Newt! If U and your pharma funded political buddies have your way, diabetes will kill me a lot sooner than… https://t.co/ZS7NhdQC0w]]></document>
		<document><![CDATA[@olsenphil That is as complimentary as I get.]]></document>
		<document><![CDATA[Guess they'll have to be anonymous...just like his inner circle of frustrated minions. @SMShow https://t.co/YFfoArLiyh]]></document>
		<document><![CDATA[@Kidfears99 @juliaboss5 @MelindaMWedding ...so they're trying to keep your company's #s low by killing you off?]]></document>
		<document><![CDATA[Congratulations, Patriots. You will always hold a special place in my large intestine.]]></document>
		<document><![CDATA[@Kidfears99 I need to see that shirt you were wearing.]]></document>
		<document><![CDATA[Fox News is totally Baghdad Bobbing the #WomensMarch No coverage whatsoever. 🙄]]></document>
		<document><![CDATA[@Kidfears99 @grifgrips I'm going with the howling wolf myself.]]></document>
		<document><![CDATA[@TechnicallyADoc @ddale8 I lose a little more faith in humanity each passing day.]]></document>
		<document><![CDATA[@Jandelliott How much is a vial of Humalog in 🇨🇦?]]></document>
		<document><![CDATA[Today's lesson in irony. https://t.co/nI5ztpU1GE]]></document>
		<document><![CDATA[@StephenRichar10 I think your Twitter was hacked, my man.]]></document>
		<document><![CDATA[@TraFabUlous Oh, I see. Unfriend me on FB and follow me on Twitter. 🤔]]></document>
		<document><![CDATA[@Kidfears99 Are the G4 and G5 transmitters interchangeable?]]></document>
		<document><![CDATA[@marinamaral2 Just wait. I'm sure they'll be available at Macy's in about a month.]]></document>
		<document><![CDATA[How Meth Cat feels about Tom Brady. https://t.co/euM7GPbwMY]]></document>
		<document><![CDATA[@ShaunKing @NYDailyNews Any sociology professors care to comment?]]></document>
		<document><![CDATA[@nickinichols21 @Fahrenthold @Khanoisseur Read "The Making of Donald Trump" by @DavidCayJ]]></document>
		<document><![CDATA[@grumpy_pumper @oddhogg "Cooked an awesome baby" will be the funniest thing I read all day. 😂]]></document>
		<document><![CDATA[@MarkWarner Diabetics are being exploited by Big Pharma in order to live. You turned your back on us. You let your constituents down.]]></document>
		<document><![CDATA[@SenatorTester Diabetics are being extorted by criminally high insulin prices. You turned your back on us. Where are your Democratic values?]]></document>
		<document><![CDATA[@SenatorHeitkamp Diabetics are being extorted by Big Pharma in order to live and you turned your back on us.#Insulin4all]]></document>
		<document><![CDATA[@SenatorMenendez You took campaign $ from @Merck and then 👎 the Sanders Amendment. Coincidence?]]></document>
		<document><![CDATA[@MartinHeinrich You took $ from @pfizer and 👎 the Sanders Amendment. Are you just another crooked politician? Where's your values?]]></document>
		<document><![CDATA[@SenCoonsOffice Do you care more about $ from @Amgen and   DuPont than you do about the citizens of your state and country?]]></document>
		<document><![CDATA[@SenBobCasey Why vote against the Sanders Amendment? Do you not care about Americans being able to afford life sustaining medications?]]></document>
		<document><![CDATA[@SenatorCarper Any coincidence between your 👎 of the Sanders Amendment and you receiving $ from @pfizer and @AstraZeneca ?]]></document>
		<document><![CDATA[@SenatorCantwell Disappointed you 👎 the Sanders Amendment. Why? Look at the criminal pricing of meds like insulin. Do you care?]]></document>
		<document><![CDATA[@SenBennetCO You take $ from @Amgen so you 👎 the Sanders Amendment...turning your back on hard working Americans. Nice Democratic values.]]></document>
		<document><![CDATA[@SenDonnelly Eli Lilly lines your pockets, so you turn your back on Americans who are price gouged for meds. Nice democratic principles.]]></document>
		<document><![CDATA[@CoryBooker Since you're so concerned about people being mistreated, look at how diabetics are extorted by Big Pharma regarding insulin.]]></document>
		<document><![CDATA[Good to know. Never going to purchase any of their merchandise. https://t.co/QvIrOc27fy]]></document>
		<document><![CDATA[@diabeteshf Is the issue efficacy and a real need for new insulins or is it accessibility to the ones that already exist? #Insulin4all]]></document>
		<document><![CDATA[@RxPricing @MelindaMWedding But you can get it 40% off with $0 going towards your deductible. #LillyCares #Sarcasm]]></document>
		<document><![CDATA[@NMLeahy @fwpharma I'm sure he does.]]></document>
		<document><![CDATA[@deray Apparently, Trump's not anti-leak. Am I right?]]></document>
		<document><![CDATA[Yeah. I bet that'll be productive. 🙄 https://t.co/LCLvVlqymB]]></document>
		<document><![CDATA[@LillyPad @NastyTaty @blinkhealth Nobody believes that is an adequate solution 2 your inflated insulin prices. Admit UR greed. #Insulin4all]]></document>
		<document><![CDATA[@RichandBennett That's a lot of Carlton's! https://t.co/yc4auufOdV]]></document>
		<document><![CDATA[What?! 🤣 You f'ing idiot! https://t.co/NBGDPDkcqc]]></document>
		<document><![CDATA[@deray @BostonGlobe Not exactly the kind of journalism that inspired "Spotlight."]]></document>
		<document><![CDATA[Why is nobody questioning the TSA on this airport shooting? Hell, I couldn't get a bottle of hot sauce on a plane once.]]></document>
		<document><![CDATA[Yep. Hard to accomplish your dreams when you're financially crippled, physically crippled or dead. https://t.co/lfd2y6pHZE]]></document>
		<document><![CDATA[Holy hell, that's amazing! 😂 https://t.co/jNMLmm1qro]]></document>
		<document><![CDATA[@Kidfears99 @Bryan__Anderson Sorry. I'm the only T1D I know around here and I'm central FL.]]></document>
		<document><![CDATA[@BrendanNyhan @Fahrenthold @washingtonpost @JenniferJJacobs I believe she was a Florida elector too.]]></document>
		<document><![CDATA[@SMRob0 Nope. All topics are off limits on all @LillyDiabetes media except recipes, NASCAR &amp; diabetes related cardiac issues. #Insulin4all]]></document>
		<document><![CDATA[In case you wanted to know, Manny...they apparently can't discuss insulin price gouging on this forum either.… https://t.co/XGFJbjlrP1]]></document>
		<document><![CDATA[Did you see all of the feedback from people who realized this was an inadequate measure when you launched this garb… https://t.co/tIfRogPRVK]]></document>
		<document><![CDATA[Stop Jeff Sessions! https://t.co/Q6GJo1i6N1 #StopSessions @moveon]]></document>
		<document><![CDATA[@the_only_abi @gbdoc I set mine to 180. This is to try to prevent it from going too far over 200 on an upswing.]]></document>
		<document><![CDATA[Yes! This 👇 https://t.co/nsHczeudND]]></document>
		<document><![CDATA[@Kidfears99 @DeborahHealy_ Ya'll gonna have to pardon me tonight. Got my grumpy, cynical pants on and they're tight in the waist. 😖]]></document>
		<document><![CDATA[@Kidfears99 @DeborahHealy_ Just look at the relationship between our new VP and Eli Lilly.]]></document>
		<document><![CDATA[@DeborahHealy_ @Kidfears99 Nor should you. It's just going to be much more of an uphill battle after this past election.]]></document>
		<document><![CDATA[@DavidCayJ had this yesterday. https://t.co/IzmezTMbGA]]></document>
		<document><![CDATA[@DeborahHealy_ @Kidfears99 Not really thinking this new Congress is going to be too concerned with the plights of average Americans.]]></document>
		<document><![CDATA[@Kidfears99 Ha! Thanks. It's from my LinkedIn profile. Then I used the Prisma app.]]></document>
		<document><![CDATA[@DiscomDiabetic @AdrianLong3 @diabetes_geek Yes!!!!!!! #BTH 🌺🍑🔨]]></document>
		<document><![CDATA[@mikealelliott @iHeartMiko Oh, I know his hops are ridiculous. Just curious what the number was.]]></document>
		<document><![CDATA[@therachelmayo Not fast acting like Humalog or Novolog then. I think I used to use Relion 70/30 back in the day. $15/vial.]]></document>
		<document><![CDATA[@therachelmayo Is there such a thing as fast-acting Wal-Mart insulin?]]></document>
		<document><![CDATA[@iHeartMiko Do you know what Brent's vertical leap is?]]></document>
		<document><![CDATA[Thank you everyone in the #DOC and #GBDOC for the support and comradery this year. You all make diabetes less sucky.]]></document>
		<document><![CDATA[@TechnicallyADoc Yeah, I hear you. If only Amanda Nunez was 70 years old and orange...]]></document>
		<document><![CDATA[@TechnicallyADoc No need to be angry to appreciate the UFC. Just saying. 😉]]></document>
		<document><![CDATA[Love seeing a fellow type 1 diabetic turn 80. Gives me hope maybe I can too. #DOC https://t.co/sbwJCZ1DRU]]></document>
		<document><![CDATA[Maybe because the ideas were imagined in the 1970's. https://t.co/OrO5KEbYgw]]></document>
		<document><![CDATA[@RapSheet @ProFootballTalk Wait...what about the Hefty Lefty (Jared Lorenzen), a folk hero amongst the metabolically challenged.]]></document>
		<document><![CDATA[@daniellegrace56 You using the phrase "old school Jonas Brothers" makes me feel really, really old.]]></document>
		<document><![CDATA[@mindy_bartleson Thanks for helping spread the word on the insulin price gouging issue. #Insulin4all]]></document>
		<document><![CDATA[Working on Christmas Eve and the A/C in the office isn't working. My Christmas spirit is on life support. 😡]]></document>
		<document><![CDATA[@nickinichols21 Oh crap!!]]></document>
		<document><![CDATA[@JSirrine True, but in an absurdly jacked up 2016; the efforts of the Browns have kept us tethered in reality. For that, I thank them.]]></document>
		<document><![CDATA[@GilmerHealthLaw @Kidfears99  Yep. It cost me $19.25 to live yesterday. That's more than what one vial cost me in the 90's.]]></document>
		<document><![CDATA[I'm such a dork for this kind of stuff! 😆 https://t.co/nLex7z27TV]]></document>
		<document><![CDATA[Able to get one more 3-month supply of Humalog filled before the end of the year. Whew. Huge relief!]]></document>
		<document><![CDATA[@Pancreassassin How have you been doing with burnout and all?]]></document>
		<document><![CDATA[@TechnicallyADoc @novonordiskus ...but they have a bunch of inspiring guys on bicycles. 🙄]]></document>
		<document><![CDATA[@Kidfears99 and a quarter per hour basal]]></document>
		<document><![CDATA[This is exactly right. https://t.co/4staOkgUF4]]></document>
		<document><![CDATA[@T1Diananana I use like 3 alcohol wipes. Get my skin dry as possible. I also use benzoin compound too sometimes. It's for ostomy sites.]]></document>
		<document><![CDATA[@T1Diananana Huh. I live in FL and the only time that happens to me is when it's too humid.]]></document>
		<document><![CDATA[@T1Diananana Question: Do you use lotions and moisturizers? I've often wondered if they affect the adhesion of these things.]]></document>
		<document><![CDATA[@TechnicallyADoc There's a song on YouTube where someone changes the lyrics of the scenarios in the song to actually be ironic.]]></document>
		<document><![CDATA[@philreeduk @JDRFAdvocacy I did read it. I agree with your stance. Thanks for your support.]]></document>
		<document><![CDATA[@JDRFAdvocacy Hey guys. Anyway you could advocate lower insulin prices for everyone? Not sure if you know, but it's an issue. #insulin4all]]></document>
		<document><![CDATA[@DSCommunity I gratefully accept the hassle of my diabetes tech. I realize many need it, but can't afford it.]]></document>
		<document><![CDATA[I'm your typical white guy, but I don't care. I'm dancing anyway. My A1c was 5.7! Thanks, @dexcom]]></document>
		<document><![CDATA[In times like these, I must find joy in small places...like seeing a 🚗with a Trump sticker &amp; the driver not wearing a seat belt. #NeverTrump]]></document>
		<document><![CDATA[@klewing I hear you. I go through about 5 pump clips per year. 😕]]></document>
		<document><![CDATA[@carobanano At least Ned Stark knew how to swing a sword. 😕]]></document>
		<document><![CDATA[@JoyAnnReid @realDonaldTrump 😂 Irony defined!]]></document>
		<document><![CDATA[Not to be petty, but BASAGLAR sounds like a Power Rangers villain or something. How do they contrive these drug names?]]></document>
		<document><![CDATA[@mj_asweetlife Have they improved? Glucose tabs were always like an insult to a hypoglycemic injury to me. Would rather opt 4 Sweet Tarts.]]></document>
		<document><![CDATA[Yes! Everyone needs to read this thread! 👇 https://t.co/1ewBNM5Btw]]></document>
		<document><![CDATA[Edit: A slightly cheaper version of the price inflated lifesaving diabetes medication just launched in the US. https://t.co/XsXsp8qMtN]]></document>
	</documents>
</author>