<author lang="en">
	<documents>
		<document><![CDATA[Friendly reminder that auditions for The Crucible are Monday from 4-7 at the Lindley Center-- we need people of all ages! DM for more info 🎭]]></document>
		<document><![CDATA[@j_ssicag_mez tame impala has been one of my new obsessions!! 😭🙌 glass animals too.. will definitely check out some of these guys though! 🙏]]></document>
		<document><![CDATA[@hannuhdunlap we were oN SOME BONNIE AND CLYDE SHIT KEPT THE BLUNTS ROLLED ALWAYS LET YOU TAKE THE FIRST HIT WHEN THE FEDS CAUGHT US I SAI]]></document>
		<document><![CDATA[I've been finding so much good music lately and I love it so hmu with recommendations! 🎧🎶]]></document>
		<document><![CDATA["I was so mad. And I said well.. eat shorts" - @hannuhdunlap]]></document>
		<document><![CDATA[Leave it to me to fall UP the stairs at LC]]></document>
		<document><![CDATA[Go watch the documentary "Happy" if you're having a bad day or just need inspiration 🙌 I promise it'll help!]]></document>
		<document><![CDATA[@hannuhdunlap ok but her contact pic 🤣🤣🤣]]></document>
		<document><![CDATA[I remember being a 4th grader watching Obama's inauguration in wings class. Now I'm at DQ watching Trump's and weeping on the inside lol!!!!]]></document>
		<document><![CDATA[Update: tent has arrived
@hannuhdunlap]]></document>
		<document><![CDATA[@courtney_kalman lolol she likes to sit next to it 😁😍]]></document>
		<document><![CDATA[If you drive by my house at any hour of the day there's an 85% chance you'll see Melon in my bedroom window]]></document>
		<document><![CDATA[@denny_krista02 @erinshibe youtube dude! It's free and you have hundreds of things to choose from]]></document>
		<document><![CDATA[5 year old Hannah was an actual artist https://t.co/73r50QrvZP]]></document>
		<document><![CDATA[I almost just impulse-bought a tent.... goodnight]]></document>
		<document><![CDATA[So basically: my house is haunted]]></document>
		<document><![CDATA[@DukesCare how have I not seen this until now?! Thank you whoever you are 🙏💕😁]]></document>
		<document><![CDATA[Good luck to everyone headed to Atlanta for jtf!! Your show was amazing and I know you'll all kick ass 👏🎭 @OldeTowneHall]]></document>
		<document><![CDATA[I'm wearing my contacts and hair up and I've never looked more like an egghead]]></document>
		<document><![CDATA[Finally hung up this beautiful world map above my bed and I love it! A gift from @hannuhdunlap.. thank you 😊 https://t.co/oUAu6hrhD4]]></document>
		<document><![CDATA[Last call for these clothes.. I'm donating the rest v soon]]></document>
		<document><![CDATA[I need to STOP playing the uke at night bc I will not sleep lmao]]></document>
		<document><![CDATA[We kind of rock 👨🏼‍🍳 https://t.co/DAhVv0VaHT]]></document>
		<document><![CDATA[Thankful to have such a caring, loyal person to learn and grow with 🙏❤ @hannuhdunlap]]></document>
		<document><![CDATA[I just played my ukulele for the past 4 hours straight lol why ab why]]></document>
		<document><![CDATA[So thankful everyday but today especially 🙏 happy holidays!!]]></document>
		<document><![CDATA[A few years late there, bud]]></document>
		<document><![CDATA[Money is a man made concept and doesn't control you!!!! It doesn't get to tell you what you can / cant do in life!! Only YOU have that power]]></document>
		<document><![CDATA[Ya'll.... can do...... anything... you want in life. Literally anything. don't let anybody make you feel stupid, incapable, not worthy, etc.]]></document>
		<document><![CDATA[@k8lyngarrett too soon my friend 😂😭😬]]></document>
		<document><![CDATA[I'll admit I wasn't the most fashionable jr high kid, but something is always better than nothing 👍]]></document>
		<document><![CDATA[If you know of any girls who could use some extra clothes, please message me! Going thru some stuff and I have a ton of old shirts to donate]]></document>
		<document><![CDATA[So excited to learn the ukulele 😌🎵]]></document>
		<document><![CDATA[We all have our issues ok https://t.co/XruIUzGqmj]]></document>
		<document><![CDATA[@StanleyMichael_ tomorrow is mine and han's last day before break and we have like a whole month off so let's make plans pls]]></document>
		<document><![CDATA[@hannuhdunlap @rlynn0976 fun fact: this is Hannah's new contact pic https://t.co/UazX4sUcBs]]></document>
		<document><![CDATA[MY THEME SONG https://t.co/zc2dCumY3j]]></document>
		<document><![CDATA[update: just bought tickets lol that didn't take long @hannuhdunlap]]></document>
		<document><![CDATA[ONE OF MY new favorite bands is on tour w one of my all time fav bands WHAT]]></document>
		<document><![CDATA[When bae is gone for the week 💔 https://t.co/wjVOyhY3B4]]></document>
		<document><![CDATA[Everyone watch this when you have the time PLS https://t.co/1KWsZPLD8i]]></document>
		<document><![CDATA[I never thought it would come to this and I'm honestly terrified for my future]]></document>
		<document><![CDATA[Four years of successful gag acts.. gonna miss u STAR 👕]]></document>
		<document><![CDATA[@Miranda_2017 true, which is okay 😊 if you're interested at all tho you should research veganism bc there are so many benefits!!]]></document>
		<document><![CDATA[:) sick of seeing plastic bags outside :)]]></document>
		<document><![CDATA[@Miranda_2017 killed for meat when they can no longer give milk]]></document>
		<document><![CDATA[@Miranda_2017 milk destroys their bodies and they eventually collapse from exhaustion when they can't continue. They're sent to be]]></document>
		<document><![CDATA[@Miranda_2017 no, but on factory farms they are artificially inseminated time after time just to produce milk. Giving such large amounts of]]></document>
		<document><![CDATA[Here's a bit of information in honor of #WorldVeganDay 🌱 https://t.co/nmmHfvXzWF]]></document>
		<document><![CDATA[@rlynn0976 its the thought that counts LMAO love u boo ❤️]]></document>
		<document><![CDATA[Changed my twitter name for one day only #spooky]]></document>
		<document><![CDATA[When u look like a hobbit in your school pics &gt;&gt; #justgirlythings]]></document>
		<document><![CDATA[Did I really just spend $26 on Halloween earrings? Yes, I did.]]></document>
		<document><![CDATA[Fun Home is a new fav 💞]]></document>
		<document><![CDATA[Psych video: "What role do genes play in the formation of personality?"
Han: "Depends on how tight they are" 😂😂😂]]></document>
		<document><![CDATA[Life is so wonderful recently 🌻]]></document>
		<document><![CDATA[The Halloween store was uncomfortably busy for 10am on a Thursday]]></document>
		<document><![CDATA[My room has transformed into a kitten palace within the last 24 hours and i can't even complain 😭❤️]]></document>
		<document><![CDATA[College physics will be the death of me 🙃]]></document>
		<document><![CDATA[😭😘❤️ ur simply the best ok https://t.co/ebMBz5Bk8y]]></document>
		<document><![CDATA[Update: we both arrived but couldn't find each other. We are at different Chipotles.]]></document>
		<document><![CDATA[Drove 1hr7mins to Mentor to meet @rlynn0976 at a Chipotle]]></document>
		<document><![CDATA[OK but this theatre tho]]></document>
		<document><![CDATA[It's week 2 of classes and I already overslept and missed one 🌚]]></document>
		<document><![CDATA[Siberian Breaks will always be the song of all songs 🌛]]></document>
		<document><![CDATA[Also @hannuhdunlap and I have decided when we move out we are adopting two hamsters and naming them Chip and Chafe]]></document>
		<document><![CDATA[If I ask you what a bath bomb does when it's handled you would say it]]></document>
		<document><![CDATA[I am 110% ready to move out]]></document>
		<document><![CDATA[Like if this isn't the definition of high expectations but no financial support then idk what is]]></document>
		<document><![CDATA[At the start of mine &amp; @hannuhdunlap's summer bucket list it says "night swimming" but as you get further down you see "NYC" and "road trip"]]></document>
		<document><![CDATA[Some people are so closed-minded that it makes me not even want to talk about anything ever. Smh]]></document>
		<document><![CDATA[You create your own reality so just do what you want]]></document>
		<document><![CDATA[@erinshibe I'm famous!]]></document>
		<document><![CDATA["Imagine the Earth devoid of human life, inhabited only by plants and animals. Would it still have a past and future?"]]></document>
		<document><![CDATA[@JacobMycek that the managers "should be doing something" when it was clearly out of anyone's control]]></document>
		<document><![CDATA[@JacobMycek the drive thru got very backed up and she got angry with me when I ran her stuff out to her. She claimed it was our fault and]]></document>
		<document><![CDATA[I hope the woman who bitched me out at work has a better day tomorrow 😊❤️😌]]></document>
		<document><![CDATA[Hannah and I bought longboards today and I'm like 85% sure we did it just to catch Pokemon faster]]></document>
		<document><![CDATA[@hannuhdunlap noted]]></document>
		<document><![CDATA[@hannuhdunlap marry me cow eyes]]></document>
		<document><![CDATA[Truly blessed by the PokéGods to have so many stops / gyms right outside my house 😛🙏🙌 https://t.co/afEfn4AAcj]]></document>
		<document><![CDATA[When will people stop being so unhappy with their own lives that they have to end others?]]></document>
		<document><![CDATA[@loganwoodd @Ally_Massey @BenFrashure @Austin_Smith17 I'm sorry in advance]]></document>
		<document><![CDATA[Literally went unconscious after donating blood today. I better have saved a life! 💉]]></document>
		<document><![CDATA[Wishing @rlynn0976 safe travels and an amazing time in Europe!! Gonna miss u boo ❤️]]></document>
		<document><![CDATA[Life is so great lately. No worries whatsoever 😌]]></document>
		<document><![CDATA[@jordan_kastl @valeriefabiana I didn't even know she was coming to cle 😍]]></document>
		<document><![CDATA[HANNAH BOUGHT US HALSEY TICKETS!!!!!!!!!!! 😭😭😭😭]]></document>
		<document><![CDATA[A double shot of espresso probably wasn't my best decision at 8pm lmao]]></document>
		<document><![CDATA[@courtney_kalman @hannuhdunlap sweet!! I'm pumped 😎]]></document>
		<document><![CDATA[@courtney_kalman but warped is about to be LIT]]></document>
		<document><![CDATA[My entire back is sunburnt🖕🌞🖕]]></document>
		<document><![CDATA[But honestly: oreos]]></document>
		<document><![CDATA["Like honestly if you're feeling the need to shed you should just stay home from work"]]></document>
		<document><![CDATA["You wanna lose hair, you're gonna lose customers"]]></document>
		<document><![CDATA[*Hannah finds a hair in food*
"I wonder if as a tip I can just leave a few strands of hair????"]]></document>
		<document><![CDATA[@Ally_Massey I actually liked it too!! Smh]]></document>
		<document><![CDATA[@hannuhdunlap the saddest dish of ice cream ever]]></document>
		<document><![CDATA[DO YOU EVER THINk of a rly nice thing to do for some1 but you panic and by then it's too late and you could've just made their day 😓😓😓]]></document>
		<document><![CDATA[@abrownie_ i doused my room in peppermint oil (supposed to repel them) and smeared it on my walls lol i'm not tryna mess around omg]]></document>
	</documents>
</author>