<author lang="en">
	<documents>
		<document><![CDATA[You want to be there for your friends but it seems like everyo... More for Leo https://t.co/y6doV6N7DA]]></document>
		<document><![CDATA[Went off in a speel there and had to delete it two mins later because I left about 3 words out in the sentence]]></document>
		<document><![CDATA[Need to start reading my tweets before I send them 😐]]></document>
		<document><![CDATA[@JamieBxo hahahaha I haven't got any better since then god love me]]></document>
		<document><![CDATA[My poor car and passengers]]></document>
		<document><![CDATA[Have my full license 2 years now and I still haven't got to grips with driving over ramps, properly rally over them]]></document>
		<document><![CDATA[It's a good thing your plans were penciled in, because you mig... More for Leo https://t.co/y6doV6N7DA]]></document>
		<document><![CDATA[Going to spend the night looking at clothes online even though I've about a fiver to my name #MoneyBagsMclaughlin]]></document>
		<document><![CDATA[I caved and got a McDonald's on my break😭😭😭 I suck at healthy eating but it was so good]]></document>
		<document><![CDATA[Your mind swirls with fantastic visions and you wish you could... More for Leo https://t.co/y6doV6N7DA]]></document>
		<document><![CDATA[Awh would love to go to Parklife]]></document>
		<document><![CDATA[@Ellenfahyx awh plz I can't take it much longer]]></document>
		<document><![CDATA[So sick of retail life 😣]]></document>
		<document><![CDATA[All I want in life is to work Monday to Friday]]></document>
		<document><![CDATA[Expanding your repertoire can be exhilarating now, and you're ... More for Leo https://t.co/y6doV6N7DA]]></document>
		<document><![CDATA[As the natural performer of the zodiac, you put on a great sho... More for Leo https://t.co/y6doV6N7DA]]></document>
		<document><![CDATA[Chilling watching television with steo and I turn around to this https://t.co/uuUUICBVo9]]></document>
		<document><![CDATA[Your gaze is directed outward now, and you can see a runway to... More for Leo https://t.co/y6doV6N7DA]]></document>
		<document><![CDATA[Mad what a bit of tan does to your self confidence]]></document>
		<document><![CDATA[Irrational thoughts run wild over your mental landscape, leavi... More for Leo https://t.co/y6doV6N7DA]]></document>
		<document><![CDATA[You're doing your best to stay engrossed in your daily routine... More for Leo https://t.co/y6doV6N7DA]]></document>
		<document><![CDATA[You have a natural tendency to run yourself into the ground, b... More for Leo https://t.co/y6doV6N7DA]]></document>
		<document><![CDATA[You're ready to dive headfirst into a passion project, feeling... More for Leo https://t.co/y6doV6N7DA]]></document>
		<document><![CDATA[I've about 5 paper cuts on each hand]]></document>
		<document><![CDATA[You're reluctant to show your hand just yet, preferring to wat... More for Leo https://t.co/y6doV6N7DA]]></document>
		<document><![CDATA[A casual conversation with your partner or a close friend may ... More for Leo https://t.co/y6doV6N7DA]]></document>
		<document><![CDATA[Thank God its payday tomorow😅]]></document>
		<document><![CDATA[@evaevaeva_x ballyer banter]]></document>
		<document><![CDATA[I am one of them people that eat out of pure boredom and regret so much after it]]></document>
		<document><![CDATA[Back to my old placement tomorow to actually work for the day, so excited😁]]></document>
		<document><![CDATA[Getting enough rest should be top priority now, whether or not... More for Leo https://t.co/y6doV6N7DA]]></document>
		<document><![CDATA[Having a missed call from a private number is so irritating 🙈]]></document>
		<document><![CDATA[@__LaurenMalone it was good! Dying for the next one now, it was just freaky 🙈]]></document>
		<document><![CDATA[You take it personally when something doesn't go your way now.... More for Leo https://t.co/y6doV74J2a]]></document>
		<document><![CDATA[I don't know what I thought of split 🤔]]></document>
		<document><![CDATA[Going to be in Miami for my birthday this year the excitement 😍😍]]></document>
		<document><![CDATA[You may be inspired or overwhelmed by irrepressible waves of c... More for Leo https://t.co/y6doV6N7DA]]></document>
		<document><![CDATA[First early morning in weeks I'm so tired 😭]]></document>
		<document><![CDATA[@__LaurenMalone oh really 🙈 going to see it tonight can't wait]]></document>
		<document><![CDATA[Like why is healthy eating so hard 😂]]></document>
		<document><![CDATA[Been craving a chipper the past week to the extent I keep looking up the menu]]></document>
		<document><![CDATA[@simonekilduffx none of yous barely did I was waiting for all the snaps and instas 🙈😂😂]]></document>
		<document><![CDATA[Would love to know what il be doing this time next year because for the first time I've actually no idea 🤔]]></document>
		<document><![CDATA[The more commitments you make today, the less happy you are ab... More for Leo https://t.co/y6doV6N7DA]]></document>
		<document><![CDATA[So excited to see that movie Split, hope it lives up to how freaky it looks]]></document>
		<document><![CDATA[Back to college tomorow after not being there since before summer, going to be so weird 😅]]></document>
		<document><![CDATA[You may act as if everything is copacetic today, but you're li... More for Leo https://t.co/y6doV6N7DA]]></document>
		<document><![CDATA[Relationship dynamics grab your attention today, requiring tha... More for Leo https://t.co/y6doV6N7DA]]></document>
		<document><![CDATA[So happy I've my electric picnic ticket already 😆]]></document>
		<document><![CDATA[Of course the one weekend I have a Saturday off not one person is free to do something 😢 tear tear]]></document>
		<document><![CDATA[@_RoisinReid_ definetly il text u soon😚 xx]]></document>
		<document><![CDATA[Plenty of concentration and effort are necessary now to make a... More for Leo https://t.co/y6doV6N7DA]]></document>
		<document><![CDATA[Everything you fix today seems to create new problems, like th... More for Leo https://t.co/y6doV6N7DA]]></document>
		<document><![CDATA[Like how could u sleep through your house alarm going off? Cray cray]]></document>
		<document><![CDATA[Next door neighbours alarm going off full blast the past 20 minutes and not one of the family decide to budge until my dad rings them]]></document>
		<document><![CDATA[@__LaurenMalone oh brill🙊 so excited 🎉]]></document>
		<document><![CDATA[@__LaurenMalone orlando and Miami then clearwater 😍😍]]></document>
		<document><![CDATA[It feels good to boldly state your needs without much of a fil... More for Leo https://t.co/y6doV74J2a]]></document>
		<document><![CDATA[@evaevaeva_x wait till you leave it's devastating]]></document>
		<document><![CDATA[@evaevaeva_x come with me ✈✈]]></document>
		<document><![CDATA[Holiday planning has me way too excited🙈]]></document>
		<document><![CDATA[It feels good to boldly state your needs without much of a fil... More for Leo https://t.co/y6doV6N7DA]]></document>
		<document><![CDATA[Last week off until I'm back in college 😅]]></document>
		<document><![CDATA[It feels good to boldly state your needs without much of a fil... More for Leo https://t.co/y6doV6N7DA]]></document>
		<document><![CDATA[So much stress trying to decide what I want to do after I finish college😩]]></document>
		<document><![CDATA[@simonekilduffx watched the first trainspotting the other day and I'm still freaked out by it 😂😂]]></document>
		<document><![CDATA[It feels good to boldly state your needs without much of a fil... More for Leo https://t.co/y6doV6N7DA]]></document>
		<document><![CDATA[Can't wait to go home later and do absolutely nothing 😊]]></document>
		<document><![CDATA[You are free to choose what to share when you are ready becaus... More for Leo https://t.co/y6doV6N7DA]]></document>
		<document><![CDATA[Getting paid so much more than you thought 💰💰💰]]></document>
		<document><![CDATA[You are free to choose what to share when you are ready becaus... More for Leo https://t.co/y6doV6N7DA]]></document>
		<document><![CDATA[@tarakeenanxo worth watching?]]></document>
		<document><![CDATA[You might be harboring unresolved concerns today about the bou... More for Leo https://t.co/y6doV6N7DA]]></document>
		<document><![CDATA[First day back in work later after more than a week off 😷]]></document>
		<document><![CDATA[You possess a natural instinct for sensing what's around the n... More for Leo https://t.co/y6doV6N7DA]]></document>
		<document><![CDATA[You possess a natural instinct for sensing what's around the n... More for Leo https://t.co/y6doV6N7DA]]></document>
		<document><![CDATA[It's nearly impossible to tell if you're more exciting or exci... More for Leo https://t.co/y6doV6N7DA]]></document>
		<document><![CDATA[@__LaurenMalone 😂😂 my life at hideout]]></document>
		<document><![CDATA[It's nearly impossible to tell if you're more exciting or exci... More for Leo https://t.co/y6doV6N7DA]]></document>
		<document><![CDATA[It's nearly impossible to tell if you're more exciting or exci... More for Leo https://t.co/y6doV6N7DA]]></document>
		<document><![CDATA[It's nearly impossible to tell if you're more exciting or exci... More for Leo https://t.co/y6doV6N7DA]]></document>
		<document><![CDATA[Edinburagh tomorow 👭💃 really hope I feel a bit better 😷]]></document>
		<document><![CDATA[It's nearly impossible to tell if you're more exciting or exci... More for Leo https://t.co/y6doV6N7DA]]></document>
		<document><![CDATA[@EadaoinCoss well I suppose if we made 18 million a year wed have that body too 🙈😂]]></document>
		<document><![CDATA[@EadaoinCoss oh my God stop like that body can't be real, I want it so bad though 😍😍]]></document>
		<document><![CDATA[@Sinead_OFarrell like it's too perfect to be real]]></document>
		<document><![CDATA[Kylie Jenner had to of had a boob job like her body is insane]]></document>
		<document><![CDATA[Your tenderness is both a blessing and a curse. Your interacti... More for Leo https://t.co/y6doV6N7DA]]></document>
		<document><![CDATA[@TheAA_Help yep we got it sorted, great service]]></document>
		<document><![CDATA[I'm NEVER sick and of course I'm the sickest of been in years right before I go away at the weekend 😑]]></document>
		<document><![CDATA[Your tenderness is both a blessing and a curse. Your interacti... More for Leo https://t.co/y6doV6N7DA]]></document>
		<document><![CDATA[Thank God I've no Christmas college exams this year]]></document>
		<document><![CDATA[The only good thing about being sick is the endless amounts of movies and TV]]></document>
		<document><![CDATA[Your tenderness is both a blessing and a curse. Your interacti... More for Leo https://t.co/y6doV6N7DA]]></document>
		<document><![CDATA[Happy new year friends]]></document>
		<document><![CDATA[Now the Chinese is ice cold and we're still waiting on the AA man to bring the car back]]></document>
		<document><![CDATA[Steo went out to the Chinese to collect our food to then break down and for me to come rescue him and spend 2 hours on the side of the n4]]></document>
		<document><![CDATA[You could use a fun distraction tonight, but you'll need to ov... More for Leo https://t.co/y6doV6N7DA]]></document>
		<document><![CDATA[It's time to turn over a new leaf and be accountable for your ... More for Leo https://t.co/y6doV6N7DA]]></document>
		<document><![CDATA[Lovely swollen gland and ear ache to wake up to, would want to go away before this evening]]></document>
	</documents>
</author>