<author lang="en">
	<documents>
		<document><![CDATA[#day45 @justinbieber got my first tattoo👌🏻 not as sore as everyone makes it out to be👌🏻]]></document>
		<document><![CDATA[@RoadTrip3000 I'd love to travel the world someday and see and experience things I never thought I would🌟]]></document>
		<document><![CDATA[@RoadTrip3000 I ruin everything I touch, I wish everything I touched turned into skittles, as I touch them😂😂🌈🌈]]></document>
		<document><![CDATA[@RoadTrip3000 Dilemma Nelly ft Kelly what a good one👌🏻👌🏻]]></document>
		<document><![CDATA[@RoadTrip3000 did you mean to spell your name wrong or?😂😂]]></document>
		<document><![CDATA[@RoadTrip3000 ignition and Dilemma will always be my favs😂😂🙌🏻]]></document>
		<document><![CDATA[@RoadTrip3000 my little sister is so upset that no dates were released for Ireland she saved every euro she got to see you and she can't!]]></document>
		<document><![CDATA[@Josh_Gray97 @RoadTrip3000 will they release Ireland dates?]]></document>
		<document><![CDATA[@weloveroadtripj @RoadTrip3000 I know Abs sitting here with the card ready for it to go up]]></document>
		<document><![CDATA[@RoadTrip3000 well if you released Ireland dates maybe my little sister could so]]></document>
		<document><![CDATA[@RoadTrip3000 release Dublin already]]></document>
		<document><![CDATA[@RoadTrip3000 can you please tell me about how much your tickets will be tonight? I'm gonna et my little sister some and I need to know!]]></document>
		<document><![CDATA[#NewProfilePic https://t.co/DMXX8RZJux]]></document>
		<document><![CDATA[#day43 @justinbieber hard to me and my 2 bestfriends will be dancing the night away when you come in June🙌🏻👌🏻]]></document>
		<document><![CDATA[Scientifically proven #beliebers have a better taste in music😂😍😍❤@justinbieber]]></document>
		<document><![CDATA[#excited #purposetourstadiumsdublin @justinbieber honestly gonna be a great night🎉🎉 https://t.co/99vmGxfRc1]]></document>
		<document><![CDATA[#day42 @justinbieber you helped me through a rough part of my life and I can only be forever grateful❤ even if you don't know, it you did❤]]></document>
		<document><![CDATA[#day41 @justinbieber up to see my little sister in hospital today❤ she was so funny😂 https://t.co/BjFMykhuRd]]></document>
		<document><![CDATA[#day40 @justinbieber I remember sitting in my neighbours when I was 9 and your song came on and I feel I love😍 ever since❤ #foreverhere]]></document>
		<document><![CDATA[#day39 @justinbieber I love seeing new photos of you being happy and healthy after a rough time just goes to show everything will be alright]]></document>
		<document><![CDATA[@calumscott my 5 year old brother still knows every word❤ he loves the song #cutest #brother https://t.co/xyJo9mRylc]]></document>
		<document><![CDATA[#day38 @justinbieber  a good day❤ I hope you're having a good day❤ hope good vibes and good people are around and supporting you❤🙌🏻]]></document>
		<document><![CDATA[#day37 @justinbieber missed yesterday because it was my grandads 70th birthday party 🎉❤]]></document>
		<document><![CDATA[#day36 @justinbieber whatching the #Inauguration with my nan🙌🏻 I hope you have a good day I know it's only starting but have a good one😂]]></document>
		<document><![CDATA[#day34 @justinbieber I hope I meet you one day to tell you how much you mean to me❤ I hope you had a good day🙌🏻⭐️]]></document>
		<document><![CDATA[#day33 @justinbieber I hope you're having a good a day and enjoying yourself in every precious moment❤👌🏻]]></document>
		<document><![CDATA[#day32 @justinbieber  I hope you had a good start to the week🙌🏻 I hope you have a good week ahead🙌🏻]]></document>
		<document><![CDATA[#day31 @justinbieber I hope you're having a good Saturday🙌🏻 it's Sunday here now❤]]></document>
		<document><![CDATA[#day30 @justinbieber I honestly so annoyed at myself😫 I had so much to do today that I forgot the tweet😢 so upset with myself😓😓😂]]></document>
		<document><![CDATA[#day29 @justinbieber gonna chill and listen to every song you have ever sang👌🏻 gonna chill for the night and feel much better🙄👄❤]]></document>
		<document><![CDATA[#day28 aw four weeks exact today🙌🏻 good so far🙌🏻 I hope you're having a good day❤]]></document>
		<document><![CDATA[My cousin does makeup videos and puts on and puts them on YouTube and half way through her recent 1 shower her love for @ShawnMendes 😂❤]]></document>
		<document><![CDATA[#day27 @justinbieber I'm still going strong 💪🏼 not gonna give up❤ hope you had a good Tuesday❤]]></document>
		<document><![CDATA[#day26 @justinbieber I hope you had a good start to the week🙌🏻 new week new beginnings❤]]></document>
		<document><![CDATA[#day25 @justinbieber I hope you had a good weekend🙌🏻 back to school tomorrow wish me luck👌🏻 don't even know where my bag is😂😂]]></document>
		<document><![CDATA[@CroninDayl @DWTSIRL I was snapping I forgot about it tonight and when I walked in Dayl was on🙌🏻 talk about lucky stars😂❤]]></document>
		<document><![CDATA[#day24 @justinbieber sometimes I wonder maybe all this is pointless😅 doubt myself but I believe, truly believe you might see a tweet❤]]></document>
		<document><![CDATA[@bbuk my 5 year old little brother just said "I'd tell Heidi to get out of my face before I attack her"😂 now he doesn't understand rules😂]]></document>
		<document><![CDATA[@CroninDayl @DWTSIRL @RTEOne would be nice for a DM👌🏻👌🏻]]></document>
		<document><![CDATA[#day23 @justinbieber hope you have a good Friday👌🏻 and enjoy the weekend👌🏻👌🏻]]></document>
		<document><![CDATA[#day22 @justinbieber I hope you're having a good Thursday🙌🏻🙌🏻 hope you're gonna have fun and enjoy the day❤❤]]></document>
		<document><![CDATA[#day21 @justinbieber I hope you have a good day🙌🏻 I hope all is well❤ enjoy the moment and be happy🙌🏻]]></document>
		<document><![CDATA[#day20 @justinbieber went to the RDS today and on the way home I seen these and had to take photos🙌🏻😂 https://t.co/EwXQh80avR]]></document>
		<document><![CDATA[#day19 @justinbieber watching videos of you and looking at you now and you have changed so much through good and bad I've still been here]]></document>
		<document><![CDATA[#day18 @justinbieber happy New Year🙌🏻 hope you had a good night🙌🏻]]></document>
		<document><![CDATA[#day17 @justinbieber happy NYE I hope you have a great 2017🙌🏻 many blessings sent❤]]></document>
		<document><![CDATA[#day16 @justinbieber he was saying "Let me kick Alex" and also adding in the face😂 but then sang the original and w… https://t.co/ova334wkb3]]></document>
		<document><![CDATA[#day15 @justinbieber I hope you have a good day today❤ I hope nothing but positivity and happiness go your way]]></document>
		<document><![CDATA[@Nashgrier happy birthday to you, happy birthday to you, happy birthday dear Nash, happy birthday to you.. 🎉 hope you have a good day]]></document>
		<document><![CDATA[#day14 @justinbieber 2 weeks today tweeting🙌🏻 hope you have a good day❤ and many blessings]]></document>
		<document><![CDATA[Do you ever just watch videos of @justinbieber I think this is why I love him so much😂😂😂]]></document>
		<document><![CDATA[#day13 @justinbieber hope you had s good Christmas👌🏻 now it's time for a new year👌🏻]]></document>
		<document><![CDATA[#day12 @justinbieber I hope you have a good day today🙌🏻 spending mine with the family❤]]></document>
		<document><![CDATA[#day11 @justinbieber I hope you and your family have a good Christmas🙌🏻 I hope a lot of happiness and present🙌🏻]]></document>
		<document><![CDATA[#day10 @justinbieber Christmas Eve🙌🏻🙌🏻 hope you have a good day and night and a good Christmas]]></document>
		<document><![CDATA[When it's twenty past 6 in the morning and you're dancing and singing around the Kitchen to @AaronCarpenter cover o… https://t.co/rliSdhy7u3]]></document>
		<document><![CDATA[#day9 @justinbieber this time last year I got my Justin Bieber ticket.. another great time❤❤]]></document>
		<document><![CDATA[#day8 @justinbieber this time last week I was camping out in the cold and in the rain for the #purposestadiumtour 🙌🏻🙌🏻]]></document>
		<document><![CDATA[And I thought I was up early in Ireland at 1:20pm 😂😂😂😂 @AaronCarpenter https://t.co/Gw6yPq2mjp]]></document>
		<document><![CDATA[Town now🙌🏻 let's get my shopping on😂🙌🏻 #makeup #brows #puppy #snapchat https://t.co/dmK7LXHDjh]]></document>
		<document><![CDATA[#day7 @justinbieber as I went to tweet "Lolly" came on😂 I hope you had a good Wednesday🙌🏻 hope you enjoy the rest of the week and happiness💎]]></document>
		<document><![CDATA[@CroninDayl believe me or not I fell asleep twice in the same exam😂 woke up more tired]]></document>
		<document><![CDATA[#day6 @justinbieber prepare for all my dumb tweets that you'll never notice😂😂👏🏻 hope you're having a good day🙌🏻]]></document>
		<document><![CDATA[Just one half hour left of work👌🏻 you can do this]]></document>
		<document><![CDATA[After a 20 hour camp on Thursday into Friday I got my @justinbieber #PurposeTourStadiums and I'm so happy still🙌🏻 2… https://t.co/5a0PfLS3lI]]></document>
		<document><![CDATA[@ShawnMendes only getting to watch the #jinglebellball now👌🏻 your performance has me breathless👌🏻 so effortless👏🏻 https://t.co/64Hfjw6dWb]]></document>
		<document><![CDATA[When you record Zoolander 2 after seeing it in the cinema just to see @justinbieber again😌😌🙌🏻]]></document>
		<document><![CDATA[#day5 @justinbieber hope you're having a good Monday so far👌🏻 my French exam went grand👌🏻 hope the rest of your day goes good👏🏻🙌🏻🙋🏻]]></document>
		<document><![CDATA[#day4 @justinbieber long busy day buying Christmas clothes👏🏻 hope you have a good week that's a head😌🙌🏻]]></document>
		<document><![CDATA[#day3 @justinbieber yore playing @TheRDS next year and here's my figuring out already👌🏻🙌🏻 gonna be good❤ how are you today?]]></document>
		<document><![CDATA[@SarahMagliocco if you want to here about my over night queuing just DM]]></document>
		<document><![CDATA[@justinbieber @TheRDS got mine👌🏻👌🏻 so happy cried tears of joys❤️ blessed and grateful to be going]]></document>
		<document><![CDATA[@justinbieber it was worth the wait all them hours all 20 hours to get my gold circle ticket.. tears of happiness were shed❤️❤️]]></document>
		<document><![CDATA[@SarahMagliocco I'm sorry no I only have one if me and my friends https://t.co/obAXlLWZ04]]></document>
		<document><![CDATA[@justinbieber  FaceTime while I'm queuing for your #PurposeTourStadiums in @RDSca 😂😂👏🏻]]></document>
		<document><![CDATA[#day2 @justinbieber I was that I wasn't allowed camp I've been her since half 1 walked out and people queuing.. so sad hope I get my ticket😞]]></document>
		<document><![CDATA[This story was made for @brendan_m96 I don't care what anyone says😂😂👏🏻👏🏻 https://t.co/ASr8UgHaHo]]></document>
		<document><![CDATA[This breaks my heart💔💔 https://t.co/AdrnEYffSH]]></document>
		<document><![CDATA[@TicketmasterIre I was just wondering how much is it for a golden circle @justinbieber ticket for the RDS??]]></document>
		<document><![CDATA[#day1 @justinbieber sorry I'm starting this again😊 tomorrow I'm going to camp out for tickets all day and night❤️ gonna be worth it❤️❤️]]></document>
		<document><![CDATA[@justinbieber one belieber won't be there for you 21st of June concert in the RDS because I don't think I can get the money to go😞]]></document>
		<document><![CDATA[Ok so I seen this this morning and I'm trying to make the money up to go again😞 I'm praying I get my tickets again… https://t.co/EzTHb6l2Hy]]></document>
		<document><![CDATA[On repeat❤️👌🏻❤️@ShawnMendes I'm in love with this song❤️ https://t.co/8kvPbg6a5Z]]></document>
		<document><![CDATA[hotvocals's video https://t.co/gBHmU8Rss3 their first performance had me hooked from the first note @5AfterMidnight]]></document>
		<document><![CDATA[@WeeklyChris I feel like this is what would happen if I didn't order my same pizza deal on a Saturday 😂😂]]></document>
		<document><![CDATA[I can't believe it was a whole year today I got my @justinbieber tickets for #purposetour and only went last month… https://t.co/kLHZkP0mKG]]></document>
		<document><![CDATA[Shawns face on his snapchat story when he goes out into the snow😍👌🏻 @ShawnMendes wish we had a bit of snow here❄️️❄️️❄️️]]></document>
		<document><![CDATA[When @NiallOfficial song 'This Town' comes on in public and your little brother gets embarrassed by your little sis… https://t.co/fG0CYZwWnb]]></document>
		<document><![CDATA[I'm going through my facebook "On This Day" and everyone of my friends tagged me in something about Justin Bieber❤️… https://t.co/9aMN1s3518]]></document>
		<document><![CDATA[Love my new key ring @justinbieber https://t.co/PIw7kFbFZT]]></document>
		<document><![CDATA[@ShawnMendes @DailyMendesLife this is so precious🙈❤️]]></document>
		<document><![CDATA[@ShawnMendes @DailyMendesLife honestly this just melted my heart❤️ I just cried😍👌🏻]]></document>
		<document><![CDATA[All I done is listened to @ShawnMendes "Ruin" all day and then realise it's 2:10 in the morning and you have to wake at 7 for school]]></document>
		<document><![CDATA[@ShawnMendes just has one of them voices that you listen to all day😍 singing and just talking🙈]]></document>
		<document><![CDATA[@TakenOfficial on the way into Dublin City centre hey?]]></document>
		<document><![CDATA[#day186 @justinbieber I hope you enjoy your night tonight @3arenadublin I will have a ball]]></document>
		<document><![CDATA[#day186 @justinbieber sitting in Gibson Hotel having some dinner waiting to go in.. I hope you have a good time in Dublin and enjoy.]]></document>
		<document><![CDATA[#day186 @justinbieber OMG TODAY.. ON THE WAY IN AND I CAMT WAIT SUPER EXCITED NOW. ONLY A FEW HOURS AND I'LL BE SEEING YOU]]></document>
		<document><![CDATA[#day185 @justinbieber tomorrow.. OMG IT FLEW IN.. HONESTLY CAN'T BELIEVE I'LL BE SEEING YOU AGAIN TOMORROW.. WHAT A NIGHT IT WILL BE. DUBLIN]]></document>
		<document><![CDATA[#day184 @justinbieber no WiFi where I am.. I can't wait for Tuesday.. gonna be amazing! Hope you have a fun time too]]></document>
	</documents>
</author>