<author lang="en">
	<documents>
		<document><![CDATA[Wooohoo breastfeeding is on the list! It's been frustrating that some cancer charities refuse to mention it as 'not… https://t.co/YLPcL6CXpM]]></document>
		<document><![CDATA[Hi, I'm Miranda and I am an #actuallivingscientist studying lactation and how to help women breastfeed for as long as they want to.]]></document>
		<document><![CDATA[Let's hope nobody is feeding their baby home made formula at all never mind from a random recipe online. https://t.co/AG58CWLoXH]]></document>
		<document><![CDATA[The #oncomingstorm thinks this is hilarious: https://t.co/HuQIRTsxnj]]></document>
		<document><![CDATA[The folks living in Bowling Green must be really quite nervous.  #BowlingGreenMasacre]]></document>
		<document><![CDATA[A Letter To My American Children, From Your Somali Mother https://t.co/VlJvIjNOJj via @HuffPostPol]]></document>
		<document><![CDATA[Early Signs of an Abusive Relationship https://t.co/2oRTD0I1z4 via @HuffPostBlog]]></document>
		<document><![CDATA[Bruce Springsteen Just Apologized To Australia On Trump’s Behalf In The Best Way - https://t.co/GFNdXv2hS8]]></document>
		<document><![CDATA[New Arkansas law lets men block wives' abortions https://t.co/lSY65WvSis]]></document>
		<document><![CDATA[Sylvie's first tooth has wobbled out. https://t.co/S0zj34Sq2k]]></document>
		<document><![CDATA[Phone Call Saga: Trump Says Relationship With Austria Still Strong https://t.co/KG7bd3M6E3]]></document>
		<document><![CDATA[Clean. Coal. Is. Not. A. Thing. https://t.co/Rg0uOLdQht]]></document>
		<document><![CDATA[Such a well written and thought provoking piece: How a Lack of Touch is Destroying Men  https://t.co/aydjIgRUM7]]></document>
		<document><![CDATA[Scientists hope wetland carbon storage experiment is everyone's cup of tea https://t.co/CVgnKiVnDa]]></document>
		<document><![CDATA[Wow. Sudden respect for GWB. Jenna Bush Tweets Dad’s Own Words On Islam To Shame Trump https://t.co/PD1SnVCqyu none]]></document>
		<document><![CDATA[This is fascinating and important: The Data That Turned the World Upside Down https://t.co/kvhuooDyKd via @motherboard]]></document>
		<document><![CDATA[How is it possible that this clown is in charge of anything? https://t.co/qNaZgZKjEs]]></document>
		<document><![CDATA[Clean coal is not a thing. https://t.co/E4T41Lu3fi]]></document>
		<document><![CDATA[Lychee identified as cause for mystery deadly childhood illness in India https://t.co/QwFT1fK9lz via @abcnews]]></document>
		<document><![CDATA["Trump honors Black History Month in a very Trump-like way" https://t.co/YrCNDxoMTf]]></document>
		<document><![CDATA[Jews gave Muslims the key to their synagogue after the town's mosque burned down https://t.co/wluubB4wN5]]></document>
		<document><![CDATA[This whole Parakeelia issue is very peculiar.]]></document>
		<document><![CDATA[BBC News - Brexit: MPs overwhelmingly back Article 50 bill https://t.co/7u3rL340C4]]></document>
		<document><![CDATA[Cheered by the reports that One Nation recieved no large donations but instead have $294,000 in debt.]]></document>
		<document><![CDATA[The Washington Post claims Donald Trump blasted Malcolm Turnbull during phone call and hung up -  https://t.co/MihTDvtUGQ]]></document>
		<document><![CDATA['There is a major war brewing': Seed of populist agenda visible in Steve Bannon's past https://t.co/44VPDbQ53i via @theage]]></document>
		<document><![CDATA[As a teenager GCSE history focusing on 1918 -1990 seemed dull but this week all those essays on the origins of war have come in handy.]]></document>
		<document><![CDATA[Ellen's Comments on the Travel Ban | https://t.co/KMXEjGhGjO https://t.co/TBEgT2bWhU via @ellentube]]></document>
		<document><![CDATA[White House backtracks on refugee deal struck with Australia, says it is still under consideration https://t.co/tbm9CxSu17 via @abcnews]]></document>
		<document><![CDATA[@jenhock13 @Jenn_H_Scott Share what? You know I'm a good [over] sharer.]]></document>
		<document><![CDATA[Trump is doing exactly what he said, part II @CNNPolitics https://t.co/cEBJ3j1XJv]]></document>
		<document><![CDATA[This week in #onlinedating : grown up men my own age who make actual phone calls, have children and are over their divorces. So way less fun]]></document>
		<document><![CDATA[@Dr_AmyBrown @HeatherTrickey But it creates huge issues in families when mothers feel real betrayal if family members try to sneak foods.]]></document>
		<document><![CDATA[@Dr_AmyBrown @HeatherTrickey The upside to a bunch of 'purists' is that they give us a great population to study.]]></document>
		<document><![CDATA[@Dr_AmyBrown Friend left her 3 month old for the 1st time with her brother, cos he is a GP. He gave the bub a jaffa cake. She was ropable.]]></document>
		<document><![CDATA[@HeatherTrickey @Dr_AmyBrown The really concrete thinkers love a watershed.   And then there's the purists.]]></document>
		<document><![CDATA[BBC News - Mother 'told to prove lactation' at Frankfurt airport https://t.co/LNig0vCU0L]]></document>
		<document><![CDATA[Who needs ISIS when Trump can screw up the country in a week? https://t.co/YHSBPQIXAB]]></document>
		<document><![CDATA[@Asher_Wolf Personally I'm an adorable and employed lone parent. They're this threatened because we have them on the run.]]></document>
		<document><![CDATA[@Dr_AmyBrown In one of my FB groups they berate each other for suggesting starting even a week before 6 months. WHO's word is law!]]></document>
		<document><![CDATA[Well there you go then. https://t.co/BLX8oQXrGp via @abcnews]]></document>
		<document><![CDATA[“The Immigration Ban is a Headfake, and We’re Falling For It” by @jakefuentes https://t.co/S2qqTmcY8q]]></document>
		<document><![CDATA[@tydigga1 @BarackObama I suspect what you need at this point is @MichelleObama]]></document>
		<document><![CDATA[Can't help but wonder how @JuliaGillard would have handled this. We need leadership.]]></document>
		<document><![CDATA[“Rules for a constitutional crisis” by @lessig https://t.co/Qg9Elh4kBq]]></document>
		<document><![CDATA[The Muslim ban has brought the US close to constitutional crisis | Trevor Timm https://t.co/TCahfoosFZ]]></document>
		<document><![CDATA[Be fierce, furious, and fight! Join the Raccoons of the Resistance! | First Dog on the Moon https://t.co/VDIRSExFv8]]></document>
		<document><![CDATA[(A)Peaceful protest (B) civil disobedience (C) civil unrest (D) rioting (E) governmental panic (F) regime change. We are between A and B eh?]]></document>
		<document><![CDATA[Dear @TurnbullMalcolm and @JulieBishopMP : this is a leader doing her job. https://t.co/B3u4WPoPZg]]></document>
		<document><![CDATA[Let's hope @JustinTrudeau has a stern talk with him because @TurnbullMalcolm  is showing concerning moral terpitude. https://t.co/s5JjXkS4T1]]></document>
		<document><![CDATA[@jenhock13 @theage I think so. So we shouldn't be discussing it unless it has been at least presented at a conference.]]></document>
		<document><![CDATA[@jenhock13 @theage Maternal diet during pregnancy influences obesity via epigenetics. But breastmilk is protective. Formula is the problem.]]></document>
		<document><![CDATA[@jenhock13 @theage And infant obesity does not correlate with adult obesity especially.]]></document>
		<document><![CDATA[@jenhock13 @theage There are too many confounders to be able to credit fructose in breastmilk for infant obesity. Epigenetics for a start!]]></document>
		<document><![CDATA[Scott Morrison appears to be trying to take credit for #MuslimBan.  https://t.co/1vlGscqio6]]></document>
		<document><![CDATA[Julie Bishop confirms Australia will support Donald Trump's Muslim ban https://t.co/6D3eF1Mk8M via @MailOnline]]></document>
		<document><![CDATA[@Dr_AmyBrown  @astuebe  @Lisa_H_Amir The paragraph about fructose in breastmilk and the research being "under peer… https://t.co/M3sfSyVtHt]]></document>
		<document><![CDATA[@jenhock13 @theage "under peer review"?? Since when did that become a thing to report?]]></document>
		<document><![CDATA[A nine-point checklist for narcissism - is Trump sane? https://t.co/RbvbzGXB2Y]]></document>
		<document><![CDATA[This is a bit mad. Donald Trump's newest executive order to cut 2 regulations for every new 1 introduced https://t.co/g7S8LxkTy3]]></document>
		<document><![CDATA[Melbourne mall deaths: woman becomes sixth person to die https://t.co/5gsugeN6TI]]></document>
		<document><![CDATA[Barack Obama breaks silence on Trump presidency to condemn migration ban https://t.co/kfGl5SYdtD]]></document>
		<document><![CDATA[@FakeAcademStats But it is wrong. There's more to politics that Left and Right. And Reuters is on the ground factual reporting not opinion.]]></document>
		<document><![CDATA[Fantastic points in here: This Trump petition shows UK citizens will not bend a knee to hate | Suzanne Moore https://t.co/FKttFbaPgs]]></document>
		<document><![CDATA[Thirty-Five Picture Books for Young Activists https://t.co/aczuSrq5t2]]></document>
		<document><![CDATA['Half' of Australians agree with Pauline Hanson's proposal to ban Muslim immigration' | via @telegraph https://t.co/3IuQfZ64ys]]></document>
		<document><![CDATA[Sean Spicer Retweeted The Onion And The Internet Will Never Let Him Live It Down (SCREENSHOTS) https://t.co/YCCC6Mhxup]]></document>
		<document><![CDATA[A toddler has shot and killed someone every week for the last two years https://t.co/ggQexOOltI via @Mic]]></document>
		<document><![CDATA[Yes it is. Spinelessness is so unattractive Malcolm. https://t.co/hUv6CWxROM]]></document>
		<document><![CDATA[The bus has low self esteem. https://t.co/e02b0ThJ9U]]></document>
		<document><![CDATA[Books to Help Kids Understand What It’s Like to Be a Refugee https://t.co/TOH0UDqD3M via @readbrightly]]></document>
		<document><![CDATA[Oh shut up Julie, you don't speak for us. https://t.co/QOs3B5PFjv]]></document>
		<document><![CDATA[@misschvs @johnpaulfarmer @Wil_Anderson No refugees have committed an act of terrorism in the United States since 1980.]]></document>
		<document><![CDATA[This is  brilliant piece of writing: "This is one of those clarifying moments in American history." https://t.co/bjgl0cGxca]]></document>
		<document><![CDATA[Germany reacts to Donald Trump's Muslim immigration ban https://t.co/7uScOd1l8m]]></document>
		<document><![CDATA[We Are Running Out of Ways to Say That President Trump Is a Dangerous, Delusional Lunatic | GQ https://t.co/kZK8fLnHaB]]></document>
		<document><![CDATA[The United States has been involved in and assisted in "regime change" in several countries. Our turn now? https://t.co/fyBhTFTtRb]]></document>
		<document><![CDATA[@DavidWalk3 @TrumpHotels I think we need to be clear it isn't an era. It is a regime. As in Regime Change...]]></document>
		<document><![CDATA[Yes, yes they are Mike. https://t.co/WE8Znz2Bi1]]></document>
		<document><![CDATA[First Kim Kardashian tweets stats that make sense and now this... https://t.co/j1T3sq02tG]]></document>
		<document><![CDATA[Love the travelling smoke ceremony at Pride. https://t.co/xApCkOIRKY]]></document>
		<document><![CDATA[Global fury as Donald Trump’s ban on migrants takes effect https://t.co/uGFElnb8D5]]></document>
		<document><![CDATA[California Just Threatened To Stop Paying Taxes If Trump Cuts Federal Funding Over Sanctuary City Status - https://t.co/NXRRJHKIBN]]></document>
		<document><![CDATA[Humanity strikes back at @realDonaldTrump. Join the #WorldToTrump open letter that’s sweeping the planet! #Trump https://t.co/8giqWY9uEB]]></document>
		<document><![CDATA[This is bad. Trump Gives Stephen Bannon Access to the National Security Council https://t.co/dydcWAKcOo]]></document>
		<document><![CDATA[Chinese military says war with US 'becoming practical reality' https://t.co/Iethmpv40L]]></document>
		<document><![CDATA[@thelactavist It's a mixed bag of news today. Poor bloody Americans. This feels like when the Czech republic fell apart to me.]]></document>
		<document><![CDATA[Republicans in N Dakota have introduced a bill that would allow motorists to run over and kill any protester obstructing a highway.]]></document>
		<document><![CDATA[Republican lawmakers in five states propose bills to criminalize peaceful protest https://t.co/5DW5CYcZ6r by @spencerwoodman]]></document>
		<document><![CDATA[@EASOobesity @MaritaHennessy We use 'above their ideal weight' in our organisation.]]></document>
		<document><![CDATA[@crenshaw_steve @reubenacciano @clementine_ford The best Australian equivalent is the land yabby. Those badass unde… https://t.co/5nN3jbqNS6]]></document>
		<document><![CDATA[Aboriginal teen, 16, brave enough to speak up before tens of thousands https://t.co/f0fKXslnt7 via @MailOnline]]></document>
		<document><![CDATA[Meet nina donovan, the 19-year-old poet behind ashley judd’s explosive women’s march speech https://t.co/pwG47E66SY via @i_D]]></document>
		<document><![CDATA[Lily Allen releases Donald Trump protest song and video: ‘I’m so tired of America’ https://t.co/xfTsGx9zkg]]></document>
		<document><![CDATA[Why health experts don't want to talk about the benefits of moderate drinking https://t.co/2MpXXu30cJ via @smh]]></document>
		<document><![CDATA['The real Q is a woman': boss of MI6 makes pitch for female recruits https://t.co/cF2mUtWxmH]]></document>
		<document><![CDATA[Can Raccoons of the Resistance save Science from the Tantrumocracy? | First Dog on the Moon https://t.co/mf88FT0qxq]]></document>
		<document><![CDATA[Esme walks along the street reading me extracts from Monster High novels. https://t.co/2OR7a2WcRw]]></document>
		<document><![CDATA[Its only 2000 people FFS Australia. Australia's refugee deal in jeopardy after Trump's 'extreme vetting' order https://t.co/TLv8tKNN6D]]></document>
		<document><![CDATA[BREAKING NEWS: Actor John Hurt dies from cancer aged 77�� https://t.co/xYL88lGdkV via @MailOnline]]></document>
	</documents>
</author>