<author lang="en">
	<documents>
		<document><![CDATA[Bill English welcomed to Iwi leaders Forum in Waitangi. Lots of Police. No protesters. https://t.co/hDrxb0uY4U]]></document>
		<document><![CDATA[Election date is 23rd of September]]></document>
		<document><![CDATA[Corin Dann: The hardest thing for Bill English will be picking his cabinet - will he include the young brigade?
https://t.co/PoFtunido8]]></document>
		<document><![CDATA[Corin Dann: Bill English 'will be the seamless transition John Key wanted'
https://t.co/xm9Bmf1cH9]]></document>
		<document><![CDATA[So English to be PM with both rivals dropping out today.   Will follow process with caucus meeting on Monday.]]></document>
		<document><![CDATA[English uncontested in bid PM as Coleman bows out.]]></document>
		<document><![CDATA[Coleman presser in 5mins. This could be it.]]></document>
		<document><![CDATA[Coleman staying in for now.]]></document>
		<document><![CDATA[Coleman due to come past soon. If he drops out it's all over. Stay tuned. https://t.co/HaM7xKl1Py]]></document>
		<document><![CDATA[Collins has dropped out]]></document>
		<document><![CDATA[English says Joyce would be Fin Min, if he is elected.]]></document>
		<document><![CDATA[Adams confirms she won't run for deputy. Is backing English for leader and Bennett for deputy.]]></document>
		<document><![CDATA[With Shearer going, the chances of an early election have risen sharply. My understanding is if confirmed by UNSC he'll start next month.]]></document>
		<document><![CDATA[Amy Adams not ruling out running for Deputy job. But no decision yet.]]></document>
		<document><![CDATA[Bridges declares for Deputy race. Backing Bill English.]]></document>
		<document><![CDATA[National backbenchers so far I've spoken to outside Parliament this morning coy on who they are backing, but insist contest is healthy.]]></document>
		<document><![CDATA[English taking questions in House on housing. https://t.co/ZXY0oSsuaR]]></document>
		<document><![CDATA[So things moving fast. English, Collins, Coleman confirmed to run. Bennett and Bridges still in mix. Adams less likely. It is all on.]]></document>
		<document><![CDATA[Breaking Collins in]]></document>
		<document><![CDATA[Video: 'Simon Bridges is the dark horse and he's clearly thinking about a run' at PM leadership contest
https://t.co/X5vLafqx2N]]></document>
		<document><![CDATA[So a contest looking a lot more likely today. Bridges, Adams, Collins, Bennett, Coleman all in the mix to challenge English.]]></document>
		<document><![CDATA[Coming up on Breakfast in 2min]]></document>
		<document><![CDATA['An extraordinary day' - John Key launches political bombshell by announcing he is quitting as Prime Minister
https://t.co/v0onFAuWOe]]></document>
		<document><![CDATA[Bill English presser at 3pm. Odds on to be next PM. Joyce most likely then to take Finance . Live on 1]]></document>
		<document><![CDATA[Tourism industry suggests bed tax to pay for facilities
https://t.co/SFs3vEQe9x]]></document>
		<document><![CDATA[Reserve Bank warns those on short term rates could be exposed
https://t.co/GpXHm3QnZf]]></document>
		<document><![CDATA[English - top economic risks, 1 political uncertainty in Europe post Brexit. 2 China's credit 3 impact of China credit crisis on Australia.]]></document>
		<document><![CDATA[Bill English briefing Finance and Expenditure Commmitte. Says Quake costs likely to be closer to 3billion.]]></document>
		<document><![CDATA[@TimWilsonBarrio @NeoconMaudit @NewYorker don't know, all I know is when I read his writing/satire it feels like it's cutting to the bone.]]></document>
		<document><![CDATA[English confident economy won't be knocked off its stride by quake.]]></document>
		<document><![CDATA[6.3 aftershock just hit mid interview with Bill English on 7th floor Beehive. Very freaky.]]></document>
		<document><![CDATA[Live from outside NZ Embassy in Washington this morning. https://t.co/ipqBX6McHN]]></document>
		<document><![CDATA[Front Page of the WSJ https://t.co/NdWZW4KInD]]></document>
		<document><![CDATA[Party starting now at Trump HQ https://t.co/yd0rgS04ob]]></document>
		<document><![CDATA[World media watches. It's muted, sense of shock....at events unfolding. Coming live soon. https://t.co/ZCZS4GxIxH]]></document>
		<document><![CDATA[Crazy busy outside Trump headquarters. World media watches. https://t.co/v3bvbY2Q0I]]></document>
		<document><![CDATA[Opinion: Regardless of who wins the presidency Trump's support is genuine, it's not going anywhere
https://t.co/QEmdGAISTM]]></document>
		<document><![CDATA[US Election coverage on Breakfast coming up. Jack taking it to the streets. Ill be joining him shortly. https://t.co/d6a7lkV37h]]></document>
		<document><![CDATA[Dump trucks lined in front of Trump tower...very tight security. https://t.co/MoOD4z871N]]></document>
		<document><![CDATA[Back in NY, live from Trump election night headquarters soon https://t.co/WjH7KQMd4U]]></document>
		<document><![CDATA[@Zagzigger yes amazing. The people here are extremely passionate for Trump. But is Democrat town. Hillary's parents buried here.]]></document>
		<document><![CDATA[Here at the Scranton rally. It's CCR playing on the sounds. Born on the Bayou. @liamdann]]></document>
		<document><![CDATA[Getting fired up in Scranton. "Last chance to build a wall " says speaker ! https://t.co/AiEykfJkbN]]></document>
		<document><![CDATA[Scanton PA, where Clinton's parents are from. Gearing up for big Trump rally ! https://t.co/1YPCiHb9qf]]></document>
		<document><![CDATA[Town of Scranton coming out for Trump ! https://t.co/XnoLga92LT]]></document>
		<document><![CDATA[Corin Dann: Donald Trump has momentum and is on a blitz of Democrat states
https://t.co/wml6khGVAZ]]></document>
		<document><![CDATA[Opinion: Clinton holds crucial advantage over Trump as US counts down to vote in presidential election
https://t.co/W5wND1ltf3]]></document>
		<document><![CDATA[My report on Clinton ground game next up now, Also live from Trump Tower with latest poll numbers.]]></document>
		<document><![CDATA[Q and A US election special coming up at 9am. I'll be live from here outside Trump tower in NY. https://t.co/Ty5brsZqw6]]></document>
		<document><![CDATA[Spoke with Dr Estelle Sneider, co chair of Latinos with Trump yesterday.  V interesting  woman.  Q&amp;A this Sunday. https://t.co/Jx3ZTJpRwZ]]></document>
		<document><![CDATA[Phone bank in Santa Monica. Democrats in California are foot soldiers that ring voters in swing states. #groundgame https://t.co/A3YVrPQeud]]></document>
		<document><![CDATA[Anti-free trade sentiments in US presidential race has world economic leaders worried
https://t.co/rjBaMetKJj]]></document>
		<document><![CDATA[Charles Evans gives no hint of  timing of next Fed rate hike. But stresses inflation too low and getting back to 2 percent won't be easy]]></document>
		<document><![CDATA[Chicago Fed President tells Auckland business audience - that "we will be in a low growth, low interest rate environment for some time"]]></document>
		<document><![CDATA[John Key tells SC that political solution is only answer in Syria.]]></document>
		<document><![CDATA[John Kerry has now arrived.]]></document>
		<document><![CDATA[SC meeting on Syria starts with no sign of John Kerry or US representative, Russian Foreign Minister Lavrov is however here.]]></document>
		<document><![CDATA[UN Security Council meeting underway. https://t.co/M7mDCLzLi1]]></document>
		<document><![CDATA[Leaders gather for Security Council meeting. Key meets Boris https://t.co/JkuFcTxnqu]]></document>
		<document><![CDATA[UN in full swing today ! https://t.co/rHaEDpYUQP]]></document>
		<document><![CDATA[John Key addressing Council for Foreign Relations. TPP top of agenda. https://t.co/6s1JVpMN3g]]></document>
		<document><![CDATA[John Key encouraged by Saudi meeting, says FTA with gulf states now possible next year.]]></document>
		<document><![CDATA[John Key in meetings with Saudis at UN due out soon https://t.co/i0XuM7Eblh]]></document>
		<document><![CDATA[John Key focusing on 'big agenda of work' in New York, undeterred by bombings
https://t.co/fSHveWryL1]]></document>
		<document><![CDATA[NZ media. Waiting media conference with John Key and Helen Clark. https://t.co/U6oyDT61j7]]></document>
		<document><![CDATA[Is New Zealand is about to play it's biggest role ever at the UN this week? 
https://t.co/3oDcGUVtqL]]></document>
		<document><![CDATA[Kiwis want government to make housing affordable, even if average house prices are reduced
https://t.co/b8qcuz7lKA]]></document>
		<document><![CDATA[No sign of fatigue for National, Labour Party at lowest level in two years with latest ONE News poll
https://t.co/Nr9WhtSqXF]]></document>
		<document><![CDATA[John Key seeks to reassure Asian community in Auckland over law and order concerns in open letter
https://t.co/xTwOR1E6Ou]]></document>
		<document><![CDATA[Air NZ involved in researching proposed new tourist tax for visitors to Aotearoa
https://t.co/jvfEAP8cMm]]></document>
		<document><![CDATA[Jobless rate down to 5.1 percent. 4.7 percent in Auckland.]]></document>
		<document><![CDATA[RBNZ says banks should pass on 'most' of OCR cut. But said it was complicated for them.]]></document>
		<document><![CDATA[Ocr cut by 25 basis points to 2 percent. RBNZ says further easing will be required.]]></document>
		<document><![CDATA[Opinion: Hot housing market unlikely to preclude an OCR cut
https://t.co/tJVSJLSxU0]]></document>
		<document><![CDATA[No apology or compensation from Government for David Bain
https://t.co/AEW2JouvNR]]></document>
		<document><![CDATA['Fear for younger farmers' after Fonterra's forecast payout
https://t.co/sccZwmnKqJ]]></document>
		<document><![CDATA[Unitary Plan stresses need to err on side of 'over supply' for Auckland houses. 400 thousand new, over 30 years]]></document>
		<document><![CDATA[Biden says Key spoke of Helen Clark as if she was his sister. And says US Is considering her re bid for UN top job.]]></document>
		<document><![CDATA[Joe Biden hammers the message that US is a Pacific nation and is 'here to stay in Pacific']]></document>
		<document><![CDATA[John Key confirms the US will send naval ship.]]></document>
		<document><![CDATA[Biden bringing granddaughters on NZ visit as part of renewed US focus on our region
https://t.co/hG091JRd4W]]></document>
		<document><![CDATA[Looking to buy a house outside of Auckland? Reserve Bank extending loan restrictions to whole country
https://t.co/JLvE4pZZ2S]]></document>
		<document><![CDATA[RBNZ says its looking at single National LVR for property investors.]]></document>
		<document><![CDATA[RBNZ signals in speech that LVRs targeting property investors across the country could be in place by end of year.]]></document>
		<document><![CDATA[House prices across NZ up by 13 per cent – latest QV figures
https://t.co/56lweaWtHd]]></document>
		<document><![CDATA[Aussie election results causing worry this side of the Tasman https://t.co/Rv6NpMNzue via @OneNewsNZ]]></document>
		<document><![CDATA[Councils able to borrow from new $1 billion fund to speed up housing developments
https://t.co/5500TL0ZKx]]></document>
		<document><![CDATA[@umabp fair enough that was really thoughtless on our part. Very sorry. Please accept my apologies.]]></document>
		<document><![CDATA[Financial mayhem: Kiwi dollar drops after Britain says no to Europe https://t.co/Oc1NorpZBD via @OneNewsNZ]]></document>
		<document><![CDATA[What would the UK leaving the European Union mean for New Zealand? https://t.co/z6JgImvh7H via @OneNewsNZ]]></document>
		<document><![CDATA[Key defends decision to engage in fight with ISIS: 'A lone wolf is a risk issue in NZ' https://t.co/r6Na46wcpu via @OneNewsNZ]]></document>
		<document><![CDATA[Embarrassing climb-down for commission after MFAT leak  https://t.co/dXxPFJVRQm via @OneNewsNZ]]></document>
		<document><![CDATA[John Key: 'I've changed my mind on the advice I've had' https://t.co/TMvL71xJ51 via @OneNewsNZ]]></document>
		<document><![CDATA[Bill English tells MPs at Select Committee that the biggest risk to NZ Economy is a potential credit bubble in China bursting.]]></document>
		<document><![CDATA[Exclusive: 'This has become a major issue' - Northland principal complains after union visit https://t.co/mZfIhNqgfp via @OneNewsNZ]]></document>
		<document><![CDATA[Angry Fiji Prime Minister Frank Bainimarama slices &amp; dices NZ media, as John Key looks on
https://t.co/jZyPdc6nzg]]></document>
		<document><![CDATA[Reserve Bank looking at extended LVR restrictions targeted at investors. Likely to come before debt to income move.]]></document>
		<document><![CDATA[Poll boost for Labour and Greens pairing but Andrew Little 'shouldn't be celebrating'
https://t.co/fMOzEYrcMx]]></document>
		<document><![CDATA[Labour open to debt-to-income ratios if investors are targeted
https://t.co/syOzwo5Pq8]]></document>
		<document><![CDATA[Corin Dann: Govt in talks with Reserve Bank on new home lending restrictions https://t.co/RRirp6yt10 via @OneNewsNZ]]></document>
	</documents>
</author>