<author lang="en">
	<documents>
		<document><![CDATA[Last night's coastal activism (coast of the Mississippi River). https://t.co/5mmaRl13Hh]]></document>
		<document><![CDATA[Does Mattis give a damn about NATO? What's going to happen in Ukraine?]]></document>
		<document><![CDATA[@mattyglesias And not invading places]]></document>
		<document><![CDATA[Pence will have that to go for him. Has a pending Cabinet nominee ever voted for an imminent prospective colleague… https://t.co/dckG1l6hrA]]></document>
		<document><![CDATA[THIS THIS THIS. If you live in ME or AK, might be time to tell your Senator you are keen to their con. https://t.co/EGHzhpsCUV]]></document>
		<document><![CDATA[Am I the only one who has taken to crying a few times a day or more, having previously probably gone a year or two… https://t.co/v5BzDcozoV]]></document>
		<document><![CDATA[@yeselson believe all opposed.]]></document>
		<document><![CDATA[Centrist! I was alive in the 1990s.... https://t.co/pqXoNMHkx3]]></document>
		<document><![CDATA[Does she have every other R locked down? https://t.co/VZXBlfmMFS]]></document>
		<document><![CDATA[Troubling! cc: @EmolumentClause https://t.co/duMk0tXLFm]]></document>
		<document><![CDATA[Well written by @Reuters &amp; enormously chilling. https://t.co/hS4VX5NG01]]></document>
		<document><![CDATA[I have a rule against emojis... THIS IS GOOD ENOUGH to merit breaking that rule!🔥🔥🔥🔥🔥🔥 https://t.co/66zxZkRfzQ]]></document>
		<document><![CDATA[Alternatively, lack of integrity makes Senate Finance Republicans indifferent to lying to Congress by shady nominee… https://t.co/A2L2AvQ9hO]]></document>
		<document><![CDATA[This has always been an #UnvettedCabinet -- considerable reporting along those lines. https://t.co/kYOAi1lR0q]]></document>
		<document><![CDATA[@JuddLegum @thinkprogress He was lawyer for the anti-SEIU side in Harris v. Quinn and other anti-union cases as well.]]></document>
		<document><![CDATA[I think it's fair to say that union-buster @neal_katyal had long ago spent his last iota of lefty credibility: https://t.co/h9OerGQ8pa]]></document>
		<document><![CDATA[THIS --&gt; https://t.co/SluCJSGzZK]]></document>
		<document><![CDATA[@mattyglesias The potential for Yates like situations as Trump pushes corruptly dishonest replacements like Mnuchin... real.]]></document>
		<document><![CDATA[THIS https://t.co/W9Rq2E90p0]]></document>
		<document><![CDATA[How many of Obama's judges are as young as Dubya's Gorsuch is NOW?]]></document>
		<document><![CDATA[Who read more of Gorsuch's writings and opinions?]]></document>
		<document><![CDATA[Who read more of Gorsuch's opinions, Trump or Putin????]]></document>
		<document><![CDATA[Who could have ever predicted that Orrin Hatch's favorite Dem, an old centrist white guy, would fail to inspire?? https://t.co/xq1cU4WRJZ]]></document>
		<document><![CDATA[So many Trump corruption cases set to hit the courts. #AlwaysBeGrifting #Kleptocracy https://t.co/fmDskWSYhL]]></document>
		<document><![CDATA[For right wingers slow on the uptake: Beneficiary of Putin intervention shouldn't get to make lifetime appointment. https://t.co/EoPLGMGvq0]]></document>
		<document><![CDATA[#NeverTrump Twitter love for Fed Soc/Chamber of Commerce Justice secured by Comey (Rudy G assist) &amp; Putin is..... Unseemly.]]></document>
		<document><![CDATA[Black Mirror/Veep/Americans crossover stinks stinks must end soon.]]></document>
		<document><![CDATA[THIS WILL BE A BFD --&gt; https://t.co/moZMZdhSBc]]></document>
		<document><![CDATA[@SimonMaloy And put aside Putin, Giuliani was clearly communicating with the FBI in October....]]></document>
		<document><![CDATA[That maybe he should have continued hearing cases last year? https://t.co/v8XNj5BaoV]]></document>
		<document><![CDATA[Gorsuch's anti-working person take on economic issues is yet another broken promise to Trump's most important voters.]]></document>
		<document><![CDATA["Excellent," says... Putin, Saudi princes, and other key Big Carbon players. #Tillerson #TeamSpine https://t.co/CkwpMmMelg]]></document>
		<document><![CDATA[Garland was demobilizing, predictably. https://t.co/OrglWxUAVr]]></document>
		<document><![CDATA[Always be grifting. https://t.co/F3gP0idV3S]]></document>
		<document><![CDATA[@MikeGrunwald @WatchNwachukwu Ala Mnuchin claiming federal disclosure forms too complex but thinks can run Treasury: https://t.co/WvdRKR0gjY]]></document>
		<document><![CDATA[I hate networks for taking this live. https://t.co/EIQnLbf0PN]]></document>
		<document><![CDATA[@asherhuey Bush vs. Gorsuch a Travesty]]></document>
		<document><![CDATA[You know what's more rare in 2017 than Plutonium or Iridium or a Jeweled Squid: Republican integrity. https://t.co/CBy7JbPjA6]]></document>
		<document><![CDATA[3/3 @chrislhayes @SteveKornacki actual chaotic Muslim ban excluding Saudi Arabia! Vastly too much attention being paid to it.]]></document>
		<document><![CDATA[2/3 @chrislhayes @SteveKornacki language hard to find (cf. https://t.co/CuofeiV2Zm ) but seems about *temporary ban* of *refugees,* not]]></document>
		<document><![CDATA[1/3 @chrislhayes @SteveKornacki Rushed online poll purports to be 1/30-31 but released mis-day 1/31, includes more Rs than Ds]]></document>
		<document><![CDATA[@leogertner @davidsirota @IBTimes exactly! irony is working overtime (but getting stiffed without Wage &amp; Hour division enforcement by DOL)]]></document>
		<document><![CDATA[@davidsirota @IBTimes The relevant law dork joke is that they are demonstrating "Chevron deference."]]></document>
		<document><![CDATA[This is amazing work by @RonWyden and his staff &amp; deeply distressing about shady foreign ties of #ForeclosureKing S… https://t.co/GSjbD6EcxQ]]></document>
		<document><![CDATA[@Phil_Mattingly @mindyfinn Additionally, online poll purportedly 2 days but released middle of 2nd day it is out, w/more GOP than Dems...]]></document>
		<document><![CDATA[.@Phil_Mattingly That Reuters poll's underlying language omits the as-applied reality described well by @mindyfinn]]></document>
		<document><![CDATA[What was the purpose of accelerating his nomination if he isn't actually running DHS???? https://t.co/haqxxHtv7i]]></document>
		<document><![CDATA[.@ezraklein ought to read @mattyglesias and realize cliche "Trump/presidents keeps promises" is misleading. https://t.co/4NrUQXJLCX]]></document>
		<document><![CDATA[Ugh ugh ugh. Wilbur Ross has so much to answer for.... https://t.co/mppDfWBZIl]]></document>
		<document><![CDATA[Puzder nomination makes clear that Trump's Cabinet was never vetted: https://t.co/bBoiGq8LtX #resist #TeamSpine]]></document>
		<document><![CDATA[Trump often doesn't keep his promises -- the good ones. https://t.co/j6oMhffoRM]]></document>
		<document><![CDATA[Hatch is lying about Democratic maneuver that is itself a response to lying. I hang out with many 3yo; none are as… https://t.co/sLdHUxzZLw]]></document>
		<document><![CDATA[I'll take random analogies for $200, Alex https://t.co/meKUeJxKmb]]></document>
		<document><![CDATA[@mattzap Lindsay Graham would have made a vastly better choice, for one!]]></document>
		<document><![CDATA[A TEST OF CHARACTER FOR SENATE REPUBLICANS https://t.co/r6Epj5dpiW]]></document>
		<document><![CDATA[And Puzder, and Sessions (who has poreviously been rejected!), and Carson. (Puzder will not actually ever sit for a… https://t.co/s26rhrPVMo]]></document>
		<document><![CDATA[I recall when Garland got similar treatment... Oh, wait! (doubt Kagan or Sotomayor either) https://t.co/CYQUvx9KEQ]]></document>
		<document><![CDATA[(and trust me, I criticized SEVERAL Obama nominees, several were bad, but none Mnuchin/Price bad)]]></document>
		<document><![CDATA[&amp; 50% do not understand why the other party cares. BTW, no Obama nominee lied as blatantly as Mnuchin or cheated as… https://t.co/BgTaixWgL5]]></document>
		<document><![CDATA[@DanaHoule Basically, we need exec branch to regulate business. We want to be anti-insane/Ayn Randian presidents w/out blocking future prez.]]></document>
		<document><![CDATA[@DanaHoule Quantity can never be concerning -- one really long EO vs a bunch of short ones? Narrow refinements vs radical changes?]]></document>
		<document><![CDATA[@mattyglesias Can he lose money insider trading? We're probably about to find out!]]></document>
		<document><![CDATA[.@sullivanamy Sessions &lt;-- Stephen Miller -- Dearborn --&gt; Trump is pretty inarguable]]></document>
		<document><![CDATA[This might be my first defense of President Trump: The quantity of EOs &amp; memoranda is unconcerning. (the contents, however...)]]></document>
		<document><![CDATA[Wow @MSNBC being super credulous re Big Pharma.]]></document>
		<document><![CDATA[.@ChuckGrassley just claimed Sessions knows DOJ better than any recent nominee -- Holder had *been an Acting AG*!!!]]></document>
		<document><![CDATA[America needs to be able to call a racist a racist.]]></document>
		<document><![CDATA[@ByronTau Is there a judicial split? I think you're being a bit tendentious re "fact." Explicit public motive means its illegal.]]></document>
		<document><![CDATA[@ByronTau @Slate Has a court ruled it legal? Are you familiar with, e.g., https://t.co/vQVZ8XYEs9]]></document>
		<document><![CDATA[The #SCOTUS fight will be CRAZY by all metrics, as I told @LGamGam : https://t.co/NFESv4hQmA #TeamSpine https://t.co/nsvAjjcwUf]]></document>
		<document><![CDATA[Career public servants are the best public servants. Thank you @SallyQYates !!!!!!!!!!!!!!!! https://t.co/0gddn9MttD]]></document>
		<document><![CDATA[Voice of white nationalism throws gratuitous punch at @aflcio and labor movement. Should be remembered. cc:… https://t.co/2lJ3iJQcGE]]></document>
		<document><![CDATA[As I've been telling @Jonnelle , I do not believe Puzder ever shows up for a hearing on Capitol Hill.]]></document>
		<document><![CDATA[@notjessewalker Genuinely lol]]></document>
		<document><![CDATA[Robert Bork really missed out, this is an evening only he would have loved.]]></document>
		<document><![CDATA[The grift is on and it is going to be big -- the most bigly grift ever. All of our monies --&gt; Trump clan.]]></document>
		<document><![CDATA[@DouthatNYT @NickBaumann Viewed solely on its own terms, it's Saturday Night Massacre &amp; not fascism.]]></document>
		<document><![CDATA[This President cannot be left unchecked by independent forces committed to the rule of law and democracy. Patriotism over Party.]]></document>
		<document><![CDATA[Tonight makes clear:  McCain, Graham, Crapo, Rubio, Sasse, Lee, Flake, Portman, Hatch, Collins, Murkowski must vote no on Sessions &amp; SCOTUS.]]></document>
		<document><![CDATA[Thank you Jeff Zucker and James Comey and all of the others who brought us to this point.]]></document>
		<document><![CDATA[25th Amendment -- Pence must be salivating! 25th Amendment -- Pence must be salivating! 25th Amendment -- Pence mus… https://t.co/Hw00cO9h3m]]></document>
		<document><![CDATA[Read that chilling statement from a small handed petulant narcissist. We need @25thAmend_Sect4 and we need it fast.]]></document>
		<document><![CDATA[Local man with small hands deals poorly with woman telling him no. #Resist #TeamSpine https://t.co/7hAyixTPeK]]></document>
		<document><![CDATA[also very relevant @joshgerstein @atlblog @DavidLat https://t.co/AULHgY9Cas]]></document>
		<document><![CDATA[VERY VERY RELEVANT -- CC: @atlblog https://t.co/XdS1uzlHyh]]></document>
		<document><![CDATA[@Rooz739 I assume Boente &lt; integrity than Fardon, but will admit this DOJ succession beyond my expertise]]></document>
		<document><![CDATA[This ad, while I review recent tweets from @SallyQYates , is altogether too on the nose. Resident Evil indeed... https://t.co/oXVG4wUix9]]></document>
		<document><![CDATA[THIS THIS THIS https://t.co/uLjULvdNYM]]></document>
		<document><![CDATA[Interesting https://t.co/pQb0ybUePe]]></document>
		<document><![CDATA[..@RogerJStoneJr is going to be the only figure present in the two most corrupt administrations in American history. https://t.co/UFWoa8ckcS]]></document>
		<document><![CDATA[All decent people should follow @SallyQYates -- I mean that literally, figuratively, and seriously. #TeamSpine]]></document>
		<document><![CDATA[@jadler1969 @KDbyProxy see attached https://t.co/xTLeSbG6JL]]></document>
		<document><![CDATA[I had Walter Schaub as first fired in a move that reflected terribly on our wannabe tyrant pool. I lost. Sad!]]></document>
		<document><![CDATA[@jadler1969 @KDbyProxy Why not -- the plain language doesn't say Muslim Ban, but the President did, &amp; per Rudy G, that was the impetus?]]></document>
		<document><![CDATA[.@KDbyProxy @jadler1969 I believe https://t.co/9mehI8l64g explains the apparent disconnect here; do you disagree?]]></document>
		<document><![CDATA[Campaign 2016, due to media and the Clinton campaign and Putin and Comey, did not reflect the actual stakes. https://t.co/lOI1dvCj8a]]></document>
		<document><![CDATA[@newman_chris But what about Putin's preferences, Chris? To the crook ought to go the spoils... or something?!?!]]></document>
		<document><![CDATA[It's clearly going to family friend Hardiman for #SCOTUS &amp; his lack of independence from the Trump family is going to be disqualifying.]]></document>
		<document><![CDATA[Our three year old, who loves to pretend to be a train, is running around the apartment shouting "refugees are welcome on my train." #resist]]></document>
		<document><![CDATA[Career public servants for the win! https://t.co/DxCMeDC3Jv Like Schaub, who is mostly a career public servant.]]></document>
	</documents>
</author>