<author lang="en">
	<documents>
		<document><![CDATA[“The 14 Most Destructive Millennial Myths Debunked by Data” by @richienorton https://t.co/fhPyWrFeqS]]></document>
		<document><![CDATA[The Infrastructure Behind Twitter: Scale https://t.co/srxg2M8khR via @TwitterEng #tech]]></document>
		<document><![CDATA[“Apps are faltering. But progressive web apps seem pretty legit.” by @cameronmoll https://t.co/or4JHzWPvP #trends #apps # technololgy]]></document>
		<document><![CDATA[Analysis: Walmart should focus on its customers to succeed, not try to copy Amazon https://t.co/F8tG48piiG #cpg #trends #ecommerce]]></document>
		<document><![CDATA[“One Surprising Truth about Introverts” by @larrykim https://t.co/xxZxMSVZMY]]></document>
		<document><![CDATA[Enhancing the Online Customer Experience Will Give UK Grocery Retailers a Step Up in a Hot Market https://t.co/jTyRRJitUu via @ClavisInsight]]></document>
		<document><![CDATA[Amazon Seeks FCC Approval For Mobile Bands Based Technology https://t.co/gQAIwZNJjz]]></document>
		<document><![CDATA[Gadget trash is piling up in Asia https://t.co/OndA9x3OIc]]></document>
		<document><![CDATA[AI 100: The Artificial Intelligence Startups Redefining Industries https://t.co/JwhBwOMPmC via @cbinsights]]></document>
		<document><![CDATA[Online grocery GrubMarket breaks even, and wants to go public in 2018 https://t.co/LxMqA2iGec #startups]]></document>
		<document><![CDATA[The office wars heat up as one of Slack's main competitors buys Trello https://t.co/pZmT7JpDo9]]></document>
		<document><![CDATA[“Now I get it!” by Ralph Ammer https://t.co/Dp6qSczQyo]]></document>
		<document><![CDATA[I just lent to a borrower in Uganda. Join me on @Kiva today and impact a life too! https://t.co/N4xQYVvIs5]]></document>
		<document><![CDATA[China Consumer Tech Year In Review: Alibaba, Tencent, LeEco, Wanda Lead The Way via @forbes https://t.co/iyXMKjlgZ8]]></document>
		<document><![CDATA[I couldn't be happier, closing 2016 with great stories to tell! Can't wait for 2017... :) https://t.co/ldGZ13fy4z #innovation @clavisinsight]]></document>
		<document><![CDATA[50 Smartest Companies 2016 https://t.co/UYJemzkxAm #technology #innovation]]></document>
		<document><![CDATA[It just makes everything different starting the day with Christmas spirit🎅🏻🌲. I like it @ClavisInsight #Dublin https://t.co/CN22Jk61EW]]></document>
		<document><![CDATA[No - the most important word in every product manager’s playbook. https://t.co/XVSdedtr08 #productstrategy #product #startups]]></document>
		<document><![CDATA[Europe’s tech talent: Where they are, who they are and what they earn – according to analysis by Balderton Capital https://t.co/f3PpqMVkRA]]></document>
		<document><![CDATA[IRI and Clavis Insight Join Forces to Deliver Most Comprehensive E-commerce Measurement and Insights Solution https://t.co/VXh8YecBEy]]></document>
		<document><![CDATA[“Amazon is eating the software (which is eating the world)” by @swardley https://t.co/O8Ej0E6aZE]]></document>
		<document><![CDATA[Payments provider Stripe has raised another $150 at a $9B valuation https://t.co/HJJU2KAbfP]]></document>
		<document><![CDATA[Wondering where to follow the Black Friday &amp; Cyber Monday LIVE?? : Updates in Real-Time https://t.co/E8oFYSIeS9 @ClavisInsight #blackfriday]]></document>
		<document><![CDATA[Location Based eCommerce Tracking? Yes!! That is possible! https://t.co/nbX0X5ffvV #ecommerce #innovation #productmanagement @ClavisInsight]]></document>
		<document><![CDATA[“These 62 Websites Will Make You Incredibly Smarter” by @Alltopstartups https://t.co/pLBnjzN9Ge]]></document>
		<document><![CDATA["Minimum Viable Technology (MVT) — Move Fast &amp; Keep Shipping" https://t.co/0R22x18KKw by @ajayshr on @LinkedIn #tehnology]]></document>
		<document><![CDATA[Top 10 #eCommerce Trends To Follow in 2017 https://t.co/7c7PRPeY1e via @sharethis]]></document>
		<document><![CDATA[Deloitte reveals 50 Irish #companies with best growth https://t.co/HnLudPam2W via @siliconrepublic #ireland #technology]]></document>
		<document><![CDATA[The Current State Of E-Commerce Search https://t.co/tu7S5vbZrs via @smashingmag]]></document>
		<document><![CDATA[Charity Challenges | Trek for Charity | Plan International Challenges 2016 2017 https://t.co/PYJELJ99Ek]]></document>
		<document><![CDATA["How Tough #ProductManagers Pick Fights" https://t.co/hfooF2WWmn by @bdehaaff on @LinkedIn]]></document>
		<document><![CDATA[“The Three Jobs of #ProductManagement” by @cwodtke https://t.co/8IKuebq6I0 #product]]></document>
		<document><![CDATA[Google launches final release version of Angular 2.0 https://t.co/BRs9gVo9tH]]></document>
		<document><![CDATA[“The 44 Most-Loved Products Launched in Summer 2016” by @ProductHunt https://t.co/TFfwyGpyc5 #products]]></document>
		<document><![CDATA[“Prototyping an E-Commerce App in Flinto: Part 1 of 2” by @themmed https://t.co/xFQPw2guYZ]]></document>
		<document><![CDATA[“7 Surprising Ways Procrastination Can Boost Productivity” by @larrykim https://t.co/MGxUHlAS11]]></document>
		<document><![CDATA[The golden mean of design and engineering https://t.co/ZuDgw2jY2p #product]]></document>
		<document><![CDATA[“10 Steps to Unicornity” by @thealanclayton https://t.co/pJqb8M8QZn #startups]]></document>
		<document><![CDATA[I am so tired of all these articles " why I ...." I don't know if it is the poor content, the 'why' or the 'I' that annoys me more.]]></document>
		<document><![CDATA[@guillemarqueta @Thomasbcn Uohhh..difficult to say. It is a busy weekend here. Check HostelWorld or Airbnb and I guess you already did it :)]]></document>
		<document><![CDATA[Q&amp;A: What does a product manager do? https://t.co/Q1cmKbdkvS #intercom]]></document>
		<document><![CDATA[Our Time in Techstars: Recreating Our Company in Three Months https://t.co/xWerw0o7DK via @Techstars]]></document>
		<document><![CDATA[“The State Of JavaScript: Front-End Frameworks” by @SachaGreif https://t.co/YDF8Fs9JIN]]></document>
		<document><![CDATA[To stay competitive, Walmart and Target turn to #startups for help https://t.co/wR5GJzLMen via @engadget #technology #incubator]]></document>
		<document><![CDATA[I just lent to a borrower in Vietnam. Join me on @Kiva today and impact a life too! https://t.co/FWxLMw0Uni]]></document>
		<document><![CDATA[“4 Ways to Reduce Internet Latency” by @datapath_io https://t.co/8wDayF7iqJ]]></document>
		<document><![CDATA[“What is an API? In English, please.” by @PetrGazarov https://t.co/cyfFVopEtC]]></document>
		<document><![CDATA[“What did Billion Dollar Companies Look Like at the Series A?” by @todfrancis https://t.co/6lfg4fLdqf]]></document>
		<document><![CDATA[“The Ten Types of Corporate Innovation Programs” by @jowyang https://t.co/BcFVJ6KCy4 #innovation]]></document>
		<document><![CDATA[“How We Changed the Facebook
Friends Icon” by @caitlinwinner https://t.co/IZABr5doIe]]></document>
		<document><![CDATA[“When there’s a rocketship, you don’t worry about which seat you’re assigned, you just get on!”  by @joulee https://t.co/WtVkJXxRhS]]></document>
		<document><![CDATA[The World's 50 Most Innovative Companies #FCMostInnovative https://t.co/WXL0anpLBF]]></document>
		<document><![CDATA[“Slack’s $2.8 Billion Dollar Secret Sauce” by @awilkinson https://t.co/hLXaHiIBRl]]></document>
		<document><![CDATA[“Building Products” by @joulee https://t.co/29IWsCNFsS]]></document>
		<document><![CDATA[“What Product Managers Actually Do” by @iamctodd https://t.co/bmySp0QenB]]></document>
		<document><![CDATA[“Machine Learning is Fun!” by @ageitgey https://t.co/QLounxWnh7]]></document>
		<document><![CDATA[I just lent to a borrower in Philippines. Join me on @Kiva today and impact a life too! https://t.co/QUObFOrbhN]]></document>
		<document><![CDATA[“Anything Is Possible If You Pay The Price” by @BenjaminPHardy https://t.co/0bZNcuV7G8]]></document>
		<document><![CDATA[“Do You Take Yourself Seriously?” by @sarahcpr https://t.co/XMaNiqpuso]]></document>
		<document><![CDATA[“Building Products” by @joulee https://t.co/C3UeveHBQf #productmanagement]]></document>
		<document><![CDATA[“Meet the Woman Who’s Created the 21st Century Finance Model for Emerging Technologies” by @rahilla https://t.co/WrCZkDtjWF]]></document>
		<document><![CDATA[The Product Manager's Product Launch Framework https://t.co/h1mr4o59EH #product #technology]]></document>
		<document><![CDATA[The best surf beaches for beginners in Ireland https://t.co/hRAibdWa3d]]></document>
		<document><![CDATA[“9 Useful Apps for Product Managers” by @ProductHunt https://t.co/S5fW207hhb #productmanager #startups]]></document>
		<document><![CDATA[Sailing after work. Thursdays sailing. Freedom.  #ireland #sailing @ Dun Laoighre Harbour https://t.co/vnjPHM0fLW]]></document>
		<document><![CDATA[First 6 months completed at @ClavisInsight! it seems was yesterday when I joined.Next goal " 1 year"! Because small achievements matter! :)]]></document>
		<document><![CDATA[@joelesina cool!!]]></document>
		<document><![CDATA[@joelesina mmm I am not convinced. But why did they change it?]]></document>
		<document><![CDATA[Interesting. I have seen some of the complexities he mentions. But I did like agile. https://t.co/Ty7taS8fcJ]]></document>
		<document><![CDATA[10 Interesting #Ecommerce Trends for 2016 and Beyond https://t.co/w8hty5xyHs]]></document>
		<document><![CDATA[The appreciation of time "5 months without a phone"  https://t.co/PzB00vae7Z #blog #wordpress #medium #story #internet #freedom]]></document>
		<document><![CDATA[New video uploaded from Barcelona "Spring - S2016 #6" on @Vimeo https://t.co/M34RF8Dpec #vimeo #iphone6s #4k #barcelona]]></document>
		<document><![CDATA[Sweets in the office @ClavisInsight https://t.co/BEVR2bus4k]]></document>
		<document><![CDATA[Inside the mind of a master procrastinator | Tim Urban https://t.co/ZvMFjIrjfl via @YouTube]]></document>
		<document><![CDATA[Lessons Learned in Growing a Product https://t.co/LJvNvmMbGx]]></document>
		<document><![CDATA[Watch "Easter in Barcelona S2016 #4" on @Vimeo https://t.co/2x3W0a9L2y #iphone6s #4k #vimeo]]></document>
		<document><![CDATA[Muse concert in Dublin. No words. First time in a concert. One of my favourite groups,listening… https://t.co/2sr4UPFO5L]]></document>
		<document><![CDATA[“A Product Manager’s Job” by @joshelman https://t.co/t3HrUuG6IM #product #startups #technology]]></document>
		<document><![CDATA[“You don’t have to build a scalable startup.” by @Jonwestenberg https://t.co/87v1C71cd8 #startups #technology]]></document>
		<document><![CDATA[9. Found in #dublin #ireland @ Grand Canal Dock https://t.co/8v8CFvvKQw]]></document>
		<document><![CDATA[@intercom Is this real?! 25€! Guys, I love what you do but I find it expensive..Anyway.. I keep following you :)]]></document>
		<document><![CDATA[Easily deploy an SSD cloud server on @DigitalOcean in 55 seconds. Sign up using my link and receive $10 in credit: https://t.co/3Ef1dpVAvy]]></document>
		<document><![CDATA[@Daniel_Kyne Thanks! Yes I agree. It is impressive :)]]></document>
		<document><![CDATA[These are 50 of Europe’s fastest-growing tech companies (fine, they’re baby EUnicorns) https://t.co/1OPLyr5jyx @VentureBeat @clavisinsight]]></document>
		<document><![CDATA[This is #dublin. Some pictures I have been taking this afternoon :) @ Dublin, Ireland https://t.co/ntueESmMty]]></document>
		<document><![CDATA[How Airbnb designs for trust https://t.co/ZGA9yJGqOJ]]></document>
		<document><![CDATA[I just lent to a borrower in Kenya. Join me on @Kiva today and impact a life too! https://t.co/r5tjSy8VoC]]></document>
		<document><![CDATA[Lindiwe is 22, from rural Zimbabwe and a mogul in the making @kiva https://t.co/0b2Mjh4oEa]]></document>
		<document><![CDATA[My short new video with an iPhone 6s 4k in Dublin https://t.co/Uc3f7mEyZw #dublin #cinematic #iphone6s]]></document>
		<document><![CDATA[“Five app prototyping tools compared: Proto.io, Pixate, Origami, Framer &amp; Form” by @cptv8 https://t.co/x9NXuPvIBC]]></document>
		<document><![CDATA[“Why every father should bring his toddler out for a mini adventure.” by Stefen Chow https://t.co/dqEDZkQ12A]]></document>
		<document><![CDATA[Winning Strategies for #Brands: Get the Most from Your Online Ratings &amp; Reviews Part 1 https://t.co/HIUV9RBRvw cc@clavisinsight]]></document>
		<document><![CDATA[#ProductManagement Tools. Building products from end to end - https://t.co/f5NT5kJkOs #startups #tools #product #technology]]></document>
		<document><![CDATA[“32 of the Best Productivity Tools You’ll Ever Need” by @ProductHunt https://t.co/IVp38KYGWi]]></document>
		<document><![CDATA[“Things I Wish Someone Had Told Me When I Was Learning How to Code” by @cecilycarver https://t.co/s709U1TsFc]]></document>
		<document><![CDATA[22 Gorgeous Startup Offices You Wish You Worked In https://t.co/IAXmfnGOja via @IAM486 @buzzfeed]]></document>
		<document><![CDATA[Amazon Changes Tack to Bring Online Grocery Sales Under “.com” Banner in the US https://t.co/fMduJegneu cc @clavisinsight]]></document>
		<document><![CDATA[Software Release Management Tutorial https://t.co/gTZEd9cuOd #ReleaseManagement #DevOps #Agile #Lean #SoftwareRelease via @toptalllc]]></document>
		<document><![CDATA[7 steps for supermarket online growth https://t.co/c7TXDMHsu0 via @SN_news]]></document>
		<document><![CDATA[Believe it or not, 5 months without phone!!. Last days enjoying my freedom :)!]]></document>
	</documents>
</author>